timestamp,wind,temperature,humidity,label
2026-01-01 00:00:00,2.666435964585924,22.127560873875755,40.41856193830021,0
2026-01-01 00:00:10,3.3031545854419577,21.81221024562602,40.81384006537895,0
2026-01-01 00:00:20,2.8285859502737574,21.63036686490116,36.0811764809596,0
2026-01-01 00:00:30,3.2851109047190707,21.59486755186623,40.47137099889291,0
2026-01-01 00:00:40,2.788996859487778,21.144151737569505,39.05578755861362,0
2026-01-01 00:00:50,3.1793161400737824,21.782246910189926,40.1663838845648,0
2026-01-01 00:01:00,2.8199238449682267,22.378975928418654,40.43655100189327,0
2026-01-01 00:01:10,2.8093320779176083,21.994601110104828,38.41343360656615,0
2026-01-01 00:01:20,2.931164863850413,22.15573956530245,38.10232132911604,0
2026-01-01 00:01:30,3.3275976793073014,21.468725580440626,40.29529185380368,0
2026-01-01 00:01:40,3.0655914948161587,22.352704415579446,38.48637198570234,0
2026-01-01 00:01:50,2.525011735938934,21.815744491616083,41.58568333932838,0
2026-01-01 00:02:00,2.66083430859553,22.05377155305121,40.87318419206956,0
2026-01-01 00:02:10,3.266324537878007,21.664312990710943,39.53618143622318,0
2026-01-01 00:02:20,2.547554013135755,22.439858790313927,39.733401818094016,0
2026-01-01 00:02:30,2.87688500739411,22.325010328957678,42.034360042856235,0
2026-01-01 00:02:40,2.6886510370453554,21.969678501988724,41.45944530063368,0
2026-01-01 00:02:50,3.2386786391687825,21.98566958435602,42.34696548372101,0
2026-01-01 00:03:00,2.8804084829954397,21.9756543650101,37.871874312112894,0
2026-01-01 00:03:10,3.312747485201826,21.912131244864995,40.535668857267616,0
2026-01-01 00:03:20,2.763222501390624,22.29748451350849,39.68175786743256,0
2026-01-01 00:03:30,2.8719393617880833,22.36616084708083,40.49312666448952,0
2026-01-01 00:03:40,3.411558640064933,22.070221317581932,39.536067180333134,0
2026-01-01 00:03:50,3.2019376508321926,21.843156738747137,37.80472757780182,0
2026-01-01 00:04:00,2.203447185730959,22.138207177555508,39.40672532262956,0
2026-01-01 00:04:10,2.9132589430590174,21.935485715333595,40.60607628522181,0
2026-01-01 00:04:20,2.717082957459821,22.56158349546372,39.97217379323254,0
2026-01-01 00:04:30,2.497948613402933,22.02409208397641,43.69486316872793,0
2026-01-01 00:04:40,3.143326229830058,21.896388542104443,39.1379361885799,0
2026-01-01 00:04:50,2.873550533898035,22.45712912580601,41.12789954903016,0
2026-01-01 00:05:00,2.759451646995092,22.55360628757307,42.10780795881728,0
2026-01-01 00:05:10,3.417697726047571,21.603785469947724,39.15055340559584,0
2026-01-01 00:05:20,3.5119814861035383,22.349435766254153,40.01371651861021,0
2026-01-01 00:05:30,2.890338210950237,21.575078514509556,40.710388645952776,0
2026-01-01 00:05:40,3.1861644647885203,21.935625049254774,39.41760340153508,0
2026-01-01 00:05:50,2.7343462878513454,22.325406886947867,38.153703525349066,0
2026-01-01 00:06:00,3.4091659573251314,23.015665086507735,39.51326356325666,0
2026-01-01 00:06:10,2.9382399848713483,22.10395311769937,41.17273430766596,0
2026-01-01 00:06:20,3.389819044279346,21.65314153758018,40.92646126826672,0
2026-01-01 00:06:30,3.365121239094033,22.11722898931947,38.92847287296045,0
2026-01-01 00:06:40,3.034966602398294,21.63494353229223,41.04934739232087,0
2026-01-01 00:06:50,3.4316877989695067,22.420350319464013,39.71216940470524,0
2026-01-01 00:07:00,3.183097448400548,22.06087158406384,42.10331069326413,0
2026-01-01 00:07:10,3.75367790448078,22.727345873216937,42.94053558496201,0
2026-01-01 00:07:20,3.4931384486707917,22.843758555728492,41.296795609950365,0
2026-01-01 00:07:30,3.6789771834346814,23.26360206445727,43.093738825139525,0
2026-01-01 00:07:40,4.241876394137327,23.3613880011076,46.734422159061744,0
2026-01-01 00:07:50,4.185419752697056,22.978078419845534,44.63213701057185,0
2026-01-01 00:08:00,4.140730208120107,23.893154000243925,45.37531339780336,0
2026-01-01 00:08:10,4.472545636580437,23.762760283335503,46.74034081794774,0
2026-01-01 00:08:20,4.576174220197732,24.233114938471083,47.71223783501298,0
2026-01-01 00:08:30,4.764904990812257,23.922186014236555,46.82036801569772,0
2026-01-01 00:08:40,5.14202184807279,24.42774366146533,48.630074938601005,0
2026-01-01 00:08:50,5.5192541611273125,24.66928611688354,47.85772977527631,0
2026-01-01 00:09:00,5.544818035105809,24.81540825784389,50.20578049099379,0
2026-01-01 00:09:10,5.713239708819548,24.712297571071968,51.38200460417195,0
2026-01-01 00:09:20,5.847691058657978,25.01882868825464,50.97111578653752,0
2026-01-01 00:09:30,5.884774831529354,25.40717954433975,52.20524732214572,0
2026-01-01 00:09:40,6.2874712656667056,25.602191911822192,53.33088132797209,0
2026-01-01 00:09:50,6.364307188767488,25.869688847452924,52.84284758871899,0
2026-01-01 00:10:00,6.10282025900133,25.54976948203785,53.49835613144267,0
2026-01-01 00:10:10,6.328814216434126,26.188109157388112,53.46533725814994,0
2026-01-01 00:10:20,6.308967365670567,26.50719136258099,54.25213486127677,0
2026-01-01 00:10:30,6.849373075841497,26.332063917911235,54.998516085938604,0
2026-01-01 00:10:40,7.312076028226576,26.838565300021326,56.54957634506267,0
2026-01-01 00:10:50,6.912492305291459,27.71671078721774,58.5100804249872,1
2026-01-01 00:11:00,7.606020431523675,27.448629793281462,57.3484766115932,1
2026-01-01 00:11:10,7.588414803373347,27.714405923198484,57.37143025252429,1
2026-01-01 00:11:20,7.577766917822831,27.09926029227284,57.89484758890992,1
2026-01-01 00:11:30,8.165593679454965,27.69972587265489,59.01548642682275,1
2026-01-01 00:11:40,3.5296362720843293,22.161992684384384,38.108674068497436,0
2026-01-01 00:11:50,3.2753585841164328,22.150918506184162,42.477026479719235,0
2026-01-01 00:12:00,2.544189010213796,21.8063063708535,41.90036672377993,0
2026-01-01 00:12:10,2.7876991603143657,21.90504321551733,42.808008520708455,0
2026-01-01 00:12:20,2.0276197979792783,21.590244943466285,39.62114777291026,0
2026-01-01 00:12:30,2.6256650454105452,22.617227060743634,41.98489571072685,0
2026-01-01 00:12:40,3.4323819867198346,21.425655139528224,41.74474562823244,0
2026-01-01 00:12:50,3.003069918305876,21.91901698966738,40.091344910675744,0
2026-01-01 00:13:00,3.0340552035753743,22.26485226980842,42.379025224218026,0
2026-01-01 00:13:10,2.6286553503519454,22.274739405106388,40.106458623459616,0
2026-01-01 00:13:20,3.08429756032051,21.750920192071764,39.687816624464084,0
2026-01-01 00:13:30,2.85209971960235,21.751105134037488,39.46676703862546,0
2026-01-01 00:13:40,3.2698799626299753,22.122919808350645,41.21929317825844,0
2026-01-01 00:13:50,3.188888652577084,22.22069480418603,38.934808063108775,0
2026-01-01 00:14:00,2.9937295218107556,22.046930953323514,41.916497343682636,0
2026-01-01 00:14:10,2.822528583349251,22.621143910335732,39.34072318678859,0
2026-01-01 00:14:20,3.3916436421462985,22.008401536653103,41.02292945694244,0
2026-01-01 00:14:30,2.9069199730219633,21.891583815084584,39.08035797563743,0
2026-01-01 00:14:40,3.0290987894978154,22.238062810174764,38.77266897514979,0
2026-01-01 00:14:50,3.627716182705638,22.48196916871143,38.20500929617972,0
2026-01-01 00:15:00,3.1872359451156465,22.25133820370571,39.98162984072963,0
2026-01-01 00:15:10,2.7308236885542505,21.16399290054789,42.655647274850075,0
2026-01-01 00:15:20,2.7523508409622464,21.871445663338804,40.61939718141343,0
2026-01-01 00:15:30,2.8308826341588076,21.826678637238977,40.3057340912912,0
2026-01-01 00:15:40,2.8586885083145033,22.092819974943055,37.82787348775401,0
2026-01-01 00:15:50,2.5777608676870334,21.734309022678232,42.04016704937226,0
2026-01-01 00:16:00,3.0932722696794013,22.590142486779822,41.28648943480303,0
2026-01-01 00:16:10,2.952018441010972,21.879070303169478,39.993155756514554,0
2026-01-01 00:16:20,3.0968155681014267,21.66910762257907,40.77901977136176,0
2026-01-01 00:16:30,3.459821673900773,21.421756011011166,38.73379462972339,0
2026-01-01 00:16:40,3.067227744543125,22.00503696031272,40.14651414782325,0
2026-01-01 00:16:50,2.76809706484336,22.91030451902688,40.609340027574895,0
2026-01-01 00:17:00,3.645954737253467,21.69306097484478,41.308480955081016,0
2026-01-01 00:17:10,3.0550026017215055,21.955627225748195,41.464463689721654,0
2026-01-01 00:17:20,2.7480834473457674,21.76024294182239,36.81415641353529,0
2026-01-01 00:17:30,2.842273493495772,21.234917393174314,40.543714688207956,0
2026-01-01 00:17:40,2.7304755985954925,22.196767668602604,38.01965018946904,0
2026-01-01 00:17:50,3.549437629756306,21.970555553683237,39.57666821651918,0
2026-01-01 00:18:00,2.4860596412727367,22.541548949666165,39.828190232121074,0
2026-01-01 00:18:10,3.3713448935920387,21.956548534364458,39.91677256255349,0
2026-01-01 00:18:20,3.001573109915455,22.018792237505895,39.324901792781134,0
2026-01-01 00:18:30,3.1868549797042496,21.452563953783258,40.803237714962805,0
2026-01-01 00:18:40,2.5397657487793133,22.511070728759403,40.498471017969386,0
2026-01-01 00:18:50,2.775454039033034,22.045944587285558,42.32689428209946,0
2026-01-01 00:19:00,3.618224377464596,22.702136336977283,39.62655377728139,0
2026-01-01 00:19:10,3.2914712852863066,22.59561806955379,41.31673775272017,0
2026-01-01 00:19:20,3.3175273460548764,21.296504205430754,38.22511223100134,0
2026-01-01 00:19:30,2.38823034667197,22.08005376766937,36.74370125780438,0
2026-01-01 00:19:40,3.4885846636713875,21.447959416714042,37.44492634096727,0
2026-01-01 00:19:50,2.9833356903310144,21.99752034413045,40.604678990628365,0
2026-01-01 00:20:00,2.608659149848544,22.267869019532014,40.54989736914527,0
2026-01-01 00:20:10,2.7180360641017933,22.29894721264472,39.56396153795343,0
2026-01-01 00:20:20,2.704282186099337,22.201618606207138,39.20461357244134,0
2026-01-01 00:20:30,2.762138150321297,21.42636445230699,39.71270076413006,0
2026-01-01 00:20:40,3.589417539874917,22.01410542078869,38.95041173801112,0
2026-01-01 00:20:50,3.0641939732202665,22.340541705840202,39.06945441619667,0
2026-01-01 00:21:00,2.8408496557168417,21.769672703742128,39.587422454272534,0
2026-01-01 00:21:10,2.3094236505793244,21.749390326924583,36.71180491563703,0
2026-01-01 00:21:20,3.17296708891673,22.124500061817415,44.61832121268286,0
2026-01-01 00:21:30,3.335872473430373,22.609514964077523,36.314879414704784,0
2026-01-01 00:21:40,2.773094776414709,21.43109851616093,39.03014067363621,0
2026-01-01 00:21:50,2.6755355989156815,22.087289093012437,41.36584618355662,0
2026-01-01 00:22:00,2.997608207605015,22.59197765555601,40.116052461471426,0
2026-01-01 00:22:10,2.7416147396015207,21.82379817645059,42.37305727444567,0
2026-01-01 00:22:20,2.7373145239845726,21.446880107614266,41.38926632129746,0
2026-01-01 00:22:30,3.5728249921410393,22.011076372646485,40.191048217805736,0
2026-01-01 00:22:40,2.804807229263452,21.80514984649412,39.1114091136417,0
2026-01-01 00:22:50,2.7408027690960552,20.998896191335113,41.02696330233275,0
2026-01-01 00:23:00,2.928315585940077,21.63697453518336,39.1348430041475,0
2026-01-01 00:23:10,3.2266173677477266,22.21132664385215,40.311255227738705,0
2026-01-01 00:23:20,2.4991784156635886,22.217344076951974,39.00606436158123,0
2026-01-01 00:23:30,3.171179600577948,22.111902939914685,35.888567733310445,0
2026-01-01 00:23:40,3.0779167505164446,21.638273349958236,40.95788868816606,0
2026-01-01 00:23:50,2.501543981319312,23.11351096939562,37.583491585067165,0
2026-01-01 00:24:00,2.7418759904148144,21.846177782308068,41.50943921382166,0
2026-01-01 00:24:10,2.8269324391430555,22.442531641931378,41.15745722395201,0
2026-01-01 00:24:20,2.2585066499618134,21.68124189781181,40.86560819077081,0
2026-01-01 00:24:30,2.939086384187102,22.06789171375615,40.134090878718474,0
2026-01-01 00:24:40,3.02597693624187,21.937729105843168,41.75167309248971,0
2026-01-01 00:24:50,3.076326252990364,21.7621935789103,40.88249277769096,0
2026-01-01 00:25:00,3.118335642713489,21.831606207671896,40.43466228534462,0
2026-01-01 00:25:10,3.6226202395936316,21.891918672528984,41.42142540649211,0
2026-01-01 00:25:20,2.388562639446644,21.59676547563304,37.19381211846122,0
2026-01-01 00:25:30,2.8945459547876076,21.36789922530259,40.024080127965895,0
2026-01-01 00:25:40,3.248821674355047,21.115545876396848,40.35342183716285,0
2026-01-01 00:25:50,3.23125955816609,22.06607775204823,40.85340501170446,0
2026-01-01 00:26:00,3.101548922248324,21.83388483443968,40.94917279915943,0
2026-01-01 00:26:10,3.6812078573413185,21.80504199043154,40.60573083801896,0
2026-01-01 00:26:20,3.2491007449632736,21.657566469636453,40.107349355829086,0
2026-01-01 00:26:30,2.856702765970465,21.86098930649082,41.243708026877904,0
2026-01-01 00:26:40,2.9190375194119884,21.608494513687077,39.33356010988583,0
2026-01-01 00:26:50,3.1131901479134556,22.385540127486145,41.46033617128018,0
2026-01-01 00:27:00,3.12403047096711,22.750718325023225,38.83931620134464,0
2026-01-01 00:27:10,2.626603589006575,22.068237681432347,41.25334809752486,0
2026-01-01 00:27:20,3.1963096969062175,21.977766131635818,40.41995293947973,0
2026-01-01 00:27:30,2.6623532858104872,21.91886151213194,40.07037315242539,0
2026-01-01 00:27:40,3.032818438381468,22.290306649559476,40.72151384760507,0
2026-01-01 00:27:50,3.067165207283739,22.10009757302946,38.29036835776494,0
2026-01-01 00:28:00,3.477955987991819,21.795513729427526,38.51559276961213,0
2026-01-01 00:28:10,2.9622639239701054,23.015476440694993,40.78592900066169,0
2026-01-01 00:28:20,2.952597630426303,21.829247572021032,38.481843437109745,0
2026-01-01 00:28:30,2.503542998440269,21.908048171421445,40.942210020221005,0
2026-01-01 00:28:40,2.8992645902129617,22.667608610115757,39.61061297295459,0
2026-01-01 00:28:50,2.549057114064568,21.997338618147506,38.02128243219708,0
2026-01-01 00:29:00,2.930719640937397,22.278482545925367,42.77343414241802,0
2026-01-01 00:29:10,3.3379695088643273,21.593123131781844,40.775003962972185,0
2026-01-01 00:29:20,2.919333392833551,21.55738963650333,43.860039704874794,0
2026-01-01 00:29:30,3.0177655302043465,21.68698251790621,41.011420703120166,0
2026-01-01 00:29:40,2.8279013979359293,21.781256423503844,39.950870094676006,0
2026-01-01 00:29:50,2.8369725686598706,22.555432907616115,36.01097296442594,0
2026-01-01 00:30:00,3.3738255577492886,21.17064390703674,39.485968608879475,0
2026-01-01 00:30:10,2.8885677402012626,21.940048813295014,40.79164714139749,0
2026-01-01 00:30:20,2.6668272463602514,22.70090817736945,41.40351758972119,0
2026-01-01 00:30:30,3.3814665284982475,21.718211958616187,38.90752727507817,0
2026-01-01 00:30:40,2.842643920116068,22.195749824491166,38.16680828666208,0
2026-01-01 00:30:50,3.2138995290517163,22.32554556324944,38.58937933814815,0
2026-01-01 00:31:00,2.891710150254276,22.463731921345698,38.378405008600154,0
2026-01-01 00:31:10,3.184780682083279,21.33208833117264,42.647030401394076,0
2026-01-01 00:31:20,2.843183093844288,22.419603690334757,38.94348446418586,0
2026-01-01 00:31:30,2.577461611090932,22.302540627714954,37.880463481987334,0
2026-01-01 00:31:40,2.3754211776348835,22.678582547316015,40.31652620080393,0
2026-01-01 00:31:50,2.9709860664388823,22.388729076069094,39.95356262404514,0
2026-01-01 00:32:00,2.8909163363358434,21.977221750511575,40.46170265333809,0
2026-01-01 00:32:10,2.4869494822030123,21.750858198759488,39.37278544898609,0
2026-01-01 00:32:20,3.005530179919618,22.13903268214467,39.190360479535954,0
2026-01-01 00:32:30,2.766508582379306,21.34816280560947,40.82779548296425,0
2026-01-01 00:32:40,3.308746691197693,22.189038992965216,40.38404460147081,0
2026-01-01 00:32:50,3.294807295183654,21.59849684337465,40.76544458437348,0
2026-01-01 00:33:00,2.4477377306005064,21.48816921330572,39.062772133456484,0
2026-01-01 00:33:10,3.00782731506325,21.860794765481266,40.29783754434444,0
2026-01-01 00:33:20,2.8165446591024157,21.43733556126071,38.61515013083364,0
2026-01-01 00:33:30,2.5944946183151,22.22958678368067,37.36963942313697,0
2026-01-01 00:33:40,3.1479953702642667,22.07393444947795,38.71246332972818,0
2026-01-01 00:33:50,3.2100929638226976,22.243026745732543,37.72123002552073,0
2026-01-01 00:34:00,3.7680253614806385,21.96157604011014,41.72390998942851,0
2026-01-01 00:34:10,2.7890470724622336,22.071938167491222,39.49772159143583,0
2026-01-01 00:34:20,2.8119098826636697,22.72497942319877,41.061627903183215,0
2026-01-01 00:34:30,2.83125996723172,21.564887625895295,41.39422376101715,0
2026-01-01 00:34:40,2.7818588472525394,21.9009925457794,39.88834985634993,0
2026-01-01 00:34:50,3.1862016292652036,22.42582747121068,40.179408503330606,0
2026-01-01 00:35:00,3.167937134379312,22.432312290221848,41.25088323182336,0
2026-01-01 00:35:10,3.137754023768531,21.3893792553209,39.91314263899332,0
2026-01-01 00:35:20,3.1288854657397756,22.083075074865246,40.40736825579306,0
2026-01-01 00:35:30,2.616975427253907,22.178655892606834,39.68009143605131,0
2026-01-01 00:35:40,2.9881334538430036,22.27260027894905,40.04247756419569,0
2026-01-01 00:35:50,3.0089268418487234,21.437936031054218,40.75155001527602,0
2026-01-01 00:36:00,3.066640131490114,21.80850055133461,41.88363418836028,0
2026-01-01 00:36:10,2.731617809334149,22.16502815865765,37.105473105528766,0
2026-01-01 00:36:20,3.3095533618405906,21.40577585078521,40.40057539880389,0
2026-01-01 00:36:30,3.266889238687031,22.28535983608218,40.07052581968562,0
2026-01-01 00:36:40,2.844813464969888,22.563738976074234,43.44834718542887,0
2026-01-01 00:36:50,2.8911484318681024,21.32727186994671,37.36210150000878,0
2026-01-01 00:37:00,2.8739439548712427,21.887286156455797,37.983324233448585,0
2026-01-01 00:37:10,2.7244044160547407,21.226528679556974,38.18890625253044,0
2026-01-01 00:37:20,3.295296719542975,21.914404462309797,39.92580443552135,0
2026-01-01 00:37:30,3.2024458476499813,22.466841165753454,42.431662836681575,0
2026-01-01 00:37:40,2.808678004724605,21.787601217999274,39.065289210362856,0
2026-01-01 00:37:50,2.8333568642519236,21.80161238146941,39.74782765656206,0
2026-01-01 00:38:00,3.4261512743969567,21.77170148250021,38.75146664034366,0
2026-01-01 00:38:10,3.1414246669159214,21.717915705468087,38.94456990561033,0
2026-01-01 00:38:20,3.4642515603990187,22.71835106923821,39.080816964273424,0
2026-01-01 00:38:30,2.8836895320192046,22.217399641115737,41.625414480858204,0
2026-01-01 00:38:40,2.9469158317517854,21.680681102184618,37.93102115797821,0
2026-01-01 00:38:50,2.7807209880174244,21.66363648078086,39.98758288817493,0
2026-01-01 00:39:00,2.8447166102891486,22.08951518065556,39.97536565589087,0
2026-01-01 00:39:10,3.356517982034425,22.482251231181134,40.51470257652531,0
2026-01-01 00:39:20,3.2045674468878933,22.738682930294413,40.875892277988946,0
2026-01-01 00:39:30,2.892212372763882,22.37319865706023,40.63252738586839,0
2026-01-01 00:39:40,3.246144654359209,22.20290961244292,41.60001203438373,0
2026-01-01 00:39:50,3.3507886771337017,21.74032347003853,40.72084316111612,0
2026-01-01 00:40:00,2.9498645759049436,22.05868547457333,41.809763449762535,0
2026-01-01 00:40:10,2.7549192987038293,22.1673010219144,40.60061804385766,0
2026-01-01 00:40:20,3.057329720405971,22.01857461926246,37.96021578853012,0
2026-01-01 00:40:30,3.223876069808166,22.598053498206966,40.320445636642766,0
2026-01-01 00:40:40,3.0748151051132266,22.63098131190539,39.85705670141957,0
2026-01-01 00:40:50,3.0837064577311017,22.0702183319562,40.61276852256614,0
2026-01-01 00:41:00,3.3220895249579314,21.589393880235576,40.19945451122032,0
2026-01-01 00:41:10,2.789963755518248,21.80794725292166,40.19170404605018,0
2026-01-01 00:41:20,2.8323234458185236,22.15088475002581,42.34828604385151,0
2026-01-01 00:41:30,2.9802749216781037,21.319602579224497,39.39026068495561,0
2026-01-01 00:41:40,2.565595829875127,21.120477617351966,40.660021675079996,0
2026-01-01 00:41:50,2.849383732694217,22.44874127577074,41.96581573703832,0
2026-01-01 00:42:00,3.195060353387598,21.96032965448825,42.769955494071496,0
2026-01-01 00:42:10,2.678974570102154,22.359155415504137,39.690149247353006,0
2026-01-01 00:42:20,2.624538172742867,22.577505841629304,39.876773232411146,0
2026-01-01 00:42:30,3.3351887494764383,22.107867742958828,39.65491534660543,0
2026-01-01 00:42:40,3.170930184069661,22.179083424006926,40.964084139801315,0
2026-01-01 00:42:50,3.3987457590397296,22.499680706995015,40.737106850529244,0
2026-01-01 00:43:00,2.797082309382219,22.720376173164325,39.939763074033486,0
2026-01-01 00:43:10,2.5707674693645854,21.363438141001485,40.84705159380423,0
2026-01-01 00:43:20,2.866144970035566,21.244183707621787,39.32154052112639,0
2026-01-01 00:43:30,2.272836202011313,22.409408608986265,38.35955658090491,0
2026-01-01 00:43:40,2.7099071570612363,21.980915457543208,39.994596191364145,0
2026-01-01 00:43:50,2.6524905932422373,22.20995551146558,42.67243763563805,0
2026-01-01 00:44:00,3.0416765615895107,21.387479539472714,39.7528226174794,0
2026-01-01 00:44:10,3.030269817067107,21.899513997031523,40.38556637378071,0
2026-01-01 00:44:20,3.692870638703238,22.592252858380103,40.76215434355054,0
2026-01-01 00:44:30,3.614516556271232,23.0198066309758,42.92463368291277,0
2026-01-01 00:44:40,3.6785927406507013,22.60591896668833,43.36488998028025,0
2026-01-01 00:44:50,3.912030410417683,23.26855796600832,43.968505135015306,0
2026-01-01 00:45:00,4.209910543063867,23.03942943653183,45.317394065634325,0
2026-01-01 00:45:10,4.2061865876051465,24.02257826178758,43.9774788485771,0
2026-01-01 00:45:20,4.680526093966383,23.659373235038796,44.68191532971889,0
2026-01-01 00:45:30,4.403222833189136,23.703895807541706,46.424165946401914,0
2026-01-01 00:45:40,4.771233764273766,23.827889998818428,46.64231207440568,0
2026-01-01 00:45:50,5.261787405055705,24.718262951030212,47.76965700300737,0
2026-01-01 00:46:00,5.00760069563364,24.43600939801548,48.61351797273041,0
2026-01-01 00:46:10,4.9621081536269855,24.522787038772996,46.99808259278908,0
2026-01-01 00:46:20,5.41317795785439,24.994158781910823,48.850146871033964,0
2026-01-01 00:46:30,5.814797352658006,24.632270301099297,48.53562511979018,0
2026-01-01 00:46:40,5.7115570303786605,25.514129490783645,52.35059435812453,0
2026-01-01 00:46:50,5.741556480759545,25.723604250029386,51.29482486383262,0
2026-01-01 00:47:00,5.965474540011836,25.865097981246002,52.65232287841342,0
2026-01-01 00:47:10,5.851388235269816,26.24296210491777,54.04675802081412,0
2026-01-01 00:47:20,6.208220793031427,26.118741060031223,53.827363519616064,0
2026-01-01 00:47:30,6.552134753164782,26.034908453846374,53.328376632061946,0
2026-01-01 00:47:40,6.661555852468377,26.751818705777808,55.210266821261094,0
2026-01-01 00:47:50,6.759210466916112,26.831509613194505,52.48479071270326,0
2026-01-01 00:48:00,7.229753140074421,26.27808586636657,55.63755905859687,0
2026-01-01 00:48:10,6.942732687741438,26.611595557283728,57.82749345404519,1
2026-01-01 00:48:20,7.239793093070956,27.303951164519216,57.286412754454155,1
2026-01-01 00:48:30,7.595408165444624,27.423046567318075,56.71700777581143,1
2026-01-01 00:48:40,7.865920030556095,27.451873025051608,57.11008476800692,1
2026-01-01 00:48:50,7.747710301140151,28.250227937190292,60.18355507544682,1
2026-01-01 00:49:00,3.2541237029955106,22.48900036595475,41.821763927958024,0
2026-01-01 00:49:10,2.9731432169256284,22.412113381612738,40.35818373853977,0
2026-01-01 00:49:20,2.9019357660961047,21.77962075421383,40.072577677428704,0
2026-01-01 00:49:30,2.7937369645981227,22.29305603088623,39.87892512983713,0
2026-01-01 00:49:40,2.8233709391379613,22.003716701012365,40.2090138904319,0
2026-01-01 00:49:50,3.1357604675464006,22.39920404394386,35.655616932709464,0
2026-01-01 00:50:00,2.738659870788745,22.16135600934163,38.59229813469123,0
2026-01-01 00:50:10,3.1932804478527905,21.750492415721677,42.87104703080018,0
2026-01-01 00:50:20,3.1641647814171012,21.633136077921584,39.95366854664263,0
2026-01-01 00:50:30,3.601022180154631,22.080439618685986,41.57598159401142,0
2026-01-01 00:50:40,3.0592697970517144,22.1796913739679,38.3850092377335,0
2026-01-01 00:50:50,3.2005223882827094,22.65337261292044,38.28048191047197,0
2026-01-01 00:51:00,3.301542771983405,21.89904798261422,40.510900028649786,0
2026-01-01 00:51:10,3.4305544647570154,21.90233734588374,41.44613075243254,0
2026-01-01 00:51:20,3.3140760382950036,22.227980122136554,41.08219941067761,0
2026-01-01 00:51:30,3.190619079664469,21.93997776518699,40.188364680207314,0
2026-01-01 00:51:40,2.6165932249690873,21.342503713764778,38.672254751500226,0
2026-01-01 00:51:50,3.4657685446468927,21.7444153009242,38.01536530988875,0
2026-01-01 00:52:00,3.0509081377056058,21.719953650717997,41.63449729752469,0
2026-01-01 00:52:10,3.46019343625487,22.392706194796638,39.512752924737065,0
2026-01-01 00:52:20,2.8637267174540213,21.992025841901675,38.26488366242208,0
2026-01-01 00:52:30,2.5401612443212964,22.409028172803858,43.65962860950891,0
2026-01-01 00:52:40,3.203991922655027,22.230187466997773,39.62097146799855,0
2026-01-01 00:52:50,3.117625358910261,21.69841416445333,39.578987384699836,0
2026-01-01 00:53:00,2.7388282151214733,21.606291049882998,41.45635109790146,0
2026-01-01 00:53:10,2.8147660162622707,22.367326642400926,37.64424909456523,0
2026-01-01 00:53:20,2.8190029304334865,21.365275313761963,39.79859784496374,0
2026-01-01 00:53:30,2.952232836570987,22.042150202458384,37.998961757622695,0
2026-01-01 00:53:40,3.048142862099654,21.62510878046647,42.09612205459056,0
2026-01-01 00:53:50,2.977456749956995,22.050089801059162,39.35589168831212,0
2026-01-01 00:54:00,3.3618460187011774,22.153588621018745,39.5740872836762,0
2026-01-01 00:54:10,3.120357664898067,21.438957891280122,42.62436511478041,0
2026-01-01 00:54:20,2.917403032948371,22.300550394830378,41.12074783638937,0
2026-01-01 00:54:30,2.7897504963401745,21.882020128683187,41.8716131090106,0
2026-01-01 00:54:40,3.071843238511769,21.68719294523696,43.33404344370261,0
2026-01-01 00:54:50,2.628653716773865,22.25351075237284,40.620698646177246,0
2026-01-01 00:55:00,3.367375331287843,22.649358624919618,37.69457805996052,0
2026-01-01 00:55:10,3.0803253673093387,21.9646871806595,43.869564006481475,0
2026-01-01 00:55:20,3.1243625443139367,21.69107838986941,37.84657175767984,0
2026-01-01 00:55:30,2.4260680724462924,22.22759323167411,42.442594934692806,0
2026-01-01 00:55:40,2.6697662151489947,21.715480550095783,39.12015388065592,0
2026-01-01 00:55:50,2.9407394322909095,22.0935143647163,37.66615653069456,0
2026-01-01 00:56:00,3.138787900614331,22.847142379850357,38.241095114708024,0
2026-01-01 00:56:10,2.629959569615968,22.669028954735083,40.628528514049066,0
2026-01-01 00:56:20,3.028930115638047,21.727645087184367,38.51396141704345,0
2026-01-01 00:56:30,3.1888240754660364,21.95550957546052,38.64413853780282,0
2026-01-01 00:56:40,3.39420284239317,21.514182604109436,39.1991363480248,0
2026-01-01 00:56:50,2.577856792135525,22.485239079991672,40.21257537045986,0
2026-01-01 00:57:00,2.775246227811261,22.090137101475626,39.208796014579214,0
2026-01-01 00:57:10,3.1085029756270965,22.283243470675437,41.43505347519188,0
2026-01-01 00:57:20,2.6788216985293194,21.64410155928537,38.94356843771322,0
2026-01-01 00:57:30,2.928335775640021,21.26551785075868,40.76198699036882,0
2026-01-01 00:57:40,3.646722948962037,21.547418791739027,41.254485584493324,0
2026-01-01 00:57:50,3.009380063174602,22.032731743419028,39.85166552021329,0
2026-01-01 00:58:00,3.1705323018768463,22.239837645312598,39.239315409915115,0
2026-01-01 00:58:10,2.9290935788733012,22.214603937428162,38.65229802731344,0
2026-01-01 00:58:20,3.0151607446782016,22.068198894016174,39.66228020897497,0
2026-01-01 00:58:30,3.0592736766154225,21.989989216501943,41.22664944880043,0
2026-01-01 00:58:40,2.804876089587002,22.21187725316218,36.211422049596266,0
2026-01-01 00:58:50,3.01918703607328,21.756195119136287,39.71954304552183,0
2026-01-01 00:59:00,3.1523273010934503,22.021595367378318,37.296386638758676,0
2026-01-01 00:59:10,2.8060411436422688,21.624265842472497,39.783868666417575,0
2026-01-01 00:59:20,3.162033813504938,21.48700055155139,38.550224461097514,0
2026-01-01 00:59:30,3.1251571393147692,21.914622851627918,42.23608920527493,0
2026-01-01 00:59:40,2.830905291772097,21.835627537480327,39.44916367606751,0
2026-01-01 00:59:50,2.7879729728345466,21.844729272583507,40.25562433356323,0
2026-01-01 01:00:00,2.5397104120846623,22.364974099703666,40.749290477643115,0
2026-01-01 01:00:10,3.6866046206393017,21.45324852063383,39.66285189716098,0
2026-01-01 01:00:20,3.3623427925383007,21.87333998829551,41.31796526458906,0
2026-01-01 01:00:30,3.2286595202376636,21.76939583970931,36.113436561782635,0
2026-01-01 01:00:40,3.2589300678511894,21.68142392757617,40.16326844531368,0
2026-01-01 01:00:50,2.664410571540358,21.993876060330802,40.86893724940163,0
2026-01-01 01:01:00,2.4119525975118505,22.82422344664642,38.21041006763465,0
2026-01-01 01:01:10,2.987973446203034,21.93082157603063,42.567562720213516,0
2026-01-01 01:01:20,2.737553885977164,21.0894505965632,40.4273348388583,0
2026-01-01 01:01:30,3.0621281586698856,21.732370904536033,41.55985703109411,0
2026-01-01 01:01:40,2.520259054065896,21.837310766781368,39.867486011486356,0
2026-01-01 01:01:50,3.276404880895949,22.296838148803722,40.44893887060974,0
2026-01-01 01:02:00,2.8078519695692448,22.0673580769901,38.21306479106829,0
2026-01-01 01:02:10,3.018805619066062,22.80535489901065,40.2048029966241,0
2026-01-01 01:02:20,3.0710884247136128,21.81807187364462,38.79626090018253,0
2026-01-01 01:02:30,3.389643397454116,22.48016556317777,39.0146585815429,0
2026-01-01 01:02:40,2.8645771027198084,21.82557860494005,40.42381528916019,0
2026-01-01 01:02:50,2.787644196977045,22.398419074322327,38.86480736714581,0
2026-01-01 01:03:00,2.624223296290351,21.799015005235752,40.42176934340418,0
2026-01-01 01:03:10,2.72231374506769,22.182355108832642,43.247503517351625,0
2026-01-01 01:03:20,3.436685607024335,22.7197086300076,41.118701876590606,0
2026-01-01 01:03:30,3.1780287519580828,21.854018908182844,38.74118549899149,0
2026-01-01 01:03:40,2.8215671236333013,21.48748093060926,37.393405367423064,0
2026-01-01 01:03:50,2.4156349460036513,21.911498550565693,39.58478005016662,0
2026-01-01 01:04:00,2.5978340459988516,22.36520008810972,40.45618925600471,0
2026-01-01 01:04:10,3.0797695439441544,21.933151314485436,40.42386992573245,0
2026-01-01 01:04:20,3.3641194313177527,21.943982859223105,41.33289832049631,0
2026-01-01 01:04:30,3.2203347100462962,22.072408623481483,38.05475207806623,0
2026-01-01 01:04:40,2.9716884749893855,21.965642700112884,41.21903413846599,0
2026-01-01 01:04:50,3.173373154137453,22.495313228573455,40.03190736510409,0
2026-01-01 01:05:00,3.690123025634091,22.430173225242015,37.1512354181268,0
2026-01-01 01:05:10,3.023528819705593,22.30133664844181,40.571737577324164,0
2026-01-01 01:05:20,2.8132865415027593,22.19123599865098,39.62429794151213,0
2026-01-01 01:05:30,2.9941129542568574,21.91639069708559,38.72421931868605,0
2026-01-01 01:05:40,3.0781988499451223,21.439796815890023,41.07975593630709,0
2026-01-01 01:05:50,3.433951180783973,22.47865259465826,39.085325643520925,0
2026-01-01 01:06:00,2.5650430303557283,21.557476727508664,39.318715662532725,0
2026-01-01 01:06:10,2.7538968526407914,22.690785540493362,39.4005457215781,0
2026-01-01 01:06:20,2.4903452400589066,22.582878303982497,42.52163847239573,0
2026-01-01 01:06:30,2.849818890043977,21.54230310562897,41.26258410342718,0
2026-01-01 01:06:40,3.056295037488177,22.967459785700473,40.102419068009276,0
2026-01-01 01:06:50,3.370243593972741,22.86263298577036,43.33942622149246,0
2026-01-01 01:07:00,3.9123007153272797,22.962509869177943,43.02406252581146,0
2026-01-01 01:07:10,3.7851720565069034,23.033508322849993,42.11548095033813,0
2026-01-01 01:07:20,3.6696935566488715,22.998987662776713,43.16314871080841,0
2026-01-01 01:07:30,3.909354390134545,23.408916234237015,44.95530520857051,0
2026-01-01 01:07:40,4.184348043925036,23.843259024316577,43.52497755253316,0
2026-01-01 01:07:50,4.294601441477389,23.38495330381916,43.466796716260276,0
2026-01-01 01:08:00,4.48346386283146,23.763475747485014,47.513449743242134,0
2026-01-01 01:08:10,4.792829003577622,23.69274395270124,48.52075923300085,0
2026-01-01 01:08:20,5.077540072438404,24.374629311040582,47.106849234483505,0
2026-01-01 01:08:30,4.808112152655304,24.288337967178684,49.088748619704184,0
2026-01-01 01:08:40,5.5435839278535886,25.06297305848166,48.177817244880394,0
2026-01-01 01:08:50,5.109409846675532,24.842265874073362,47.56489396777049,0
2026-01-01 01:09:00,5.564633542836956,24.9557192241104,49.533963498131754,0
2026-01-01 01:09:10,5.347726053213307,25.354080031970913,50.13396582700475,0
2026-01-01 01:09:20,5.599349966191276,24.538321336015503,51.30581842828269,0
2026-01-01 01:09:30,6.3544503193339485,26.09837776436436,51.54290374341373,0
2026-01-01 01:09:40,6.04622425459431,25.94063227682251,51.668281227478374,0
2026-01-01 01:09:50,6.393691713297226,26.229824083515407,54.56026655721764,0
2026-01-01 01:10:00,6.479969184704009,26.13889787494691,53.12201741324344,0
2026-01-01 01:10:10,6.501290595858694,26.33205633242954,55.03403217348284,0
2026-01-01 01:10:20,7.016050258579984,26.359046314795897,56.82602190229286,0
2026-01-01 01:10:30,6.945775279791486,26.79358981169547,55.252788320852176,0
2026-01-01 01:10:40,6.681818614612078,27.265213618908316,57.403510563759106,1
2026-01-01 01:10:50,7.277067821909691,27.22009721516746,57.84927255103744,1
2026-01-01 01:11:00,7.187490828622692,27.24128419679611,58.794264679621826,1
2026-01-01 01:11:10,7.415808782032817,27.68806737964999,57.31008486204327,1
2026-01-01 01:11:20,7.9266193298200385,27.789307555310756,57.71820151742782,1
2026-01-01 01:11:30,3.3494218063371513,21.829297153247058,39.18724751849704,0
2026-01-01 01:11:40,3.060170759169283,22.459454939771486,38.47626727153241,0
2026-01-01 01:11:50,3.0185039549543915,21.88178350394138,40.22847327036494,0
2026-01-01 01:12:00,2.751722933805384,22.03445755321855,38.39179148202159,0
2026-01-01 01:12:10,2.1235948549516177,21.820647912378448,43.01501393395,0
2026-01-01 01:12:20,3.1857462783015595,22.82299818788468,40.031190561513114,0
2026-01-01 01:12:30,2.7815991176312598,21.741103744804782,39.91167728514591,0
2026-01-01 01:12:40,2.8062107462626393,21.6803231973399,39.27588471672695,0
2026-01-01 01:12:50,2.714001417522386,21.421548786975936,40.142490627034455,0
2026-01-01 01:13:00,2.912456619325337,21.374723676521338,41.32466466572074,0
2026-01-01 01:13:10,2.9766488408961593,21.610621303440208,39.9919039354577,0
2026-01-01 01:13:20,2.872092721138337,22.459378283678703,40.16990561580665,0
2026-01-01 01:13:30,2.56851660650479,22.145028326010593,42.05263293170901,0
2026-01-01 01:13:40,2.865803431302375,22.512406544694045,40.101783265791106,0
2026-01-01 01:13:50,3.2558321025366657,22.39302938545111,40.98454130474282,0
2026-01-01 01:14:00,2.8995674003680376,21.838540614703202,38.56731613097597,0
2026-01-01 01:14:10,3.127079719678038,21.705678433982868,40.30550812733965,0
2026-01-01 01:14:20,3.0072658370018273,22.56488822216617,39.88053791313143,0
2026-01-01 01:14:30,3.1357115388749204,22.459493393171776,42.14851304682625,0
2026-01-01 01:14:40,2.9438567204986352,22.394291998271946,41.78107907734713,0
2026-01-01 01:14:50,3.776869092605584,21.67785126917986,40.89466350934101,0
2026-01-01 01:15:00,3.0505382928808844,22.527039014243183,38.49018615208054,0
2026-01-01 01:15:10,3.3419635683387137,21.933840392742596,41.958954875990784,0
2026-01-01 01:15:20,3.3890983639683325,21.990852775080448,38.50104665155764,0
2026-01-01 01:15:30,2.8485675236315346,21.773886089440367,39.383937011346376,0
2026-01-01 01:15:40,3.4846127068408324,21.871071812315463,41.825737781238246,0
2026-01-01 01:15:50,3.4563948155767354,21.958790719441115,41.83769852225181,0
2026-01-01 01:16:00,2.7288894417809617,22.12974371268864,38.23144031326029,0
2026-01-01 01:16:10,3.3563038165384693,21.83917330219333,40.786397016464754,0
2026-01-01 01:16:20,3.2613891892371734,21.4616081279013,40.18956936931962,0
2026-01-01 01:16:30,3.5816786997174854,22.41147304427856,38.024876729766916,0
2026-01-01 01:16:40,3.1051890297820677,22.195674852059064,40.952082202842654,0
2026-01-01 01:16:50,3.332909952586867,22.109079117411973,40.9755726830819,0
2026-01-01 01:17:00,2.960209876085228,21.610188278131744,41.66062100393046,0
2026-01-01 01:17:10,2.9638856508139204,22.10117472570603,39.90483090408378,0
2026-01-01 01:17:20,2.839401544213823,21.963786687078336,40.49797049585352,0
2026-01-01 01:17:30,3.0571499039337198,21.825911106879747,41.12588028075366,0
2026-01-01 01:17:40,3.2216431442662508,22.246146993605223,38.596841946933104,0
2026-01-01 01:17:50,3.32579463485251,22.26375223447478,39.420284924122036,0
2026-01-01 01:18:00,3.110186194020402,22.73527347071805,39.66480102644222,0
2026-01-01 01:18:10,2.895204961164541,21.24591997919155,39.55559883473668,0
2026-01-01 01:18:20,2.683895274256094,21.57287883136832,41.42546138796036,0
2026-01-01 01:18:30,3.5131840117745776,22.293721870224598,39.026003032119405,0
2026-01-01 01:18:40,3.0210156489339544,22.464751321043277,38.60897029871414,0
2026-01-01 01:18:50,3.0715106948204354,22.106062210919553,40.962895802442326,0
2026-01-01 01:19:00,3.056874484979623,22.400418437026858,35.945151560501145,0
2026-01-01 01:19:10,3.2033625958592724,22.589622420995234,39.47198038771979,0
2026-01-01 01:19:20,2.9587654456116925,22.381149818881177,42.418417386982966,0
2026-01-01 01:19:30,3.394474336075214,21.5942324491328,41.17430536537202,0
2026-01-01 01:19:40,2.9261812535610154,21.662701361873523,43.25641407624672,0
2026-01-01 01:19:50,2.947234256270299,22.591631589362304,40.916715481974315,0
2026-01-01 01:20:00,2.8132051914796645,22.077842982094896,38.88629412145293,0
2026-01-01 01:20:10,2.603993246633788,21.911922149196815,36.89821791034601,0
2026-01-01 01:20:20,2.5485838877906994,22.30402238547584,40.12365962940176,0
2026-01-01 01:20:30,2.708489700107014,22.32534387492192,39.422469906492445,0
2026-01-01 01:20:40,3.2626958939111406,23.01926016996707,41.044017369429895,0
2026-01-01 01:20:50,3.2972353755470065,22.16625450442151,41.13900178791301,0
2026-01-01 01:21:00,3.322755931278119,22.680598428005133,42.10354413863939,0
2026-01-01 01:21:10,3.2342228224831078,22.79443259827018,43.74281297930668,0
2026-01-01 01:21:20,3.753510962892783,22.80413096827653,41.955632560216486,0
2026-01-01 01:21:30,3.628401591675119,23.449404780118975,43.81852167042081,0
2026-01-01 01:21:40,4.321070979067351,23.85939712337384,45.58791435157701,0
2026-01-01 01:21:50,4.2248588690455735,23.64346029939727,44.71856046817642,0
2026-01-01 01:22:00,4.358342307479667,23.902844548720786,45.167706116881824,0
2026-01-01 01:22:10,4.224836342848926,23.73355563128179,46.35978551797929,0
2026-01-01 01:22:20,5.137613032899718,24.05271876503859,47.84525742436261,0
2026-01-01 01:22:30,4.966338353207586,24.767921543161115,49.15709638546396,0
2026-01-01 01:22:40,5.401901687714651,24.079804941174796,48.87339071391167,0
2026-01-01 01:22:50,5.485121053357723,24.9144615687768,49.96992965915516,0
2026-01-01 01:23:00,5.511670200857096,24.776564737982042,48.30290261501375,0
2026-01-01 01:23:10,5.537552780936971,26.003432962091516,50.181015490575994,0
2026-01-01 01:23:20,5.4414552881151845,25.619794808218725,52.18879334201598,0
2026-01-01 01:23:30,6.257464878030428,25.741293551112037,52.84560151446695,0
2026-01-01 01:23:40,6.534710093635065,25.576357952381365,51.722815961242944,0
2026-01-01 01:23:50,6.114416025422747,25.920269124051806,54.7667557531585,0
2026-01-01 01:24:00,6.605613673549247,26.346607585812766,52.18069207133528,0
2026-01-01 01:24:10,6.528029301219382,25.849302710141387,55.83791245598821,0
2026-01-01 01:24:20,7.1504626319104805,26.833870018172117,54.34654728759379,0
2026-01-01 01:24:30,7.296404498723158,26.724023526992436,54.78554071924734,0
2026-01-01 01:24:40,6.973785815744328,26.87095300932245,56.71624518715138,1
2026-01-01 01:24:50,7.301064491002975,26.77619947454869,58.54664974251898,1
2026-01-01 01:25:00,7.469878816112631,27.185873843118802,59.11030236198276,1
2026-01-01 01:25:10,7.429985429013361,27.111332944927646,59.93915411326541,1
2026-01-01 01:25:20,8.2116109032434,27.66137119440458,59.28736332541618,1
2026-01-01 01:25:30,2.6560005856437288,22.21851369920148,40.0096334047164,0
2026-01-01 01:25:40,2.670556356590746,21.855275464306974,37.29432786733273,0
2026-01-01 01:25:50,2.8935038147660137,22.278781761804293,39.499270765365985,0
2026-01-01 01:26:00,2.538100044218004,21.40548918801988,40.79343690458878,0
2026-01-01 01:26:10,2.3883116168983753,22.693005999794035,43.34695021928895,0
2026-01-01 01:26:20,2.9342531940860814,22.491088350855673,38.40489699014358,0
2026-01-01 01:26:30,2.7379771097736576,21.932742472566083,39.29186413345431,0
2026-01-01 01:26:40,3.018334682810216,22.19758074879749,41.44213252805132,0
2026-01-01 01:26:50,2.452582785929778,22.82963306789999,38.62092311262037,0
2026-01-01 01:27:00,3.0875585286000047,22.359785988459297,42.94103690824157,0
2026-01-01 01:27:10,3.3382074729524276,21.81387581728798,39.841077468543794,0
2026-01-01 01:27:20,2.542643614014248,22.096369998915787,40.398829447089,0
2026-01-01 01:27:30,3.530735010078986,22.12322021580164,39.41252714886731,0
2026-01-01 01:27:40,2.8003543755929354,22.349267772277386,39.8130733057148,0
2026-01-01 01:27:50,2.6482225173441774,22.450420100308868,39.92290941461727,0
2026-01-01 01:28:00,2.5655830883877933,21.662902963994025,40.959680997693305,0
2026-01-01 01:28:10,2.7824193066116787,21.14573031440852,44.70662280048999,0
2026-01-01 01:28:20,3.3581868779964834,21.865240869766602,40.62204779309633,0
2026-01-01 01:28:30,3.447575893903582,21.92106463187707,39.77309007451973,0
2026-01-01 01:28:40,3.3497418057625157,21.918218008125912,39.79711851190946,0
2026-01-01 01:28:50,3.3010699680549855,22.262360310611903,40.292104292078164,0
2026-01-01 01:29:00,3.5871190921624923,21.903434235831917,41.427940545264704,0
2026-01-01 01:29:10,3.330346728674186,21.611337306183486,37.9305727528166,0
2026-01-01 01:29:20,2.731695026197379,21.72641619928036,39.19657999236188,0
2026-01-01 01:29:30,3.256985131387703,22.2900383147392,40.77426743067244,0
2026-01-01 01:29:40,3.1264139433294247,21.762463935101344,41.04565428386241,0
2026-01-01 01:29:50,3.3547361479815914,22.140579283016635,41.605225357474644,0
2026-01-01 01:30:00,2.7539276011653895,21.99038885676776,37.539600041162025,0
2026-01-01 01:30:10,2.5102324791023722,21.683032031600014,39.53805770554144,0
2026-01-01 01:30:20,3.0090572361630463,22.243442976942696,39.30509656650875,0
2026-01-01 01:30:30,2.934166856506541,22.263698267372963,41.40635520643984,0
2026-01-01 01:30:40,2.951590688097141,21.71617108281871,38.50295524423042,0
2026-01-01 01:30:50,2.7709705979549986,22.3317899367727,39.7092607918408,0
2026-01-01 01:31:00,2.53776208727074,21.94699332818324,40.11834414489776,0
2026-01-01 01:31:10,3.0069416169294505,22.54426343833546,38.03676940132133,0
2026-01-01 01:31:20,3.0023892847941993,22.401483809524272,43.28123324406131,0
2026-01-01 01:31:30,2.612890654637149,22.08386376610985,39.26254572155193,0
2026-01-01 01:31:40,3.2530117866471175,22.223779630398013,40.3548726263143,0
2026-01-01 01:31:50,3.410912633390934,22.156966386871506,39.23655456143875,0
2026-01-01 01:32:00,2.4499976506480703,21.988766453762807,40.50285803060492,0
2026-01-01 01:32:10,2.7157523595078676,21.67103202704712,41.68154600098671,0
2026-01-01 01:32:20,2.8747619935556865,22.00461369441163,40.95509637944148,0
2026-01-01 01:32:30,2.9600928209492556,21.942465017887592,41.79225443770701,0
2026-01-01 01:32:40,3.2787382533493665,22.166738288046506,42.06201813055025,0
2026-01-01 01:32:50,3.4023606005535507,22.908226460601632,41.33627962302029,0
2026-01-01 01:33:00,3.6347477543016673,23.08349149961662,42.440405795492914,0
2026-01-01 01:33:10,3.9845439977490624,22.980335717965698,45.315025139733365,0
2026-01-01 01:33:20,4.31375572082057,22.801571121269873,44.52224368124801,0
2026-01-01 01:33:30,4.003385869446459,23.45745208163782,44.73503729597692,0
2026-01-01 01:33:40,4.122255929914836,23.917545363059098,45.536636276902414,0
2026-01-01 01:33:50,4.443063392865484,23.66856705272692,46.13977696976624,0
2026-01-01 01:34:00,4.748251670169523,23.96250726409252,43.83414709589046,0
2026-01-01 01:34:10,4.83671147658183,23.767555381517067,47.12388076768426,0
2026-01-01 01:34:20,4.7190871485860715,23.975050709476157,49.235121821948525,0
2026-01-01 01:34:30,5.102648270477789,24.481001352053426,49.149190715495266,0
2026-01-01 01:34:40,5.259215228718843,25.431141827638225,49.06031357260731,0
2026-01-01 01:34:50,5.573025082396602,25.29128239941306,51.60225322560691,0
2026-01-01 01:35:00,5.5182654395351385,25.074610948848406,51.94125854196018,0
2026-01-01 01:35:10,5.995345794143871,25.722552780700536,49.96462878977366,0
2026-01-01 01:35:20,6.309599950784804,25.37157773701456,52.19229297814189,0
2026-01-01 01:35:30,6.137022091148312,25.53645514903558,51.25413090324566,0
2026-01-01 01:35:40,5.9845637100067535,26.035705521816194,51.808014243099876,0
2026-01-01 01:35:50,6.2732368809826236,26.134589236540535,51.3611914997401,0
2026-01-01 01:36:00,6.822462609075466,25.677033549867957,54.58929427533389,0
2026-01-01 01:36:10,6.836337178652192,26.761418516054544,55.291652530943445,0
2026-01-01 01:36:20,7.403581592766647,26.864895064470552,57.05361239924366,0
2026-01-01 01:36:30,7.021974104892609,27.03622704185684,58.214236761695595,1
2026-01-01 01:36:40,7.285794308395405,27.257670429258567,58.31418678247081,1
2026-01-01 01:36:50,7.351554095961673,26.75153190000424,58.25557365371237,1
2026-01-01 01:37:00,7.864400500538268,27.19456627053241,59.33688656394401,1
2026-01-01 01:37:10,7.968726610801241,27.11795112226541,58.39704470092656,1
2026-01-01 01:37:20,2.9690235719552858,21.342724475538333,39.73621839335189,0
2026-01-01 01:37:30,3.4984410497184055,22.214836333224458,40.07743956506681,0
2026-01-01 01:37:40,2.621950570448226,21.753455436784208,39.437205429514094,0
2026-01-01 01:37:50,2.9046854709731296,22.157307689388087,42.11949213344025,0
2026-01-01 01:38:00,3.1494665245490356,22.456059615408506,42.37081102985256,0
2026-01-01 01:38:10,2.6954717424516392,22.255407144237793,39.644847095553914,0
2026-01-01 01:38:20,3.2962003549767305,21.96961959054299,39.52022871511773,0
2026-01-01 01:38:30,3.045527397674622,21.564367953540877,39.76626778850635,0
2026-01-01 01:38:40,2.5177016918645823,22.07389623155829,43.03540932884446,0
2026-01-01 01:38:50,3.002039953367999,22.336611336815903,39.07354508590863,0
2026-01-01 01:39:00,2.336441426601148,22.61337348051853,37.86406427132478,0
2026-01-01 01:39:10,2.9200043012296755,22.179144699100718,40.556641076970884,0
2026-01-01 01:39:20,2.520562694434876,22.18486906643278,43.03646443493028,0
2026-01-01 01:39:30,2.591047798622157,22.065097765938557,40.06206857887877,0
2026-01-01 01:39:40,3.127766161857911,22.0076591109663,39.03776963643354,0
2026-01-01 01:39:50,3.146361685461322,21.615404652137784,41.24627848641905,0
2026-01-01 01:40:00,2.7130690869545973,22.188962511152152,42.22617404280395,0
2026-01-01 01:40:10,3.106684004635698,22.24739535218259,39.68878371597419,0
2026-01-01 01:40:20,2.6248776798090847,22.241806130542148,41.32349959348512,0
2026-01-01 01:40:30,2.8643729001500757,21.938469589120654,38.69060548489065,0
2026-01-01 01:40:40,3.6299165367499544,21.901189719701602,39.462489771968166,0
2026-01-01 01:40:50,2.8057374583094523,21.462354211854723,37.59510929977608,0
2026-01-01 01:41:00,2.4400380145918152,22.40300547593477,38.973055261359995,0
2026-01-01 01:41:10,3.2371876797488306,22.55148389850534,38.13275314267276,0
2026-01-01 01:41:20,3.0042819203509303,21.618424232241342,39.38944553060983,0
2026-01-01 01:41:30,3.2058955370870104,21.38390094718757,42.97507935227757,0
2026-01-01 01:41:40,3.485163772490587,22.041742375009285,38.65182392751531,0
2026-01-01 01:41:50,2.600905912278303,22.56442036042369,39.391884988579335,0
2026-01-01 01:42:00,2.5646472929845325,21.995164420861578,38.12140983338032,0
2026-01-01 01:42:10,3.1090895647874905,21.853507384272696,40.66582034532615,0
2026-01-01 01:42:20,2.21873584301186,22.0795792587186,40.65510782760026,0
2026-01-01 01:42:30,3.1212884264885092,22.41481891549597,41.11088630215457,0
2026-01-01 01:42:40,2.466423724798045,22.12786073036759,39.24373025348849,0
2026-01-01 01:42:50,2.975543198069506,22.27609472015211,36.162447425114344,0
2026-01-01 01:43:00,2.6738262183411594,21.565669948445926,41.01905992443476,0
2026-01-01 01:43:10,2.655361789452403,21.899307727203,41.70043520778857,0
2026-01-01 01:43:20,3.358232820914212,21.607533787544128,39.30339360653592,0
2026-01-01 01:43:30,3.138618267975569,22.583892750015178,37.41984617357827,0
2026-01-01 01:43:40,3.0255954427695073,21.676693711343628,38.75433339016515,0
2026-01-01 01:43:50,3.1567542315797272,22.227392090109838,40.15796398131863,0
2026-01-01 01:44:00,3.1951350277608417,21.398767879296074,41.577921426584375,0
2026-01-01 01:44:10,2.700581811805676,22.01333117026632,38.56573467527553,0
2026-01-01 01:44:20,3.182016917740855,21.926721352511844,40.80175847272083,0
2026-01-01 01:44:30,3.266296627762151,22.32642913735754,39.88868353217591,0
2026-01-01 01:44:40,3.1997772756163383,22.16863464424578,41.25841075070442,0
2026-01-01 01:44:50,2.814824044035923,21.480353342279574,38.16668228699062,0
2026-01-01 01:45:00,3.131850369186068,22.311574601404846,40.68665929922783,0
2026-01-01 01:45:10,3.502347730004261,21.04349022759034,39.88768609269027,0
2026-01-01 01:45:20,3.2086613272697333,22.339640844297257,39.559049578503725,0
2026-01-01 01:45:30,2.97852022444258,21.975884403443356,40.68219275446357,0
2026-01-01 01:45:40,3.267114949055936,22.230082006442625,40.750998582071816,0
2026-01-01 01:45:50,3.014932106154288,22.72768927331989,40.05990459582203,0
2026-01-01 01:46:00,3.14760565439784,21.78958606293297,36.76998562019313,0
2026-01-01 01:46:10,3.3291458135261087,21.553143469249395,38.481857671303636,0
2026-01-01 01:46:20,3.3179809152139867,22.24680237983068,41.02535398480072,0
2026-01-01 01:46:30,2.5902132866398397,22.02789873953642,39.0403532088338,0
2026-01-01 01:46:40,2.6911885475453787,21.458931885662587,37.71646122067316,0
2026-01-01 01:46:50,3.3338065124969773,21.72591752085624,39.77266681748503,0
2026-01-01 01:47:00,2.8392595610843108,21.317056816962822,38.32521334007701,0
2026-01-01 01:47:10,3.3707434860020817,22.216422705397054,39.76977358156621,0
2026-01-01 01:47:20,3.335219644770738,22.57939969195717,39.460347031316374,0
2026-01-01 01:47:30,2.6021856941753887,21.882294051282578,39.20794450322057,0
2026-01-01 01:47:40,3.1031363644649654,21.980539059371818,40.04919549311738,0
2026-01-01 01:47:50,2.772451399589979,22.605439189861112,39.07995878122257,0
2026-01-01 01:48:00,2.4461436413285718,21.628195655923037,37.75520611736488,0
2026-01-01 01:48:10,2.8049928196779303,21.301018766121974,39.807937440588084,0
2026-01-01 01:48:20,3.062180198819683,22.0277377348145,38.91739366999412,0
2026-01-01 01:48:30,3.0530462616418195,21.96664628989028,40.27853888461159,0
2026-01-01 01:48:40,3.502035627089561,22.53618442071614,38.0506281446086,0
2026-01-01 01:48:50,3.2489197253637525,22.475964558896468,41.5205136108158,0
2026-01-01 01:49:00,2.663236558126676,21.632998871594296,41.52649220026525,0
2026-01-01 01:49:10,3.0814485932476945,21.914035857939968,40.41519017398793,0
2026-01-01 01:49:20,3.3141953119864347,22.46783599697111,39.65591388389796,0
2026-01-01 01:49:30,2.9869569150558415,21.869152721364475,37.5646671429653,0
2026-01-01 01:49:40,3.3373060079611507,21.866369107608023,40.8469088888404,0
2026-01-01 01:49:50,2.6941006983923654,21.65424357163433,39.78860812858357,0
2026-01-01 01:50:00,2.9605582212984998,22.3304188685766,39.344853644142674,0
2026-01-01 01:50:10,2.5180268697783963,22.006323017644736,39.86986637417658,0
2026-01-01 01:50:20,2.6123211914683147,22.27588312209808,39.245537844172986,0
2026-01-01 01:50:30,3.0790461645993177,22.14367321967683,40.8519126146127,0
2026-01-01 01:50:40,2.764870300324081,21.723783579073498,38.62571212677813,0
2026-01-01 01:50:50,2.7504533375308666,22.68200565888281,39.54879503167461,0
2026-01-01 01:51:00,2.825984027588987,22.095761800214152,40.7495276654544,0
2026-01-01 01:51:10,3.1416006812757824,21.439832175867693,40.31016216975163,0
2026-01-01 01:51:20,3.260746819316782,22.354916334906697,38.85507084373213,0
2026-01-01 01:51:30,3.011381350634281,22.061532766431302,41.149701052167394,0
2026-01-01 01:51:40,2.7642041902095054,21.44758215873849,40.455727893407314,0
2026-01-01 01:51:50,3.216468751537843,22.85655324740443,38.874095653628174,0
2026-01-01 01:52:00,2.818241753772332,22.68775116248292,42.98877302975218,0
2026-01-01 01:52:10,2.7700030236649957,21.808379577055298,37.33974349907558,0
2026-01-01 01:52:20,3.0076165261627232,21.232130737520936,39.97924338085864,0
2026-01-01 01:52:30,2.793081667780748,22.10082413708211,39.435801428538795,0
2026-01-01 01:52:40,2.623047931716223,22.325282074699192,39.581555604502284,0
2026-01-01 01:52:50,2.9160719494512497,22.21708175919069,38.44171031531968,0
2026-01-01 01:53:00,3.171183899165859,22.387273864213146,39.50303742522502,0
2026-01-01 01:53:10,2.816328979647675,22.039842302608577,37.51036662178291,0
2026-01-01 01:53:20,2.5946776901375936,21.471016817302573,40.72279909257774,0
2026-01-01 01:53:30,3.16417943921339,21.541784712800432,37.954941062918266,0
2026-01-01 01:53:40,2.931060110827442,21.659437426295874,40.26281712836277,0
2026-01-01 01:53:50,3.895577700781023,22.167069479393515,41.27049563153419,0
2026-01-01 01:54:00,3.1260283471355526,22.24274023728627,43.084815347244316,0
2026-01-01 01:54:10,2.660733469402225,21.604876466164793,40.80216781870752,0
2026-01-01 01:54:20,2.874789955918475,21.881964034304836,41.46372507901707,0
2026-01-01 01:54:30,3.2755363331827243,21.887592141091364,40.63744917437132,0
2026-01-01 01:54:40,2.934894884872689,21.876606884617672,43.64007472951828,0
2026-01-01 01:54:50,3.129887947608209,21.94156527138733,39.11061020042797,0
2026-01-01 01:55:00,3.3064149886288194,22.83537710914797,37.621025031643065,0
2026-01-01 01:55:10,2.4360226844582864,22.43437067852912,41.582828276996565,0
2026-01-01 01:55:20,2.2092756782949365,22.001350202638864,40.49173175926463,0
2026-01-01 01:55:30,3.277281041861349,22.100734700249447,38.62467296242216,0
2026-01-01 01:55:40,2.7313961032910927,21.83675966433591,38.50627690781466,0
2026-01-01 01:55:50,3.195340872547097,21.947165197792344,40.26513218995307,0
2026-01-01 01:56:00,2.910097005597964,21.979918153183302,43.931189636544964,0
2026-01-01 01:56:10,2.666409892267751,21.56143900553944,41.25735531935671,0
2026-01-01 01:56:20,3.056127280898027,22.52758614525854,40.37210547260686,0
2026-01-01 01:56:30,3.2444985058002525,22.184063804094734,41.89023554908529,0
2026-01-01 01:56:40,3.5526271800955103,22.212296813751134,40.01408613873457,0
2026-01-01 01:56:50,3.4594038725208685,22.35998843068071,41.93647542538464,0
2026-01-01 01:57:00,3.9141542936034943,22.662809503473962,42.623843285355086,0
2026-01-01 01:57:10,3.8449378802950123,23.254529264661585,41.08644399934873,0
2026-01-01 01:57:20,3.8786599410469407,23.263385107683842,45.200078956426864,0
2026-01-01 01:57:30,4.068286177165426,22.837034188187438,45.2863781126328,0
2026-01-01 01:57:40,4.206260855568207,23.243100002272893,44.70898794362011,0
2026-01-01 01:57:50,4.46309492846883,23.618576600638537,43.79443394290093,0
2026-01-01 01:58:00,4.846079906044093,24.382462512383615,47.31818865800617,0
2026-01-01 01:58:10,4.60579619924837,24.139552539815742,47.32681201810388,0
2026-01-01 01:58:20,5.119758877912382,24.600502146615423,47.26582620122151,0
2026-01-01 01:58:30,5.183065777949379,24.737184121384573,50.12248898881344,0
2026-01-01 01:58:40,5.4742346412982785,25.036717006212655,49.4171599612627,0
2026-01-01 01:58:50,5.7820918290407,25.12292883878785,49.13891208982643,0
2026-01-01 01:59:00,5.9473406606917045,25.409370981761707,50.223622645538185,0
2026-01-01 01:59:10,5.737434739853485,25.488972663542228,51.796518128600916,0
2026-01-01 01:59:20,6.039458453126241,25.693392602032866,53.69995737457638,0
2026-01-01 01:59:30,6.380975297113643,25.857190677379506,53.60797724743415,0
2026-01-01 01:59:40,6.126828552627825,26.11937811498404,55.14263968306644,0
2026-01-01 01:59:50,6.456390820921525,25.945709821414273,53.34791111140694,0
2026-01-01 02:00:00,6.4487400591981885,26.164571427561686,54.296158568076635,0
2026-01-01 02:00:10,6.552219929497605,26.604685500184882,56.235610507119986,0
2026-01-01 02:00:20,6.818448763970616,27.25578517709253,56.510792088527595,0
2026-01-01 02:00:30,7.372782783791479,26.802649633844357,57.52119189373329,1
2026-01-01 02:00:40,7.1149465532542715,27.467074250250953,57.505172673126864,1
2026-01-01 02:00:50,7.6106502439969566,27.047321618312544,57.104930157723395,1
2026-01-01 02:01:00,7.7861123103173435,27.315495598732742,59.129872958765795,1
2026-01-01 02:01:10,7.559905772041284,28.054452263800002,58.10081001856482,1
2026-01-01 02:01:20,3.2137885451539288,22.303818587831216,38.57586350991135,0
2026-01-01 02:01:30,3.430420493899303,22.139860018919876,37.65279584295692,0
2026-01-01 02:01:40,2.6293968548561986,22.465866083400627,41.00611141892531,0
2026-01-01 02:01:50,2.912322071429469,22.134023211633647,40.474233935774166,0
2026-01-01 02:02:00,2.7878119858092116,22.050146126306068,41.74209818114711,0
2026-01-01 02:02:10,2.7566228642588424,21.5933267485694,39.633879289488696,0
2026-01-01 02:02:20,3.3644391170683154,21.760972545693214,37.28194164830557,0
2026-01-01 02:02:30,3.19216007748931,22.24882799612242,41.99339997930311,0
2026-01-01 02:02:40,3.3214233905662476,22.80801964277186,41.45014069391342,0
2026-01-01 02:02:50,3.0991720177876307,22.057955133238757,40.03585456492743,0
2026-01-01 02:03:00,3.530631534977826,21.8031425939216,37.968972462252395,0
2026-01-01 02:03:10,2.834042344969534,22.14705971719657,36.84996023852256,0
2026-01-01 02:03:20,3.335537293454363,22.219726257823293,41.037714732750594,0
2026-01-01 02:03:30,3.4792118369857543,22.781662973500115,39.24137994360709,0
2026-01-01 02:03:40,3.167487502426739,21.93585159976702,40.00206947651198,0
2026-01-01 02:03:50,2.616968114360674,22.404585214163344,42.01221387329632,0
2026-01-01 02:04:00,3.1212304965027027,21.591210355843682,38.190999698391295,0
2026-01-01 02:04:10,3.112047980820517,22.794824444679776,39.203543653282054,0
2026-01-01 02:04:20,3.1569237012007183,22.532346872146867,41.26977713759101,0
2026-01-01 02:04:30,3.1499299315488067,22.017405867457388,40.83720927177776,0
2026-01-01 02:04:40,2.66904517280753,21.874982905159936,37.517907585385004,0
2026-01-01 02:04:50,3.1616394476307788,22.702190279326196,42.35952958782229,0
2026-01-01 02:05:00,2.757769379559116,21.940397920254455,41.397356903021596,0
2026-01-01 02:05:10,3.07838000523957,21.54775386602499,40.9340668358504,0
2026-01-01 02:05:20,2.9500592615294314,22.08475147146073,38.6566658596805,0
2026-01-01 02:05:30,3.298802597816601,22.10126609521519,41.230516018918685,0
2026-01-01 02:05:40,3.3577489677094414,21.951954542715452,39.72636850427138,0
2026-01-01 02:05:50,2.8546113707988106,21.917656227647864,38.880132480189644,0
2026-01-01 02:06:00,2.80211931944423,21.718052618473802,37.40515325240973,0
2026-01-01 02:06:10,2.9307269238955334,21.89752809900185,39.637753831193834,0
2026-01-01 02:06:20,2.4893360201759966,21.814873725464196,39.080958031183584,0
2026-01-01 02:06:30,3.315568517179681,21.80511883152203,39.472118023275236,0
2026-01-01 02:06:40,3.410776439226563,21.54457305078015,39.43089325152124,0
2026-01-01 02:06:50,3.099619574749322,21.98742433185009,38.72735704871378,0
2026-01-01 02:07:00,3.4056085428542144,22.11287496297217,40.3546267935399,0
2026-01-01 02:07:10,2.681094602526901,22.13992000982716,38.493918104736984,0
2026-01-01 02:07:20,2.7460061253400916,21.990137087707403,37.171349621868636,0
2026-01-01 02:07:30,2.881859439466948,21.953293633681902,39.0466632378934,0
2026-01-01 02:07:40,3.1625526268008954,22.65646381563663,41.69421038401592,0
2026-01-01 02:07:50,3.2045072069711416,22.1575189192865,37.108491130981584,0
2026-01-01 02:08:00,2.6446919483063933,21.800246280563453,42.5540447325219,0
2026-01-01 02:08:10,2.97757674955495,22.498756686213888,39.906993985950955,0
2026-01-01 02:08:20,2.9180632942779265,22.421772661989305,39.21075646967876,0
2026-01-01 02:08:30,2.410712243329316,21.902646408249993,39.55024270558768,0
2026-01-01 02:08:40,3.078585104802394,21.497956900297346,39.473205697294354,0
2026-01-01 02:08:50,3.805402271419222,22.118249795498837,37.725036175868816,0
2026-01-01 02:09:00,2.732302382943466,22.160835303281175,38.0627115973477,0
2026-01-01 02:09:10,3.0872558400530123,21.756849895729673,39.19131594527653,0
2026-01-01 02:09:20,3.114114434464893,21.92366347254266,40.10124052187091,0
2026-01-01 02:09:30,3.1335259414060204,22.487183660922224,39.23020545322991,0
2026-01-01 02:09:40,3.034851925222965,21.66204061863581,40.602340912581575,0
2026-01-01 02:09:50,3.1404946754817415,21.559083140065432,41.022039265664425,0
2026-01-01 02:10:00,2.8918056263801426,22.215567674057493,40.44427720709652,0
2026-01-01 02:10:10,3.1125650871471486,21.745076901188483,40.687580055327224,0
2026-01-01 02:10:20,2.785635897458739,21.89531797292871,41.24369474100417,0
2026-01-01 02:10:30,2.991800419768172,21.62539745008416,38.99833066529667,0
2026-01-01 02:10:40,2.979126537323632,22.35599502488684,42.38652895866267,0
2026-01-01 02:10:50,2.9382694205910997,20.900998062909906,39.250404735772555,0
2026-01-01 02:11:00,3.351498693534165,21.853865618795012,39.100950259239525,0
2026-01-01 02:11:10,2.666998928434222,22.307282886652693,40.32309475818443,0
2026-01-01 02:11:20,2.804750182311011,22.000738382092404,40.08450443021818,0
2026-01-01 02:11:30,2.84635628029556,21.88502099223986,40.43099335660452,0
2026-01-01 02:11:40,2.534060383989351,21.87940105459165,40.373768007570845,0
2026-01-01 02:11:50,2.7319520298337174,21.833522238045898,38.304895991439466,0
2026-01-01 02:12:00,3.428735105565309,21.754019824740666,40.48752120438481,0
2026-01-01 02:12:10,2.8661271977340745,22.274203095516082,42.772913249944615,0
2026-01-01 02:12:20,2.8080024549667653,21.93351140611594,42.30078241154826,0
2026-01-01 02:12:30,3.041353351464235,21.92212108155333,39.903717734337256,0
2026-01-01 02:12:40,3.151621282029299,22.078338098804274,41.04253104263233,0
2026-01-01 02:12:50,2.5613325780930474,22.347661836998757,39.316690710964195,0
2026-01-01 02:13:00,3.0994024940338023,22.213360340495026,38.55596945183807,0
2026-01-01 02:13:10,2.7057038405013243,22.35041871701192,42.20900601362647,0
2026-01-01 02:13:20,2.673504153891284,21.488251801658862,39.83711054393133,0
2026-01-01 02:13:30,2.760195463987198,22.39862820423178,39.300256931157705,0
2026-01-01 02:13:40,2.85946984551589,21.538122102946854,38.35689864548615,0
2026-01-01 02:13:50,3.089517553969891,22.03408377985356,35.513296043648914,0
2026-01-01 02:14:00,3.6226912626497514,21.85109100628576,41.23712350985845,0
2026-01-01 02:14:10,3.244802054632327,21.620433391670066,42.621044796873335,0
2026-01-01 02:14:20,2.918952002285201,22.237570693769058,38.343383083732625,0
2026-01-01 02:14:30,3.277191137575321,21.788408916774394,38.41516353585962,0
2026-01-01 02:14:40,3.068794238530394,22.68506708513543,39.90600321470116,0
2026-01-01 02:14:50,2.4448105074915443,21.452673984466877,42.98091399884621,0
2026-01-01 02:15:00,3.0368530315620594,21.59653439953327,39.58402591515103,0
2026-01-01 02:15:10,3.2145487202282053,22.217391751468035,40.29971565057807,0
2026-01-01 02:15:20,3.572825595688048,22.323955728664448,39.67489522839364,0
2026-01-01 02:15:30,3.2577941373368917,21.95091642656171,40.140058561414975,0
2026-01-01 02:15:40,2.691571077653421,21.96115271956994,40.22336511376956,0
2026-01-01 02:15:50,2.7961677231204862,22.028814744513497,39.681686545148274,0
2026-01-01 02:16:00,2.476700784216523,22.232897791025504,39.90103806866379,0
2026-01-01 02:16:10,3.1351966666003963,21.834557786631343,42.831531486010284,0
2026-01-01 02:16:20,2.5750699115411417,22.261277244232122,37.20168234838282,0
2026-01-01 02:16:30,3.308596313836767,21.962545524504332,41.988694971313286,0
2026-01-01 02:16:40,3.346069028597958,21.792556808387882,38.38290677505443,0
2026-01-01 02:16:50,2.808998971498286,21.392261569809264,35.751766602834145,0
2026-01-01 02:17:00,2.8333291956156215,21.47946258926577,40.72666990791841,0
2026-01-01 02:17:10,3.138499888413409,21.252103320121833,39.417218837225484,0
2026-01-01 02:17:20,3.100821350377701,22.782869813455854,39.95975223443641,0
2026-01-01 02:17:30,2.8458484149471683,22.181403485021786,38.52655894861798,0
2026-01-01 02:17:40,3.517039602020131,22.199634226186376,39.797798692739185,0
2026-01-01 02:17:50,2.7880318263499584,22.24408646783569,40.235459441452655,0
2026-01-01 02:18:00,2.9350643331685657,21.747885422373944,36.72205472899764,0
2026-01-01 02:18:10,3.3431510179261172,22.170195973296092,41.79587038546784,0
2026-01-01 02:18:20,2.860434940014576,21.884481878920205,38.396069716871764,0
2026-01-01 02:18:30,2.4639162805980455,21.777781288205254,40.306583547404465,0
2026-01-01 02:18:40,2.8868867492597223,21.86015400398578,38.200210416730606,0
2026-01-01 02:18:50,2.912323435366848,21.39421187632769,40.48238981700886,0
2026-01-01 02:19:00,3.106064358959603,21.897627775332097,42.055614540975796,0
2026-01-01 02:19:10,3.4288373406132022,22.08093151856912,42.447785348633666,0
2026-01-01 02:19:20,3.48791412170059,21.798952154467298,39.55210489358556,0
2026-01-01 02:19:30,3.0822082058016256,22.480212663389548,40.21053980477207,0
2026-01-01 02:19:40,3.219670352139796,21.91464311255714,40.98201492622347,0
2026-01-01 02:19:50,2.8580204859500853,21.21955925438455,40.21538190475774,0
2026-01-01 02:20:00,2.9323029890345795,21.965756764211502,42.26145033837052,0
2026-01-01 02:20:10,2.792354336376933,22.41668986562354,40.87531645451783,0
2026-01-01 02:20:20,3.4040009171264596,21.810261823238612,40.11015177886168,0
2026-01-01 02:20:30,2.899086401066879,21.708159012077036,40.542125975909656,0
2026-01-01 02:20:40,3.1330505161753575,21.53925264616529,38.927467197954634,0
2026-01-01 02:20:50,2.6914270423481623,21.535286462435053,39.575291654884346,0
2026-01-01 02:21:00,3.448830670027668,21.809604559045454,38.7392935964711,0
2026-01-01 02:21:10,2.9325763138455048,22.419482850566624,42.483110669632445,0
2026-01-01 02:21:20,2.887901376520749,21.797091435762475,39.10914524196955,0
2026-01-01 02:21:30,2.9681335518473966,21.236257564997082,41.97745348727901,0
2026-01-01 02:21:40,2.9452745593381384,22.012430386750005,38.98499379512798,0
2026-01-01 02:21:50,3.3013778727379472,21.30751947862203,42.242407341179856,0
2026-01-01 02:22:00,2.4798520936548996,22.13638107608865,38.47074069642372,0
2026-01-01 02:22:10,3.280328334969392,22.3387083100866,36.80915886947275,0
2026-01-01 02:22:20,3.363073050152063,21.892393381434072,39.11377435189629,0
2026-01-01 02:22:30,3.1965121841345367,21.95573385257707,38.65503665902719,0
2026-01-01 02:22:40,3.2032078565059265,21.68998632423051,39.983593244475706,0
2026-01-01 02:22:50,2.802754518610097,21.58458247166241,37.553086276808585,0
2026-01-01 02:23:00,3.0756502051426726,21.525572307440235,40.91266310421129,0
2026-01-01 02:23:10,3.214295680762096,21.816363875912405,38.95809944625528,0
2026-01-01 02:23:20,3.5094278719001197,21.65397142913155,42.35169419679471,0
2026-01-01 02:23:30,2.742149988059947,21.473147232021365,41.16404187076521,0
2026-01-01 02:23:40,2.906245151797299,22.244009267913782,39.296287952381356,0
2026-01-01 02:23:50,2.571555451366471,22.390124983391193,40.773442132665934,0
2026-01-01 02:24:00,2.8873518340943347,22.472941137636713,40.722675561791924,0
2026-01-01 02:24:10,2.7912415739565675,21.521284541429477,41.340546534083664,0
2026-01-01 02:24:20,3.1815671103054766,22.446173318952454,41.57918733535407,0
2026-01-01 02:24:30,3.067124495872292,22.912660734615535,39.073537484599456,0
2026-01-01 02:24:40,2.4491784037492383,21.686203742703157,41.71690942307514,0
2026-01-01 02:24:50,3.06291398975921,22.074070214731965,40.63816729627626,0
2026-01-01 02:25:00,3.4408747612082657,22.118170914625953,40.995171593727264,0
2026-01-01 02:25:10,2.782726040382498,22.360159435358025,40.676837978977765,0
2026-01-01 02:25:20,3.270487012817809,22.675376862298453,42.4348947782293,0
2026-01-01 02:25:30,3.2751945484076326,21.337350716928892,39.21332779560602,0
2026-01-01 02:25:40,3.2186727466688345,21.58509370361491,40.92794518016461,0
2026-01-01 02:25:50,2.6051189876777703,22.1135004094646,38.51818998864888,0
2026-01-01 02:26:00,2.914149408993609,21.154053481993202,39.68646835052296,0
2026-01-01 02:26:10,3.1600455230473585,21.571659032526224,42.86712863070959,0
2026-01-01 02:26:20,2.8362472242086767,21.65189751059311,40.32866590005162,0
2026-01-01 02:26:30,3.023143435764938,22.073884189912434,41.406873306265986,0
2026-01-01 02:26:40,2.7680749633288557,22.000200026013452,40.29445662538653,0
2026-01-01 02:26:50,2.760655875498799,21.930879305041415,41.15788023225501,0
2026-01-01 02:27:00,2.7006976281778052,22.4146587317677,42.85233888267051,0
2026-01-01 02:27:10,3.073445812168362,22.25546406745724,41.587177487630726,0
2026-01-01 02:27:20,2.965303929435531,22.101035970951635,40.97896961076562,0
2026-01-01 02:27:30,2.6586937630347798,21.904755825475178,40.06900412087991,0
2026-01-01 02:27:40,3.3495096314518373,21.501762435354177,37.04499931687169,0
2026-01-01 02:27:50,3.2126156020553793,22.09257836901023,40.969734306588656,0
2026-01-01 02:28:00,3.460544616002265,21.737217929440636,39.43366801538656,0
2026-01-01 02:28:10,3.0553445945176634,21.72511776983088,41.3554428011055,0
2026-01-01 02:28:20,3.4007064085059873,22.24028894917434,40.7462645290427,0
2026-01-01 02:28:30,3.444144887556515,22.141489078923122,41.363364812497416,0
2026-01-01 02:28:40,3.069523291078164,22.862936693650884,40.43850677755814,0
2026-01-01 02:28:50,3.967350632352466,22.700963971810065,42.45499968473549,0
2026-01-01 02:29:00,3.7077865521164317,22.913588337823377,44.751864678481375,0
2026-01-01 02:29:10,3.502438268692984,23.583089615826456,44.33802348110171,0
2026-01-01 02:29:20,3.9252623370952238,23.077406282085228,46.34305969387487,0
2026-01-01 02:29:30,4.144231957344787,23.253994846821215,46.47064787569806,0
2026-01-01 02:29:40,4.567710575257183,23.518622327039083,46.21662497540462,0
2026-01-01 02:29:50,4.461516129938611,24.33024641952678,47.7280376315398,0
2026-01-01 02:30:00,4.939734573097722,24.308498318374106,49.09452145820071,0
2026-01-01 02:30:10,4.999937265477645,24.04543776237376,48.4494739128323,0
2026-01-01 02:30:20,5.583876076574089,24.295572152044247,48.30520389997269,0
2026-01-01 02:30:30,5.416622540953624,24.783828545298277,48.35102975295602,0
2026-01-01 02:30:40,5.7243715712460945,25.696012216605176,50.19613145902391,0
2026-01-01 02:30:50,5.485853008719466,24.735311842483956,50.92464264788784,0
2026-01-01 02:31:00,6.054108801996585,25.542550323948614,51.33092949241448,0
2026-01-01 02:31:10,5.882145669642139,25.272350910184574,52.834751326324884,0
2026-01-01 02:31:20,6.349420990943783,25.336281063992782,54.25650564484735,0
2026-01-01 02:31:30,6.448147577512133,26.419878393543737,51.99120558484822,0
2026-01-01 02:31:40,6.226835168916912,26.15530920706981,54.5027844268952,0
2026-01-01 02:31:50,7.025938831252059,26.61182367414454,54.42398538985463,0
2026-01-01 02:32:00,6.628059491800156,26.969000171815747,54.36862790758262,0
2026-01-01 02:32:10,7.325693710954464,26.714684605118048,57.59058207261785,0
2026-01-01 02:32:20,7.302452924678523,26.958901353167263,56.147270294840546,1
2026-01-01 02:32:30,7.265151757864118,27.328495007712572,57.410489829551054,1
2026-01-01 02:32:40,7.381237718386259,27.350310576904707,58.07857702971915,1
2026-01-01 02:32:50,7.2409198477837045,27.73745043443661,57.68694544194987,1
2026-01-01 02:33:00,7.602666852692184,27.29379669586679,57.53944083546544,1
2026-01-01 02:33:10,2.5933657490663133,22.797133050108012,38.83105660071785,0
2026-01-01 02:33:20,3.1201444159518985,22.05242607448634,39.88383480891101,0
2026-01-01 02:33:30,2.641411870920227,21.28130479480878,42.23556920528947,0
2026-01-01 02:33:40,2.9160568972868983,21.614184882035925,40.7589483301838,0
2026-01-01 02:33:50,2.781518339278016,22.03231665188879,38.97841725907798,0
2026-01-01 02:34:00,3.0637722091896644,22.410794505327893,41.658850636535966,0
2026-01-01 02:34:10,2.830815753582527,22.049566970537057,38.812435974148606,0
2026-01-01 02:34:20,2.5269010553427007,21.678870222419665,39.88904070460843,0
2026-01-01 02:34:30,2.977300318702251,21.69747063014857,40.25882528770629,0
2026-01-01 02:34:40,3.151676772550762,22.595645243331315,43.40717461813419,0
2026-01-01 02:34:50,2.8786807730448114,21.717308094592305,41.34797268802735,0
2026-01-01 02:35:00,3.1307926168500138,20.987101565912127,41.023104235093946,0
2026-01-01 02:35:10,3.03785337109859,22.551665035279,39.8749297833423,0
2026-01-01 02:35:20,2.7975197943628345,21.838769604373987,42.9873299533071,0
2026-01-01 02:35:30,2.750381608545043,22.052657826767714,39.115648924011396,0
2026-01-01 02:35:40,2.6122123958543213,21.787132574749123,39.08896835018168,0
2026-01-01 02:35:50,2.9768336864330864,22.13033634085917,41.812521726360345,0
2026-01-01 02:36:00,3.075770653798987,22.553812819037564,40.66629749093601,0
2026-01-01 02:36:10,3.330396887320729,21.391361262946933,42.62010840626252,0
2026-01-01 02:36:20,3.6817304161340645,22.355614848911955,40.860616631506616,0
2026-01-01 02:36:30,2.6171086750384993,22.560159917918114,40.83133705591906,0
2026-01-01 02:36:40,3.2086207423650897,21.543596596098904,39.83273675928559,0
2026-01-01 02:36:50,2.7585100557442317,21.793126766477574,39.17775046604613,0
2026-01-01 02:37:00,2.961703595544543,21.775756945261076,35.605826964996595,0
2026-01-01 02:37:10,3.6158916073504987,21.920892382117753,40.283666824905914,0
2026-01-01 02:37:20,3.5087168633432597,22.758915477909245,40.235040592369785,0
2026-01-01 02:37:30,3.3070591932556033,22.841469241224686,40.89459560367648,0
2026-01-01 02:37:40,2.8636356843769666,21.912538689025986,39.862900663736326,0
2026-01-01 02:37:50,2.9757364506403614,21.34495803301733,40.17940039400066,0
2026-01-01 02:38:00,3.29334466490586,21.15774122326387,41.73038551497539,0
2026-01-01 02:38:10,3.415904819178853,20.943640928262518,39.514843198683096,0
2026-01-01 02:38:20,2.696820534021326,21.793912642476702,42.29529279829503,0
2026-01-01 02:38:30,3.199478148690522,21.44246758247483,39.15080711708865,0
2026-01-01 02:38:40,3.148859756208995,21.785873314972935,40.767249363042794,0
2026-01-01 02:38:50,3.580546212018069,21.641003374733117,38.03172628370832,0
2026-01-01 02:39:00,3.013566812699995,22.020479160752434,39.2473237107827,0
2026-01-01 02:39:10,2.5882603356347698,21.761030653942708,41.616852609179986,0
2026-01-01 02:39:20,3.513612085205368,21.300945396068695,40.65215509683534,0
2026-01-01 02:39:30,3.142629204757987,22.06388709147284,39.45063745378273,0
2026-01-01 02:39:40,3.383855600928048,21.113272464258372,40.75411721123622,0
2026-01-01 02:39:50,2.252018753900977,22.15937964914315,38.757403817809525,0
2026-01-01 02:40:00,2.8254653899823836,21.530448014236413,39.703093406522974,0
2026-01-01 02:40:10,3.6203719014490656,22.457079966494074,37.40118396346847,0
2026-01-01 02:40:20,2.9689706327129146,21.504378918989342,43.14376525271374,0
2026-01-01 02:40:30,3.478332717524759,22.48186977599748,39.06385193151144,0
2026-01-01 02:40:40,3.263825112341221,21.569049569206097,42.06474467502931,0
2026-01-01 02:40:50,3.0939396420039467,21.895141942452838,43.6622565132542,0
2026-01-01 02:41:00,2.8405636345922356,21.372856229853817,40.52006496640738,0
2026-01-01 02:41:10,3.753466965475327,21.99930539068972,39.65816802767401,0
2026-01-01 02:41:20,3.192162880522432,22.04923128066247,39.83030792122639,0
2026-01-01 02:41:30,2.6102350909662526,22.34103832131804,43.18085218064575,0
2026-01-01 02:41:40,3.2875157459526125,22.020664390740432,40.343612032308556,0
2026-01-01 02:41:50,3.3222954038146684,22.50123556692083,40.58750592342291,0
2026-01-01 02:42:00,3.096235717779805,22.07762077744235,38.09490836693195,0
2026-01-01 02:42:10,3.0860867562905128,21.748259160125325,38.87617657436662,0
2026-01-01 02:42:20,3.6374314209050884,22.53253562479536,42.88055125321639,0
2026-01-01 02:42:30,2.633131494133331,21.404341432840347,40.14118640168392,0
2026-01-01 02:42:40,3.3718752019324683,21.841508128759298,41.602569000541024,0
2026-01-01 02:42:50,3.1812362668765553,21.957058083714394,41.499128549016866,0
2026-01-01 02:43:00,3.37776997193604,22.458576348160292,38.539931742959446,0
2026-01-01 02:43:10,3.302140000941948,21.88934565233542,40.676337062818774,0
2026-01-01 02:43:20,3.614943628735778,22.000273127582993,41.17319500229719,0
2026-01-01 02:43:30,2.762730185499734,21.677301447916204,37.4609775767336,0
2026-01-01 02:43:40,3.0102082233216696,22.044549040736023,39.731360072475766,0
2026-01-01 02:43:50,3.118745934328777,22.304047350502543,41.581618168329115,0
2026-01-01 02:44:00,2.704258857399652,21.88633796082848,41.79214429281541,0
2026-01-01 02:44:10,3.2683941562721617,22.008881573817053,37.80861259202251,0
2026-01-01 02:44:20,3.569330105023793,21.620842913092407,38.74851543176263,0
2026-01-01 02:44:30,3.229208934471858,21.666682016703003,39.042584551454276,0
2026-01-01 02:44:40,2.9292090038367085,22.297674284126014,40.63231912530484,0
2026-01-01 02:44:50,3.0800455188886207,21.396724858258427,38.26453228728656,0
2026-01-01 02:45:00,2.703012662234396,21.985996955997507,38.783498704556735,0
2026-01-01 02:45:10,2.6657860649514022,21.849063169220877,41.075925371738165,0
2026-01-01 02:45:20,3.1224158540510265,22.220319028909465,40.66716071174739,0
2026-01-01 02:45:30,2.7523038951593572,21.546241446917403,41.844661336782906,0
2026-01-01 02:45:40,3.048146887192044,22.885012415758897,39.459941096864526,0
2026-01-01 02:45:50,2.781576870643404,21.948440326352724,40.51098120461821,0
2026-01-01 02:46:00,3.2194140757724976,22.236168824500584,39.786780194589184,0
2026-01-01 02:46:10,3.101606195376507,22.160767582069568,38.91705500931231,0
2026-01-01 02:46:20,2.6570942063778813,22.328063274702195,39.90296709245122,0
2026-01-01 02:46:30,3.0218622294046544,21.91850914878336,42.709774315993016,0
2026-01-01 02:46:40,2.6641361614850494,21.842588057612108,40.26804207521571,0
2026-01-01 02:46:50,3.368764435289115,22.03644034664245,42.709802007189,0
2026-01-01 02:47:00,3.3826172213997046,21.93931422656911,40.80003886705818,0
2026-01-01 02:47:10,3.2518405513555213,22.189220371293285,41.40599093773132,0
2026-01-01 02:47:20,3.2616591000218933,21.873965307522358,39.14238093706591,0
2026-01-01 02:47:30,3.0997822530972594,22.029089850961316,40.28094332473483,0
2026-01-01 02:47:40,2.7251037242779743,21.665231718481486,39.789437411642,0
2026-01-01 02:47:50,3.0922838004567588,21.590965859891163,39.545557934688546,0
2026-01-01 02:48:00,3.1272200584555354,22.015778819296298,37.84613571419721,0
2026-01-01 02:48:10,2.605255255071748,20.91108890363074,41.41381784268021,0
2026-01-01 02:48:20,3.97292789087842,22.923166500246445,39.72782639612873,0
2026-01-01 02:48:30,2.9680988992406054,21.378628880613284,42.618807004202736,0
2026-01-01 02:48:40,2.8133895583336854,22.233095033269546,40.74531038576139,0
2026-01-01 02:48:50,3.320931436495155,21.33785244743768,39.57174445454333,0
2026-01-01 02:49:00,2.3944536406834085,22.058025498383753,41.189763532328016,0
2026-01-01 02:49:10,2.963382860363617,21.43635722889761,39.38704613119499,0
2026-01-01 02:49:20,2.8570638646019137,22.156383971504145,40.3216785413765,0
2026-01-01 02:49:30,3.2002786278600306,21.901455455443987,40.485163504530995,0
2026-01-01 02:49:40,2.8979203240447626,22.453542999165617,42.762191041146906,0
2026-01-01 02:49:50,3.205173573591579,22.424221698004676,42.32910677871013,0
2026-01-01 02:50:00,3.9172351935521634,22.665532615109957,41.97441633740077,0
2026-01-01 02:50:10,3.4395487048501163,23.031031438792432,45.37540937347708,0
2026-01-01 02:50:20,4.055471692392935,23.193316306244885,44.32208231076699,0
2026-01-01 02:50:30,4.164448265876946,23.156095688321958,45.489946582344366,0
2026-01-01 02:50:40,4.378485637955684,23.6052839755801,44.35796730605509,0
2026-01-01 02:50:50,4.7607015863869515,23.999410823599934,45.4470791626327,0
2026-01-01 02:51:00,4.867031637403054,23.85072874848444,45.88466317415563,0
2026-01-01 02:51:10,4.681392709837276,23.66867943407357,47.80487571375154,0
2026-01-01 02:51:20,4.63377102433233,24.03146685062027,45.92441199092147,0
2026-01-01 02:51:30,5.149452728108488,24.55490386191844,48.339970453480305,0
2026-01-01 02:51:40,5.124817794399219,24.44832987396901,49.79770319687991,0
2026-01-01 02:51:50,5.389889613658302,25.094907496460845,49.11475131387578,0
2026-01-01 02:52:00,5.702879215220882,25.59098341119482,51.25283246705945,0
2026-01-01 02:52:10,5.750850569690037,25.477159691106777,51.092668158803114,0
2026-01-01 02:52:20,6.001576036938945,25.50231668435545,51.83566479411461,0
2026-01-01 02:52:30,6.209085337281501,25.501992390125416,51.65078783967669,0
2026-01-01 02:52:40,6.055624822567091,25.519918668648888,52.11605064111285,0
2026-01-01 02:52:50,6.531892501360826,25.932163745352433,54.5136144642311,0
2026-01-01 02:53:00,6.673609416417179,25.809448735968584,55.32164225088835,0
2026-01-01 02:53:10,6.995493062451676,26.301841197549546,55.753524876228326,0
2026-01-01 02:53:20,6.82870035251816,26.829301113024503,54.735501593045036,0
2026-01-01 02:53:30,6.808045376159751,26.88515484311611,56.54293772039183,1
2026-01-01 02:53:40,7.253797394610413,26.84479083253323,56.9334342712022,1
2026-01-01 02:53:50,7.553858950516147,27.386532090963236,58.18250103059921,1
2026-01-01 02:54:00,7.532643626575821,27.95151537441485,57.49049333011189,1
2026-01-01 02:54:10,7.930845392750677,28.15456732788799,59.814241426082226,1
2026-01-01 02:54:20,2.6251814390821417,21.556806783182836,37.89713789842564,0
2026-01-01 02:54:30,3.3960552591595254,22.4950615030048,40.56965145406134,0
2026-01-01 02:54:40,2.9165642309066286,21.86512474488353,38.828054939765416,0
2026-01-01 02:54:50,2.6925023058543713,22.64351234229375,41.242344535276935,0
2026-01-01 02:55:00,2.8537831751129685,22.213459198147554,42.11532070722161,0
2026-01-01 02:55:10,2.95647702128891,22.51842522471256,38.33926477479632,0
2026-01-01 02:55:20,2.6670141488891255,22.45882455113617,40.21421408866387,0
2026-01-01 02:55:30,2.826674847553747,21.710403867302958,39.70691447323446,0
2026-01-01 02:55:40,2.839148350012803,21.89438489520224,38.40805970243278,0
2026-01-01 02:55:50,2.9863605071612986,22.127809868313182,42.480425902738425,0
2026-01-01 02:56:00,3.463577150926423,22.965686924895493,39.29463461154508,0
2026-01-01 02:56:10,2.8712808369295626,21.561052672411574,37.78461260870215,0
2026-01-01 02:56:20,3.114373279943422,21.945629084057693,40.92716365381088,0
2026-01-01 02:56:30,3.452837308022307,21.386919776044028,39.705579022918094,0
2026-01-01 02:56:40,2.957065278910867,22.314812334748645,40.44609228029666,0
2026-01-01 02:56:50,2.9694839923340863,21.121548871560023,39.75681403678021,0
2026-01-01 02:57:00,3.4540008835067177,22.159211211984747,39.18831194119774,0
2026-01-01 02:57:10,3.320061026512812,21.84277889717544,41.502447737812844,0
2026-01-01 02:57:20,3.0478943308223707,22.228563355087513,41.17717237602128,0
2026-01-01 02:57:30,3.186456554584767,21.777552501295688,39.80490955966957,0
2026-01-01 02:57:40,2.833698609806001,22.775995356590535,38.88702485786208,0
2026-01-01 02:57:50,3.387490568028134,22.23436168046586,38.894844796078566,0
2026-01-01 02:58:00,2.8036794314494458,21.627734312815846,39.825234432479526,0
2026-01-01 02:58:10,3.4994405487721356,21.96502586848913,40.82247944133175,0
2026-01-01 02:58:20,3.0179303512119846,22.379809167184405,38.479291101040204,0
2026-01-01 02:58:30,3.254379652005979,21.894936191873533,39.4954195818833,0
2026-01-01 02:58:40,3.1505364630572115,21.64376037947847,40.18151333150755,0
2026-01-01 02:58:50,3.409661368925114,22.342180229763404,39.946040609075894,0
2026-01-01 02:59:00,3.6370770038766924,22.597517753576746,39.47288533340903,0
2026-01-01 02:59:10,3.672848722946845,22.42858772427482,42.19656354764246,0
2026-01-01 02:59:20,3.8682674675253184,22.63511862460055,41.02107405262485,0
2026-01-01 02:59:30,4.134442371714499,23.349375041360585,43.24607732015039,0
2026-01-01 02:59:40,4.170684290298423,23.089183980380895,44.09697017676085,0
2026-01-01 02:59:50,4.137809078139319,23.30131677439281,45.02596924675242,0
2026-01-01 03:00:00,4.091697568604215,23.524525750770326,45.64781280581674,0
2026-01-01 03:00:10,4.867620141592327,23.44973973540619,46.52055305773243,0
2026-01-01 03:00:20,4.792696421952239,23.436984380795177,47.07719868107591,0
2026-01-01 03:00:30,5.009390349130089,24.37659580381473,47.24940607846066,0
2026-01-01 03:00:40,5.066648007304486,24.45095340917471,46.310542661684806,0
2026-01-01 03:00:50,5.20533073161756,24.4898788782055,47.961844495668686,0
2026-01-01 03:01:00,5.830327324050665,25.175784715885868,48.183161273018946,0
2026-01-01 03:01:10,5.569327239313168,25.437407582669298,48.503800845924,0
2026-01-01 03:01:20,5.6820632949480965,25.23722181771585,49.39217378416764,0
2026-01-01 03:01:30,5.909243394255779,25.734873917155436,52.841380924752485,0
2026-01-01 03:01:40,5.950127179674811,26.350493510540534,49.942033246603245,0
2026-01-01 03:01:50,6.237910008629559,25.376311704021045,52.756849304163566,0
2026-01-01 03:02:00,6.228951983312327,26.15206323691717,53.206452619231136,0
2026-01-01 03:02:10,6.334803164394697,25.971912715730806,55.93245949744955,0
2026-01-01 03:02:20,6.755371414359149,25.88936138803848,55.21745440178343,0
2026-01-01 03:02:30,6.794398000861735,26.601380326129142,56.153221487315136,0
2026-01-01 03:02:40,7.236645434742569,26.542356181623795,55.97025834584461,0
2026-01-01 03:02:50,7.0574444661189535,27.17905865432228,56.4343621729305,1
2026-01-01 03:03:00,7.339183629273709,27.11891697169695,57.227213817764,1
2026-01-01 03:03:10,7.8409302011856274,28.117229849430316,58.377092093742476,1
2026-01-01 03:03:20,7.646672710703286,27.121308971733097,57.906248466855295,1
2026-01-01 03:03:30,7.807986126176152,27.585481033808772,58.723432570461405,1
2026-01-01 03:03:40,2.7045020622548956,22.079472003818964,39.88139898720316,0
2026-01-01 03:03:50,2.826262767109276,21.791654533939656,37.62887377403584,0
2026-01-01 03:04:00,3.650980976424163,21.43052694524643,37.22223590263801,0
2026-01-01 03:04:10,3.2350768994395818,21.88947214594942,38.77594315690859,0
2026-01-01 03:04:20,3.4795614336289025,22.32085138344725,41.293335267830464,0
2026-01-01 03:04:30,2.5751318832622063,22.648390386499756,39.83037949617065,0
2026-01-01 03:04:40,3.1550839547245113,21.91139469481915,39.96654957442292,0
2026-01-01 03:04:50,2.7933343372273782,22.370746754300782,43.30634345394346,0
2026-01-01 03:05:00,3.2797304612864,21.833959884414654,41.05105091818088,0
2026-01-01 03:05:10,3.844396333341766,22.548017464468398,37.55068324226444,0
2026-01-01 03:05:20,3.138081487494691,22.077936936108056,38.47045702043671,0
2026-01-01 03:05:30,3.061908531397635,21.799501544706608,42.1398894704867,0
2026-01-01 03:05:40,3.224970071827113,22.11170713528661,38.57363390546915,0
2026-01-01 03:05:50,3.0955563014396623,22.30547908633922,41.69106101566833,0
2026-01-01 03:06:00,3.171601883490142,21.718108625755647,37.693622805326235,0
2026-01-01 03:06:10,2.9565286262755706,21.9628068833642,39.63118186637435,0
2026-01-01 03:06:20,2.8834959185096523,21.877752355572675,40.950491537161085,0
2026-01-01 03:06:30,2.790540097616685,21.854518753559795,40.0745065844504,0
2026-01-01 03:06:40,3.3933502493407874,21.91027241164876,41.289377308515334,0
2026-01-01 03:06:50,3.0239404452176197,21.928073347447985,40.242672868901884,0
2026-01-01 03:07:00,2.670413872446656,22.568201714908426,39.82977903117679,0
2026-01-01 03:07:10,3.0664675420872634,22.407074565094543,41.1553756719566,0
2026-01-01 03:07:20,3.178647269291777,21.764042097414844,39.801745966533446,0
2026-01-01 03:07:30,3.0216836896152865,21.607837036080785,38.365975005121754,0
2026-01-01 03:07:40,3.405321867723942,22.35447647543392,39.906040634009145,0
2026-01-01 03:07:50,3.072937037553868,22.421943627684353,39.719671254429024,0
2026-01-01 03:08:00,3.3438090432426195,21.689051406061637,42.33818377674534,0
2026-01-01 03:08:10,2.540861577076987,21.663757029012142,41.124924955976866,0
2026-01-01 03:08:20,2.9271903756524154,21.243995931526822,39.31780792393346,0
2026-01-01 03:08:30,2.6880580406919345,22.04783947128698,39.04686533974637,0
2026-01-01 03:08:40,3.0923029960203343,21.561792244461774,38.6788688655959,0
2026-01-01 03:08:50,3.539617505505394,22.054455096052514,36.06899356047842,0
2026-01-01 03:09:00,3.214073032045986,22.381567726581597,39.889187439720914,0
2026-01-01 03:09:10,3.0890180559623586,22.183223865443335,41.00462419489878,0
2026-01-01 03:09:20,3.5115940707072846,22.401268957698242,41.95221963135649,0
2026-01-01 03:09:30,3.8276719464541884,22.714392883679437,42.31165285600478,0
2026-01-01 03:09:40,3.362884501648653,22.010780958951283,43.055042395896834,0
2026-01-01 03:09:50,3.8143684870771586,22.845565197525577,43.57686353751968,0
2026-01-01 03:10:00,3.9879192541606185,23.538334075190168,44.08611086825898,0
2026-01-01 03:10:10,4.017282009652633,23.697049871687785,44.44953559172046,0
2026-01-01 03:10:20,4.4386406700677945,23.45677678814216,44.683506447835896,0
2026-01-01 03:10:30,4.516833646037139,23.803848593063105,46.47982703536683,0
2026-01-01 03:10:40,4.612937516004718,23.449092064868882,46.233892783078275,0
2026-01-01 03:10:50,4.992097026762096,24.110787176227067,47.08694993081879,0
2026-01-01 03:11:00,5.197275301181188,24.18640803182232,46.4571967817571,0
2026-01-01 03:11:10,5.134540442761568,24.45474781462538,47.70042034691342,0
2026-01-01 03:11:20,5.298257642153596,24.947451694174035,49.32404477176552,0
2026-01-01 03:11:30,5.561396214537248,25.544022309554627,49.657121138442434,0
2026-01-01 03:11:40,5.7223363935956,25.04723599122026,49.82030694677969,0
2026-01-01 03:11:50,5.716351802649779,25.256372428543493,51.692809130880455,0
2026-01-01 03:12:00,6.469815157340151,25.38518696911725,51.58337469438454,0
2026-01-01 03:12:10,6.1540420640444164,25.918739654612924,52.93021747862145,0
2026-01-01 03:12:20,6.590152492122956,25.27208237883944,50.946403463137656,0
2026-01-01 03:12:30,6.40082436559797,26.52919005626311,52.4343519683944,0
2026-01-01 03:12:40,6.0651401987279145,26.57135382186576,54.910323890369376,0
2026-01-01 03:12:50,6.615291651973448,26.304338119783722,54.363589613698664,0
2026-01-01 03:13:00,7.022107063494788,26.6121054171451,56.49406391897552,0
2026-01-01 03:13:10,6.595741334085789,26.74294444046166,55.54061270575562,1
2026-01-01 03:13:20,7.282065197658835,27.038585672452957,58.1311771132291,1
2026-01-01 03:13:30,7.128132645667988,27.413647442899226,58.558336423211706,1
2026-01-01 03:13:40,8.037996153979059,27.455470208671958,58.991125271019186,1
2026-01-01 03:13:50,7.47256077482086,27.082413138706094,60.178107709115025,1
2026-01-01 03:14:00,3.753461879061043,21.983779753767106,40.366316353820125,0
2026-01-01 03:14:10,2.5436610144916263,22.110632602236418,40.01283412123652,0
2026-01-01 03:14:20,3.3859877430310585,21.756006151392583,39.40552545014737,0
2026-01-01 03:14:30,2.660729912251721,22.574034959688895,39.479046566563234,0
2026-01-01 03:14:40,3.1066295772281247,22.546495595986293,41.609874101388996,0
2026-01-01 03:14:50,2.8359575731282116,22.010084347016033,37.685322658085695,0
2026-01-01 03:15:00,2.128660681026874,22.236566203714553,40.10782140357831,0
2026-01-01 03:15:10,3.141431959948452,22.083813692105117,38.362562241761346,0
2026-01-01 03:15:20,3.489471521296427,22.248778324380883,38.864309729775925,0
2026-01-01 03:15:30,2.9286866873562363,22.3990528307681,39.569808646392595,0
2026-01-01 03:15:40,2.774891691437457,21.501494394426228,37.16870214548781,0
2026-01-01 03:15:50,2.8210747444220043,21.551502503962244,41.39411497718622,0
2026-01-01 03:16:00,2.5279650719693345,21.511569014364774,39.85430333626354,0
2026-01-01 03:16:10,2.401761346956223,21.76062496776758,38.55011816352203,0
2026-01-01 03:16:20,2.6037224081810098,21.150526793070068,40.434480547314635,0
2026-01-01 03:16:30,3.0137614334653695,22.463752417320208,41.459652341522606,0
2026-01-01 03:16:40,3.0786644196710564,21.756025482221336,40.217620974263866,0
2026-01-01 03:16:50,2.802663783211327,22.203443349293376,39.35453602006804,0
2026-01-01 03:17:00,2.9582849040638406,22.482038261380012,39.33636551613464,0
2026-01-01 03:17:10,2.8976476257989967,22.482643261945565,37.70924821511553,0
2026-01-01 03:17:20,2.8853318284301546,21.72780162253,38.88201477443936,0
2026-01-01 03:17:30,2.796080031719886,21.610351261513454,41.055141875180965,0
2026-01-01 03:17:40,3.088094632158921,21.973108175139604,38.29423183629616,0
2026-01-01 03:17:50,2.732151120804576,22.197882261510014,40.57515254710547,0
2026-01-01 03:18:00,3.418387616463353,21.581914255071716,39.40540671973532,0
2026-01-01 03:18:10,2.949310438001247,21.992050545852674,39.839102851283585,0
2026-01-01 03:18:20,3.314002448184281,22.304085398532045,41.40560031265305,0
2026-01-01 03:18:30,2.8232729332405797,22.679774393203484,39.39730745958755,0
2026-01-01 03:18:40,3.3251762899606825,22.641636501390895,40.63316289023486,0
2026-01-01 03:18:50,3.4670645509640075,21.17463873900822,39.5239742616362,0
2026-01-01 03:19:00,3.0510606148480095,22.382129520849702,40.48638819405279,0
2026-01-01 03:19:10,3.6834729211746824,21.981051718982226,37.62673485498081,0
2026-01-01 03:19:20,3.005236639575797,21.462358873527034,38.26940081391357,0
2026-01-01 03:19:30,2.74646141675202,22.161685146110933,41.07380911703644,0
2026-01-01 03:19:40,3.1948291398609188,22.232711583887557,39.384810632222866,0
2026-01-01 03:19:50,3.085342688839342,22.110640306204473,41.79322097623822,0
2026-01-01 03:20:00,3.5155221217945383,21.003062748827976,40.14501418171035,0
2026-01-01 03:20:10,2.9028202497143347,21.303111322945888,39.18093730177492,0
2026-01-01 03:20:20,3.121031058861387,21.691315511927783,39.24942086481935,0
2026-01-01 03:20:30,3.1315505308697213,21.051336255656445,43.06310447939182,0
2026-01-01 03:20:40,3.2666319351033453,22.14447989750056,40.63839138019419,0
2026-01-01 03:20:50,3.3324128575149703,21.757011084951877,39.393457010964966,0
2026-01-01 03:21:00,3.172771331079701,21.940227405595564,41.68330535154657,0
2026-01-01 03:21:10,3.1109320311345168,22.12973608400595,39.20091175267464,0
2026-01-01 03:21:20,2.5808543080355544,22.488826109678474,40.48131476677687,0
2026-01-01 03:21:30,2.950631709113198,22.432022423655724,41.414182771210115,0
2026-01-01 03:21:40,3.399114505697418,22.528424695341386,40.52843566624943,0
2026-01-01 03:21:50,2.738468793587527,21.949930228646735,41.27032315582737,0
2026-01-01 03:22:00,3.324516508318528,21.81744541546501,39.4405892193548,0
2026-01-01 03:22:10,3.554505188780228,21.57662374654334,36.25290847376059,0
2026-01-01 03:22:20,2.5831202509699303,22.41636563312295,38.87944101895109,0
2026-01-01 03:22:30,3.0130756795168727,21.85966022796941,36.672478359923375,0
2026-01-01 03:22:40,3.3374511180347106,22.506178207956662,38.51306442753952,0
2026-01-01 03:22:50,3.2761794728135447,22.140148086554536,38.73351394422539,0
2026-01-01 03:23:00,3.3004099368872586,22.105833814411646,39.810802359514234,0
2026-01-01 03:23:10,3.2901933699114645,22.09067369939784,39.15766338050406,0
2026-01-01 03:23:20,2.8601088067665263,21.394817293359893,40.46628728619222,0
2026-01-01 03:23:30,2.526397439429103,22.22075438872886,41.020345312626446,0
2026-01-01 03:23:40,2.9362495905926504,22.471579359694665,40.895137969452776,0
2026-01-01 03:23:50,2.3929038065963497,22.192297831907194,42.245065611168975,0
2026-01-01 03:24:00,2.852478645362782,21.805786384544202,40.18606767764008,0
2026-01-01 03:24:10,2.812234640729555,22.50706060447519,40.433092004514755,0
2026-01-01 03:24:20,3.328401490914083,21.31653830114295,41.12060926576983,0
2026-01-01 03:24:30,3.4195773013878314,22.337242132929298,41.744257866302476,0
2026-01-01 03:24:40,2.739224293435225,21.86281393353734,40.57462323556723,0
2026-01-01 03:24:50,2.758572196014378,22.042977749736355,40.58105722094948,0
2026-01-01 03:25:00,3.5601672612936945,22.497293732191785,41.06077927757514,0
2026-01-01 03:25:10,3.29375563067692,21.81553210718615,41.13484701236971,0
2026-01-01 03:25:20,3.059845589832874,21.967620717502463,40.11835424671685,0
2026-01-01 03:25:30,2.8615883355759633,21.661938416629535,40.83008347461164,0
2026-01-01 03:25:40,3.2591839911809606,21.995310598716323,39.30875149030486,0
2026-01-01 03:25:50,2.887971091495146,22.35245868832535,40.00198853310161,0
2026-01-01 03:26:00,2.6290438990959983,22.270203999071914,40.70779350704651,0
2026-01-01 03:26:10,2.7351103804659673,21.67793129930285,41.61527221698652,0
2026-01-01 03:26:20,3.068744050349734,21.982101766097607,38.45393060310082,0
2026-01-01 03:26:30,2.686915676959309,21.366564644084967,40.6194983682067,0
2026-01-01 03:26:40,3.149146448506032,21.88227799605592,40.43991244789047,0
2026-01-01 03:26:50,2.777167546641387,22.263105270460148,39.8957015706366,0
2026-01-01 03:27:00,2.721623610164506,21.76373017524606,39.13999024117608,0
2026-01-01 03:27:10,2.917053073323974,21.92883284967824,38.63078362105523,0
2026-01-01 03:27:20,2.65693216207035,22.216658275140237,42.01996514715172,0
2026-01-01 03:27:30,2.621636444444307,22.47205126949661,41.716439602839905,0
2026-01-01 03:27:40,3.291785292812323,21.95578576119693,41.826547216287125,0
2026-01-01 03:27:50,3.076379930961276,22.200332636401683,38.68228929798691,0
2026-01-01 03:28:00,2.6727310230081693,22.3177204527908,39.72716212222994,0
2026-01-01 03:28:10,3.0414571910352044,21.912453499305748,41.14936446256076,0
2026-01-01 03:28:20,2.4832969929390645,21.22668397133377,41.603716395903874,0
2026-01-01 03:28:30,2.767968752439702,22.148084755976697,40.876471249652965,0
2026-01-01 03:28:40,2.9617611095347844,21.904905969184647,40.349306961610374,0
2026-01-01 03:28:50,3.2162316254514653,22.349129740402255,38.550764914944374,0
2026-01-01 03:29:00,3.434956055932005,21.42955105249553,40.417448468691745,0
2026-01-01 03:29:10,2.908523336292802,21.571923374842267,42.57856091926273,0
2026-01-01 03:29:20,2.92671571806704,22.173718430398143,38.97049472959776,0
2026-01-01 03:29:30,2.7469795354628888,22.580847079673024,40.021223897448635,0
2026-01-01 03:29:40,2.8480191575172555,21.66026820566824,39.57286205726497,0
2026-01-01 03:29:50,2.8503704438419106,21.70025692423089,39.667695103624396,0
2026-01-01 03:30:00,3.0084236322143973,22.041691175651362,38.21967815560889,0
2026-01-01 03:30:10,2.910478118422847,21.77344216351411,41.24742517927061,0
2026-01-01 03:30:20,3.2176585119113956,22.054668748465154,41.841906021077996,0
2026-01-01 03:30:30,2.996501893233355,22.408606157112747,41.378372281987495,0
2026-01-01 03:30:40,3.4092245812395054,21.44847867816591,39.70451402767853,0
2026-01-01 03:30:50,2.816765416474239,21.996754719355298,40.23713383798478,0
2026-01-01 03:31:00,3.4124352296910687,21.873959865592525,41.38972281265782,0
2026-01-01 03:31:10,3.068598908441016,22.654026557811008,41.96754017390899,0
2026-01-01 03:31:20,2.780020471954094,21.732078656769655,38.68641462175022,0
2026-01-01 03:31:30,3.3445337869601173,22.576778002320754,39.23143863898496,0
2026-01-01 03:31:40,2.648635147986819,22.90957641547088,39.64061151301944,0
2026-01-01 03:31:50,3.00262904546561,21.818545444963327,42.589339818453446,0
2026-01-01 03:32:00,3.2015094551463776,21.77092734393628,37.9659453322829,0
2026-01-01 03:32:10,3.1243783051621845,22.43842796299096,40.63798196249517,0
2026-01-01 03:32:20,3.180035685238983,21.84191399928638,39.103711447548314,0
2026-01-01 03:32:30,3.584473297540433,22.209289274294814,38.16951896508404,0
2026-01-01 03:32:40,2.997862916337499,22.071269633907775,44.15333846444141,0
2026-01-01 03:32:50,2.821958197279082,21.9097374477151,42.083536544444144,0
2026-01-01 03:33:00,2.9299462627245303,23.05527010264824,39.75836443410749,0
2026-01-01 03:33:10,2.5876885787114254,21.90055365849333,40.93992045589461,0
2026-01-01 03:33:20,3.6646633848614294,22.222694335534374,38.38755305841127,0
2026-01-01 03:33:30,3.0373640406071565,22.098433446126563,38.79657995929068,0
2026-01-01 03:33:40,2.7925846154465335,22.275025740797656,39.51478086718506,0
2026-01-01 03:33:50,2.652476048228163,21.743333271947847,42.498027876435295,0
2026-01-01 03:34:00,2.6295462858992726,22.383021887608756,38.61458955608681,0
2026-01-01 03:34:10,3.060883215093033,22.19210420056237,38.41733848677933,0
2026-01-01 03:34:20,3.2793808787986722,22.292763962468946,41.5488352185304,0
2026-01-01 03:34:30,3.46917004346986,21.90747962282812,39.135370635497736,0
2026-01-01 03:34:40,3.2692630710911383,22.452087908734992,38.98848556964211,0
2026-01-01 03:34:50,2.7768341804023247,21.422558295132095,39.27563524080922,0
2026-01-01 03:35:00,2.6185766453477775,21.50108294198794,39.55885228929155,0
2026-01-01 03:35:10,3.0812509547501863,22.204062987566072,41.90885524439285,0
2026-01-01 03:35:20,2.5511956328551717,22.383776212833236,41.9280779185214,0
2026-01-01 03:35:30,2.812325808693588,22.230945410042665,39.80701083047192,0
2026-01-01 03:35:40,2.9723083818597678,22.62252295539211,40.73511944237725,0
2026-01-01 03:35:50,3.1642967315757575,22.163854447473597,40.535459138900386,0
2026-01-01 03:36:00,3.0379238488300855,21.528955596875292,42.80965663693717,0
2026-01-01 03:36:10,3.29342156018913,22.289130757994204,40.16769873730508,0
2026-01-01 03:36:20,2.3900997792989855,22.8449398837943,38.81517353624962,0
2026-01-01 03:36:30,2.9994283101033727,22.637067999313153,40.02901610621763,0
2026-01-01 03:36:40,3.1220182408383343,21.61524605511762,40.202061202154205,0
2026-01-01 03:36:50,2.9644473834855263,21.683647283322173,40.051012144342224,0
2026-01-01 03:37:00,3.2305001976870944,21.750240687898568,35.350494215825094,0
2026-01-01 03:37:10,3.038595884386265,22.055458073484033,38.37081055122788,0
2026-01-01 03:37:20,2.950463123333448,21.669393931501578,40.877024922876885,0
2026-01-01 03:37:30,2.888932322440094,21.78609733166227,40.442457183563235,0
2026-01-01 03:37:40,3.3552760248094398,21.764008923698956,40.99165380360245,0
2026-01-01 03:37:50,2.620569815044344,22.2687778431258,40.576303108008844,0
2026-01-01 03:38:00,3.0783530420923526,22.409280389339195,39.70002565216483,0
2026-01-01 03:38:10,2.69124992677622,22.41176524038213,41.195052890606114,0
2026-01-01 03:38:20,3.4082028108323117,22.010621341519787,40.03428626476769,0
2026-01-01 03:38:30,3.221253868086855,21.07187376070783,41.17394473947478,0
2026-01-01 03:38:40,2.017496809825963,21.672829162565815,41.813023016252956,0
2026-01-01 03:38:50,2.989870565580704,21.32373134895742,38.53225068120009,0
2026-01-01 03:39:00,2.548409381697497,22.16745920832676,39.89966358760791,0
2026-01-01 03:39:10,3.4363969436487665,21.89375817588556,39.400182641997446,0
2026-01-01 03:39:20,2.734649078081994,21.79176232892782,37.162144148119566,0
2026-01-01 03:39:30,2.8842946007848407,22.194473916624776,37.07594236701637,0
2026-01-01 03:39:40,2.7747301587116744,21.18242532213896,39.851199470602666,0
2026-01-01 03:39:50,3.112953041451186,21.894901300925397,37.60615904713883,0
2026-01-01 03:40:00,3.198675055708722,21.627877720858223,39.91458931191281,0
2026-01-01 03:40:10,2.899098493909646,22.30259534172644,37.1289098941188,0
2026-01-01 03:40:20,2.89346350335285,22.16592979281435,39.48763505167246,0
2026-01-01 03:40:30,3.2601579185756817,22.251042519024733,39.5807388050552,0
2026-01-01 03:40:40,2.9913591915976734,21.46859898839395,41.02032318385424,0
2026-01-01 03:40:50,2.9403450769447046,22.369403446418946,38.4240650172583,0
2026-01-01 03:41:00,2.88649443522007,22.058127222130295,40.075804514189365,0
2026-01-01 03:41:10,3.446940789471406,21.812601554655874,38.86185211309694,0
2026-01-01 03:41:20,3.0743361543156245,22.640519332711037,39.70227331222741,0
2026-01-01 03:41:30,2.7354310135370596,22.4665482182677,40.79646349294614,0
2026-01-01 03:41:40,2.7562914317137435,21.885212145395055,40.44398185726444,0
2026-01-01 03:41:50,3.1178891257853483,20.950073177450356,43.823514563076586,0
2026-01-01 03:42:00,3.033080255575397,22.24670443726919,39.045241956025706,0
2026-01-01 03:42:10,3.0170779262612326,22.34829865783536,41.42321964470743,0
2026-01-01 03:42:20,2.917193205433329,22.107487410921866,38.430193980271596,0
2026-01-01 03:42:30,2.7513250697981384,21.96965141972599,37.47299863416042,0
2026-01-01 03:42:40,2.839727918411122,22.06036438545003,40.066911586651436,0
2026-01-01 03:42:50,3.3771239305443213,21.50218299996611,40.34930213114035,0
2026-01-01 03:43:00,3.2605989127067145,21.326662122170866,39.52719561075478,0
2026-01-01 03:43:10,2.9285541194868427,21.72744790597217,41.45173903603781,0
2026-01-01 03:43:20,3.133531276449812,21.680431737632492,41.809177652161424,0
2026-01-01 03:43:30,3.1827525700320725,21.659045293570358,40.71304841603801,0
2026-01-01 03:43:40,2.872583335158384,22.19998667690394,40.30152247106298,0
2026-01-01 03:43:50,2.873185662092187,22.09099835029282,40.95395162606761,0
2026-01-01 03:44:00,2.6960911465131487,21.32511050002572,39.9923431366521,0
2026-01-01 03:44:10,2.802775861886735,21.3245979247726,38.31992886629519,0
2026-01-01 03:44:20,2.870400186548757,22.151153307033294,37.935078552515975,0
2026-01-01 03:44:30,2.564835068025389,22.257807396658116,41.39236853701649,0
2026-01-01 03:44:40,2.756423502267602,21.89019508018043,38.65580429804123,0
2026-01-01 03:44:50,3.0910311558749473,21.79269894445552,41.98791413565556,0
2026-01-01 03:45:00,3.0337973066251935,22.34263537675454,39.36778337904134,0
2026-01-01 03:45:10,2.6606872877112346,22.540445635994686,41.93911793427731,0
2026-01-01 03:45:20,3.0293741212825926,21.64039497784628,41.29786742551591,0
2026-01-01 03:45:30,3.242987044005752,22.17895757482759,39.248148838314684,0
2026-01-01 03:45:40,2.977503114261834,21.656972970341542,39.24682573020393,0
2026-01-01 03:45:50,2.6978250424632115,22.4386188472921,36.71311922325208,0
2026-01-01 03:46:00,3.290864420066729,22.188540996331092,39.44902352999722,0
2026-01-01 03:46:10,2.917383012354578,22.00125909076253,41.844985552658024,0
2026-01-01 03:46:20,2.91282045679706,21.762353747804806,37.91102686332512,0
2026-01-01 03:46:30,3.3850137495139956,22.03313302820724,38.907742148545275,0
2026-01-01 03:46:40,2.6222803122207763,22.314806627856356,41.53566445243123,0
2026-01-01 03:46:50,2.8789686904135925,22.09608233757849,41.879699237152366,0
2026-01-01 03:47:00,2.7248533525886853,22.267923239203736,41.58817101023537,0
2026-01-01 03:47:10,3.0594394953407624,21.97939082859014,40.75463555293562,0
2026-01-01 03:47:20,3.1569118898890673,21.948789252806705,41.20114814010939,0
2026-01-01 03:47:30,2.8823455316407247,21.737724912215423,39.646433132714996,0
2026-01-01 03:47:40,3.310141612802587,21.724505712819788,38.909576561473976,0
2026-01-01 03:47:50,2.1511653566807776,21.59662050698106,36.8711531834,0
2026-01-01 03:48:00,3.131720566767051,21.10205329044291,39.23395207973535,0
2026-01-01 03:48:10,3.3422589646832237,21.520813428313094,41.33061966466943,0
2026-01-01 03:48:20,3.043472390799271,22.11238532846604,42.78689314008737,0
2026-01-01 03:48:30,3.2912414557611607,22.07703876749252,43.58816445291099,0
2026-01-01 03:48:40,2.7993744859267364,21.91015083056341,38.68381788999535,0
2026-01-01 03:48:50,2.278635142244883,22.2845642317862,44.66936530156576,0
2026-01-01 03:49:00,2.7879285662587208,22.20860101022794,39.74150476491315,0
2026-01-01 03:49:10,2.59198360367472,22.2931316327287,38.08865182138481,0
2026-01-01 03:49:20,2.906595633866191,22.491121373380537,39.74022424090574,0
2026-01-01 03:49:30,2.902001172464944,22.639328723056412,41.1003217202588,0
2026-01-01 03:49:40,2.888911041427,22.006559722654668,40.78732250564652,0
2026-01-01 03:49:50,3.192574594507876,22.212834870637295,41.16084688094746,0
2026-01-01 03:50:00,3.466674545505055,22.381215254416123,40.85915227625519,0
2026-01-01 03:50:10,3.537840660694847,22.121810881053012,41.789678004496146,0
2026-01-01 03:50:20,3.1723546850038145,22.29726246496905,40.840480817249954,0
2026-01-01 03:50:30,4.042803681823943,23.0041945447908,42.071284310117,0
2026-01-01 03:50:40,4.098213208689072,23.496596343809955,44.50848555614737,0
2026-01-01 03:50:50,4.12892464096815,23.469745985525808,45.5681631998094,0
2026-01-01 03:51:00,4.239484165800802,23.60896007697735,45.076140288726904,0
2026-01-01 03:51:10,4.177316829469503,24.07497045419329,48.05727186499401,0
2026-01-01 03:51:20,4.491907742418428,24.28880407046589,45.82467288690506,0
2026-01-01 03:51:30,4.859890896348746,24.65240368213693,46.812894347941224,0
2026-01-01 03:51:40,4.997062717121625,23.859549101047577,47.33579565605377,0
2026-01-01 03:51:50,4.785412202266526,24.728753435962503,49.49830422561825,0
2026-01-01 03:52:00,5.289006356019173,24.88576609017704,49.00760287808289,0
2026-01-01 03:52:10,5.648109073174887,25.03883858053756,48.01433664419644,0
2026-01-01 03:52:20,5.85466283028523,25.083137161625054,49.39628719545826,0
2026-01-01 03:52:30,5.745546538864533,24.829379105436068,50.083444022094284,0
2026-01-01 03:52:40,6.028589922023078,25.66801350590217,52.30643883425517,0
2026-01-01 03:52:50,6.167308640219366,25.592140462958398,52.6122075272061,0
2026-01-01 03:53:00,6.245891843943756,25.512265520577444,52.56091834232274,0
2026-01-01 03:53:10,6.677908246233805,26.676488245616483,54.65127504411869,0
2026-01-01 03:53:20,6.975406218865149,26.425616583040487,56.409042751369206,0
2026-01-01 03:53:30,7.24423102139905,26.079959150589143,55.55482664046617,0
2026-01-01 03:53:40,7.017286037817509,26.672768855324772,56.49191553815139,0
2026-01-01 03:53:50,7.174891680395042,26.779365323882388,56.64006156162969,1
2026-01-01 03:54:00,7.574252249207012,27.254761429064803,57.96028808158947,1
2026-01-01 03:54:10,7.444589379944182,27.53561920304548,56.79078546951682,1
2026-01-01 03:54:20,7.566722566782708,27.569199417430223,57.390330746040135,1
2026-01-01 03:54:30,7.667289989554878,27.89393353057217,59.46316524962136,1
2026-01-01 03:54:40,2.7699407885986345,22.02722890769945,41.54315348713522,0
2026-01-01 03:54:50,3.1505055135506366,22.012999945155144,41.20839075249276,0
2026-01-01 03:55:00,2.677893402324674,22.03243301716033,39.279028087767635,0
2026-01-01 03:55:10,3.7618144868348584,22.258015142179598,39.98138017071161,0
2026-01-01 03:55:20,3.502009183845757,21.764219040024514,37.62635803896454,0
2026-01-01 03:55:30,3.245051103429294,21.86993490703135,38.5943244321419,0
2026-01-01 03:55:40,3.2067493371223006,21.726546287085444,39.58940612174986,0
2026-01-01 03:55:50,2.9957188941151833,22.235400314504478,41.00030851761369,0
2026-01-01 03:56:00,3.130801732566774,22.337535803856696,40.58895117347645,0
2026-01-01 03:56:10,3.1360756570527655,22.233072325206074,39.323981475253404,0
2026-01-01 03:56:20,2.792294767729862,21.73638429004454,39.1388489870746,0
2026-01-01 03:56:30,3.160924169967403,21.830040364318876,41.58703358217372,0
2026-01-01 03:56:40,3.272388694088115,22.049391923665837,39.813571334256345,0
2026-01-01 03:56:50,2.936584731054609,21.95914677670372,41.48492355995281,0
2026-01-01 03:57:00,3.155430510608993,21.788319596075397,38.69606951951703,0
2026-01-01 03:57:10,2.9967398588895082,21.53293928715343,40.013711013733946,0
2026-01-01 03:57:20,3.0819032152483157,21.170143984981454,39.8620648260936,0
2026-01-01 03:57:30,3.0048075846885482,21.64743003753306,42.1062489101506,0
2026-01-01 03:57:40,2.7701637508167987,21.54877497807692,40.46484216907095,0
2026-01-01 03:57:50,2.61792433542102,22.54745184883885,38.50149065116022,0
2026-01-01 03:58:00,2.6095236051590005,21.258792606840974,39.8126696719749,0
2026-01-01 03:58:10,3.0047093387873276,22.18402173657858,40.33975802817293,0
2026-01-01 03:58:20,3.3121292677934515,21.217980491872687,39.44659084145281,0
2026-01-01 03:58:30,3.064142638182319,21.679236318220017,36.31753968808908,0
2026-01-01 03:58:40,3.166806629052687,21.763486084479243,37.230140428293375,0
2026-01-01 03:58:50,2.87140364192504,22.1742658265828,40.93011999766951,0
2026-01-01 03:59:00,2.9007675311930843,21.795935674539912,40.22418413449496,0
2026-01-01 03:59:10,3.231225062885636,21.31633457792382,41.84463269583697,0
2026-01-01 03:59:20,2.692239568209157,22.02493253984765,40.16075487288939,0
2026-01-01 03:59:30,2.6764461775906208,22.304009176976415,39.4087663432228,0
2026-01-01 03:59:40,3.087289419041233,21.797196536291978,39.229149060026735,0
2026-01-01 03:59:50,2.6403145806018373,21.770247019814825,40.50225729253693,0
2026-01-01 04:00:00,3.8806973706983334,21.57066878711084,39.35672811159089,0
2026-01-01 04:00:10,3.124751050885818,22.212595875258664,42.75223021688005,0
2026-01-01 04:00:20,2.6831907600099996,21.897221949951287,40.46174855877083,0
2026-01-01 04:00:30,3.6204678124517473,22.270591467509217,39.59597184290986,0
2026-01-01 04:00:40,2.9694015850092206,21.66302694794947,41.126309169102,0
2026-01-01 04:00:50,3.1963293081316864,21.879869261678305,40.76541446675368,0
2026-01-01 04:01:00,3.2458119804418217,22.169555792977594,38.55132605070406,0
2026-01-01 04:01:10,2.838427898011013,21.38918357567182,39.24480648414841,0
2026-01-01 04:01:20,2.876256296433619,21.704521000668176,37.55949261869988,0
2026-01-01 04:01:30,3.6067770691708443,22.18449219743466,40.43329742052953,0
2026-01-01 04:01:40,3.357325756432043,21.672557989335967,41.63816017597364,0
2026-01-01 04:01:50,2.8356284087379193,22.1444100580571,41.452153995664816,0
2026-01-01 04:02:00,3.3872275272367283,23.035163589412274,38.20041210236468,0
2026-01-01 04:02:10,3.2096759055242368,22.445271317320284,38.36033865909982,0
2026-01-01 04:02:20,2.558853134630625,21.494892089720576,38.83618776525027,0
2026-01-01 04:02:30,3.0236892137004254,22.270883408540072,38.38067438254085,0
2026-01-01 04:02:40,3.4856362918982606,22.166330651782136,38.17465493448975,0
2026-01-01 04:02:50,3.409012954061502,22.23933206952314,37.41262465608729,0
2026-01-01 04:03:00,2.551152356050605,21.632715133396083,41.984116700327704,0
2026-01-01 04:03:10,2.949263194307155,22.805479566932544,40.843375424754576,0
2026-01-01 04:03:20,2.93739948863386,21.874932621707057,41.286848237937015,0
2026-01-01 04:03:30,3.166070859320338,21.67140605735053,39.745270471715266,0
2026-01-01 04:03:40,2.7723087903289967,21.608503665476093,39.59138497509447,0
2026-01-01 04:03:50,3.370117283500858,21.89592986008176,39.01535505457881,0
2026-01-01 04:04:00,2.5469876364044244,21.911784708337386,39.709441930292556,0
2026-01-01 04:04:10,3.1620863832107085,22.261802301089254,40.13973816987648,0
2026-01-01 04:04:20,3.2168396488087083,22.0630909120666,40.198393517177486,0
2026-01-01 04:04:30,3.1648301959896386,22.044672765833333,40.884469006415394,0
2026-01-01 04:04:40,3.42845102051905,21.87593129259633,40.79457249598724,0
2026-01-01 04:04:50,3.449010605919282,22.676851181708283,43.19331100592713,0
2026-01-01 04:05:00,3.51231850374731,22.65061144595465,42.154132556020116,0
2026-01-01 04:05:10,3.673027815312425,22.89584405146632,44.104135553321306,0
2026-01-01 04:05:20,3.789232900927131,23.32834431854587,42.298097769981666,0
2026-01-01 04:05:30,4.054399067378226,23.301153209934604,46.34152633958073,0
2026-01-01 04:05:40,4.278372872382795,22.939626957964727,43.33444442647209,0
2026-01-01 04:05:50,4.506805917269336,23.984131256736973,46.37545585762725,0
2026-01-01 04:06:00,4.700180687826864,24.3486778792517,46.127075445929535,0
2026-01-01 04:06:10,5.012315444538698,23.710395534492076,46.42838550039527,0
2026-01-01 04:06:20,4.638591721013636,24.31754640979906,47.95373878273366,0
2026-01-01 04:06:30,5.189486965111971,24.61856500586614,47.739113335854945,0
2026-01-01 04:06:40,5.295285164450691,24.350765999418275,50.69656230846559,0
2026-01-01 04:06:50,5.4392747854204,24.853334164286892,51.58894032844408,0
2026-01-01 04:07:00,5.41821735995682,24.862323865790408,49.570446341798096,0
2026-01-01 04:07:10,5.819759056993437,25.52948948889128,52.07300880145116,0
2026-01-01 04:07:20,6.514399063498994,24.925170263739773,52.608735589124414,0
2026-01-01 04:07:30,6.0552405521522195,25.62407545533337,52.046894538412786,0
2026-01-01 04:07:40,6.151579399171738,26.505357450381034,54.17563066034723,0
2026-01-01 04:07:50,6.504639195711475,26.605304725746098,52.48747103470112,0
2026-01-01 04:08:00,6.400525640400481,25.746609680341592,53.96725212654338,0
2026-01-01 04:08:10,6.865673038674284,26.6308575733797,55.482675244393214,0
2026-01-01 04:08:20,6.717788633786784,27.040946422784206,56.239627518239,0
2026-01-01 04:08:30,7.313277522959867,26.432171346722985,56.97815752546446,1
2026-01-01 04:08:40,7.095780285349829,27.08080302423459,57.86769823196972,1
2026-01-01 04:08:50,7.518218721251182,27.144538006066202,58.00627315618442,1
2026-01-01 04:09:00,7.360359603617939,27.94508021876949,58.46138264717042,1
2026-01-01 04:09:10,8.057043322184398,27.64204049387119,58.809757344926744,1
2026-01-01 04:09:20,3.2634547244910914,21.69186957391294,39.04868020947171,0
2026-01-01 04:09:30,2.686176295244024,21.771874372885414,38.23133767845573,0
2026-01-01 04:09:40,2.0786547036302916,22.311188945386657,39.743880040752536,0
2026-01-01 04:09:50,2.278128554697031,21.691519880180284,37.339045575831804,0
2026-01-01 04:10:00,2.605748772268549,22.317339729474423,40.62785932898673,0
2026-01-01 04:10:10,3.1078607830553606,22.136730085581988,39.909943687467155,0
2026-01-01 04:10:20,2.790715064817283,21.618378218358163,39.37723707825443,0
2026-01-01 04:10:30,2.6621285378741812,21.460090772247508,42.65225393958968,0
2026-01-01 04:10:40,3.599771908900051,22.455990045800203,39.84766269449117,0
2026-01-01 04:10:50,2.855318336939545,22.39041628774238,42.09922964045852,0
2026-01-01 04:11:00,2.9536879395828213,21.655635387762658,37.031191211139,0
2026-01-01 04:11:10,2.9193251415906594,21.2130699743096,39.96813283108564,0
2026-01-01 04:11:20,3.1168027182659213,22.330499769069128,40.128936082025824,0
2026-01-01 04:11:30,2.823853752290639,21.850652629998766,39.24970327435601,0
2026-01-01 04:11:40,2.214254338483998,21.483790909083485,40.92953338241817,0
2026-01-01 04:11:50,2.3607486007932375,22.03310916151417,40.05517424976135,0
2026-01-01 04:12:00,3.158632403507666,21.953250748653513,37.939166323617144,0
2026-01-01 04:12:10,3.290181892518506,21.83559002539873,41.53243447610956,0
2026-01-01 04:12:20,2.57662349844909,21.945281238097063,39.06066310654533,0
2026-01-01 04:12:30,3.0434847720616376,21.12224701207199,42.399206410170684,0
2026-01-01 04:12:40,3.1535336935951483,22.247490335241785,41.1030117312967,0
2026-01-01 04:12:50,3.018572431208999,21.806553144177826,41.26267116217602,0
2026-01-01 04:13:00,2.6342442516704416,21.958304808200786,38.819790014655425,0
2026-01-01 04:13:10,2.7646511782831396,22.054225366565884,41.09277796527181,0
2026-01-01 04:13:20,2.924377210227008,22.268813978262177,39.36959709161365,0
2026-01-01 04:13:30,3.033217030255949,22.201832725790958,40.939807545005415,0
2026-01-01 04:13:40,3.184233890159432,21.098155648682912,38.997796104952585,0
2026-01-01 04:13:50,2.765618250091682,21.657460592687517,39.082549394958164,0
2026-01-01 04:14:00,2.8850355489124153,22.216695059046476,39.67053247669937,0
2026-01-01 04:14:10,2.8065972146509526,22.52620331637604,40.315744448382254,0
2026-01-01 04:14:20,3.1384274498875557,22.52037660521268,39.13357867320264,0
2026-01-01 04:14:30,2.9974913666627816,21.577744204080563,39.46947136064949,0
2026-01-01 04:14:40,3.1941998056540437,21.348845624417912,37.99636500623998,0
2026-01-01 04:14:50,3.640687830351969,21.85390360900406,37.493245341258906,0
2026-01-01 04:15:00,3.337873854046713,22.25957744250371,42.46059592139956,0
2026-01-01 04:15:10,2.6455430515006118,21.930948346283667,40.95801570982045,0
2026-01-01 04:15:20,3.316433344282997,21.985591585698224,41.15615320965271,0
2026-01-01 04:15:30,3.014660754991546,21.58178820573038,39.96060881009522,0
2026-01-01 04:15:40,3.119466285426088,21.89913861366257,43.02711607407673,0
2026-01-01 04:15:50,3.069161138348491,22.10924737371746,38.50268161223289,0
2026-01-01 04:16:00,2.6347559438292496,21.99656591925616,39.28322140594724,0
2026-01-01 04:16:10,2.663179012389396,21.732742780668893,40.29006917788624,0
2026-01-01 04:16:20,3.0891118412639624,21.490245946212433,41.260535235903326,0
2026-01-01 04:16:30,3.6108468559076523,22.46700392919458,38.914052904298316,0
2026-01-01 04:16:40,3.6565496958287973,21.906517995316616,37.71960087865802,0
2026-01-01 04:16:50,3.284425316230827,21.698455154523614,40.57398032721624,0
2026-01-01 04:17:00,3.3481044542900924,22.127915997822413,37.83466444872441,0
2026-01-01 04:17:10,3.206062566960868,21.914449932978144,41.45547430268242,0
2026-01-01 04:17:20,2.9493040505535477,22.30745923518728,40.115144425496084,0
2026-01-01 04:17:30,2.584673053692469,22.263812587835655,42.64976770049145,0
2026-01-01 04:17:40,3.028352295914217,21.58069953451238,39.65496203812899,0
2026-01-01 04:17:50,3.291030328203796,21.932646031010858,39.510981256274725,0
2026-01-01 04:18:00,2.974542286503194,22.069520465950934,42.99079440884889,0
2026-01-01 04:18:10,2.863361884846137,22.68636305245308,39.853711924381564,0
2026-01-01 04:18:20,3.4465184033074285,22.444648860603483,40.527110003263424,0
2026-01-01 04:18:30,2.85897855012339,22.060561219180695,40.44767772097216,0
2026-01-01 04:18:40,2.9110753669035736,21.415202488069248,42.000080950330634,0
2026-01-01 04:18:50,3.1745621870469614,22.314562484798326,39.1606805720658,0
2026-01-01 04:19:00,2.421065930458492,21.841123613394625,42.398581773218034,0
2026-01-01 04:19:10,3.1689595210401937,22.579118567383148,41.407960034018416,0
2026-01-01 04:19:20,2.49548143940135,21.881799084186767,39.84020634220887,0
2026-01-01 04:19:30,2.5141331913697784,22.551386942181523,38.99273168952918,0
2026-01-01 04:19:40,3.0748110848182955,21.995142635544493,38.94222696396186,0
2026-01-01 04:19:50,3.1976441924651695,21.804946631618016,37.84561920260782,0
2026-01-01 04:20:00,2.781803633549317,22.290206455510152,40.245147640880695,0
2026-01-01 04:20:10,3.22363418461708,22.99896605056794,40.06900958010451,0
2026-01-01 04:20:20,3.3852123020508857,20.584456909972097,40.67663231875835,0
2026-01-01 04:20:30,2.859976256827486,22.143895590050715,39.25204915631732,0
2026-01-01 04:20:40,2.9553158115300837,22.203463121711938,40.08487028395818,0
2026-01-01 04:20:50,2.663756367933307,21.774321528055804,37.758943310065376,0
2026-01-01 04:21:00,2.9366793990344418,22.56950163012291,39.19666438045181,0
2026-01-01 04:21:10,2.7727707675741633,22.132659066850305,38.4292636469646,0
2026-01-01 04:21:20,3.085619813016506,22.055997497054573,39.18479033911969,0
2026-01-01 04:21:30,2.8870300135526965,21.95801291697455,40.91918611237494,0
2026-01-01 04:21:40,2.881834377818505,21.977506222276734,37.9805938712092,0
2026-01-01 04:21:50,3.276433843270359,22.905531551691617,40.1146230515036,0
2026-01-01 04:22:00,3.4081007623336674,22.655472896073853,42.6135486060508,0
2026-01-01 04:22:10,3.447135702251964,22.059004823893385,42.26723195084876,0
2026-01-01 04:22:20,3.692392404797552,22.6963000875972,42.533154543782324,0
2026-01-01 04:22:30,3.862069422336879,23.108528597631157,43.65314304357325,0
2026-01-01 04:22:40,3.9564628680997744,23.315283650495786,43.714969151725136,0
2026-01-01 04:22:50,4.295071766973731,23.211767149357048,44.739724858816224,0
2026-01-01 04:23:00,4.008585616909887,23.489026859162855,45.90082205446331,0
2026-01-01 04:23:10,4.293253026658387,23.703969857094975,43.59493045008979,0
2026-01-01 04:23:20,4.393051844960269,23.66805763316583,46.768417717438304,0
2026-01-01 04:23:30,4.900015135811875,24.18318333021794,46.95073995044596,0
2026-01-01 04:23:40,4.924179650330251,24.614813724712146,48.21281984688305,0
2026-01-01 04:23:50,5.099877547405595,24.98798984857238,50.61664170766277,0
2026-01-01 04:24:00,5.0841848432866,24.956753021063154,52.42322294101972,0
2026-01-01 04:24:10,5.556041108210039,25.034632790849283,49.944266060106386,0
2026-01-01 04:24:20,5.764702970164814,25.426469749964966,49.421899792497484,0
2026-01-01 04:24:30,5.828036607675568,24.719150640650774,51.12401671671183,0
2026-01-01 04:24:40,5.819462281235586,25.701753273740646,50.343619472858975,0
2026-01-01 04:24:50,6.064203204574847,26.089963275156183,51.99033351522242,0
2026-01-01 04:25:00,5.952346177849756,26.077259945938696,52.74680434024069,0
2026-01-01 04:25:10,6.462822912785421,25.981039124061223,55.97439674448003,0
2026-01-01 04:25:20,6.355052119495963,27.25004868356828,54.27603013591531,0
2026-01-01 04:25:30,6.870022648576961,26.427561074718657,54.716699773477885,0
2026-01-01 04:25:40,6.843034019313474,26.980377388613093,54.589200306372945,0
2026-01-01 04:25:50,7.239488375515201,26.344652179484456,56.940195437808434,1
2026-01-01 04:26:00,7.503161854519772,26.81764426780779,58.01207593505208,1
2026-01-01 04:26:10,7.510277082124865,27.87952793660735,57.14479361768891,1
2026-01-01 04:26:20,8.229863847411213,26.882765353702432,58.337162866030546,1
2026-01-01 04:26:30,7.493619391208746,28.35531625305493,59.07163233951749,1
2026-01-01 04:26:40,2.9145489186773395,21.957522363984097,44.64744915110688,0
2026-01-01 04:26:50,2.9225474585905697,22.151533453075793,41.043065854602595,0
2026-01-01 04:27:00,3.3531554889553017,22.05469865895969,36.54368209608405,0
2026-01-01 04:27:10,2.891697233024229,21.48358417006003,40.492854774515976,0
2026-01-01 04:27:20,3.3309652716160976,22.57677696078104,40.32844587378396,0
2026-01-01 04:27:30,2.7474535104395543,22.021284878841417,38.76870996975564,0
2026-01-01 04:27:40,2.7555731991529355,22.070460180755077,38.125269490615956,0
2026-01-01 04:27:50,2.9204287378589395,22.73368081434251,40.897597011430626,0
2026-01-01 04:28:00,2.8209315645804085,21.3302122158187,39.836464870054805,0
2026-01-01 04:28:10,3.010312592707938,21.294220731107778,40.43651029369572,0
2026-01-01 04:28:20,2.669044685630072,22.328221401155158,40.27646359611715,0
2026-01-01 04:28:30,2.8739916818117512,21.312745003849585,38.195795208032,0
2026-01-01 04:28:40,3.107503353322801,21.521376828553326,37.75973533262029,0
2026-01-01 04:28:50,2.3628157251898005,21.97625301950744,41.96370496294492,0
2026-01-01 04:29:00,2.7235646929713235,21.77384281188584,40.364701982707736,0
2026-01-01 04:29:10,2.8589389983644065,21.637276909589257,42.35845938427867,0
2026-01-01 04:29:20,2.332927749618841,21.792772392209976,39.54852953141017,0
2026-01-01 04:29:30,2.810568891755045,21.50454154915437,41.44086685556348,0
2026-01-01 04:29:40,2.829988467583484,21.760071442433176,39.01429755658291,0
2026-01-01 04:29:50,2.7906843288305265,22.133957776700917,38.656006220245324,0
2026-01-01 04:30:00,3.108110614771458,21.635741965127004,41.90659798901055,0
2026-01-01 04:30:10,2.705981309447816,22.31358706048678,38.09778452255275,0
2026-01-01 04:30:20,2.278899419669841,22.556982376593226,41.008440112060605,0
2026-01-01 04:30:30,2.5498570352510996,21.443642347496493,39.27648763718089,0
2026-01-01 04:30:40,2.3201843717552153,21.85968871775938,39.65842057774637,0
2026-01-01 04:30:50,3.2146479290308454,22.440265577968646,39.42878045178142,0
2026-01-01 04:31:00,2.5286542946646353,22.432605634519895,40.056312762230235,0
2026-01-01 04:31:10,3.3275416017223938,22.83663054791142,39.946914882739264,0
2026-01-01 04:31:20,2.9544097853051885,22.42405752746851,38.65938097137443,0
2026-01-01 04:31:30,2.8836105093277644,20.974418412808046,39.85322384467731,0
2026-01-01 04:31:40,3.1517206297418396,21.965319545540716,41.88642858453904,0
2026-01-01 04:31:50,3.1218168367284242,21.339080284655143,38.43975054216806,0
2026-01-01 04:32:00,3.1937671260827676,21.56038209937805,41.87842549293496,0
2026-01-01 04:32:10,3.0483898627988086,22.06522653755423,38.40623863673455,0
2026-01-01 04:32:20,2.474286871457701,21.655708334641865,41.008584006417074,0
2026-01-01 04:32:30,3.0499967452079533,22.101482687796725,38.65411760875283,0
2026-01-01 04:32:40,2.709989432789202,21.681574344911745,40.154376085784854,0
2026-01-01 04:32:50,2.3057867801999685,21.664207363490885,41.98325071933169,0
2026-01-01 04:33:00,3.373369548106577,22.8925995644111,38.018682466934024,0
2026-01-01 04:33:10,3.23142053847113,21.883169879357382,39.39436694923146,0
2026-01-01 04:33:20,3.147865191555561,22.333441281934938,39.09831017099673,0
2026-01-01 04:33:30,3.349774956076567,21.505334813325973,39.35994044840382,0
2026-01-01 04:33:40,3.040979218676626,22.010154111188907,38.925139767363845,0
2026-01-01 04:33:50,3.242878330791566,22.102782975273577,40.17637252099283,0
2026-01-01 04:34:00,2.8663049090910016,22.82152747603464,38.78118134481702,0
2026-01-01 04:34:10,3.631589228837494,23.296055659454723,41.34280785252794,0
2026-01-01 04:34:20,3.2553372295140712,22.489542367417037,40.50693333121754,0
2026-01-01 04:34:30,2.8223277465561556,21.95652491336534,39.43258518313389,0
2026-01-01 04:34:40,3.1340945151029556,21.744565669941988,42.4799644557678,0
2026-01-01 04:34:50,3.1869262043667286,22.405378303953505,41.818552176852855,0
2026-01-01 04:35:00,3.5974111255250714,22.15716540421929,42.38560535286046,0
2026-01-01 04:35:10,2.82925554039824,22.199441927394894,41.13060345576767,0
2026-01-01 04:35:20,2.7005079674126833,22.20751720698069,41.29529236378228,0
2026-01-01 04:35:30,3.0514407952771174,21.58986644378702,40.839005986791506,0
2026-01-01 04:35:40,2.665775592530074,21.747627666504883,38.58690972463863,0
2026-01-01 04:35:50,2.8356012543776585,21.425857633603567,39.13096925074351,0
2026-01-01 04:36:00,3.342020353948548,21.665163946553985,39.91191935934306,0
2026-01-01 04:36:10,3.1339609520822136,21.528992553637345,40.339394974853214,0
2026-01-01 04:36:20,3.6535686521974986,22.077733385335293,39.778989660067744,0
2026-01-01 04:36:30,3.289177626916671,21.96983472763752,42.488410455147346,0
2026-01-01 04:36:40,2.904671731794781,22.046631404804984,41.607273903371556,0
2026-01-01 04:36:50,2.5480397909428802,21.982588213398135,39.37794641990955,0
2026-01-01 04:37:00,2.5098231122822137,21.830067460989746,40.75374954419394,0
2026-01-01 04:37:10,2.732775340934321,21.75361752259463,38.46440371937925,0
2026-01-01 04:37:20,3.2460697194917953,22.32692248149533,41.431127653234945,0
2026-01-01 04:37:30,3.365544064461506,21.858092591536494,40.16401086451136,0
2026-01-01 04:37:40,3.0005930534267433,22.613149342254523,37.982478274104,0
2026-01-01 04:37:50,2.7416850983503274,22.300277118051596,40.58523091002018,0
2026-01-01 04:38:00,3.10236475274761,22.600109843600396,40.111764390740156,0
2026-01-01 04:38:10,3.3076896341617745,22.61533217562102,40.72077801716234,0
2026-01-01 04:38:20,3.014798449738453,22.288978794088393,39.452078712694174,0
2026-01-01 04:38:30,3.7163903116574195,22.304668874518,41.238931233430094,0
2026-01-01 04:38:40,3.2601562238483215,21.801058251434362,40.86467701768363,0
2026-01-01 04:38:50,2.547433209536143,21.66622850659294,42.60541441452895,0
2026-01-01 04:39:00,2.616494211359303,21.64182881562998,37.99514724952762,0
2026-01-01 04:39:10,3.400997207327695,22.02201702291242,39.28540335909773,0
2026-01-01 04:39:20,3.366388483705544,22.053583352232096,39.85733252844885,0
2026-01-01 04:39:30,2.9000887142838714,21.693701872517497,39.85837260679593,0
2026-01-01 04:39:40,3.079276429082202,21.983866435914383,41.11804108611681,0
2026-01-01 04:39:50,3.018704699287722,22.1195344136536,40.24540406120581,0
2026-01-01 04:40:00,3.3073292789581847,22.163302985360176,42.31303506274166,0
2026-01-01 04:40:10,3.841657302677092,22.611869292430118,41.5613244970424,0
2026-01-01 04:40:20,3.6249164618634486,22.26969007423491,42.18010546746542,0
2026-01-01 04:40:30,3.5204017452769447,22.9529930751721,41.940307358689516,0
2026-01-01 04:40:40,3.7643778442615536,22.438408728343084,42.160087643385666,0
2026-01-01 04:40:50,4.07097476058721,22.939346176504472,45.06377398378557,0
2026-01-01 04:41:00,3.9758888489840043,23.53597635038573,43.904791037694906,0
2026-01-01 04:41:10,4.410427288340038,23.13956380127146,44.880150357703776,0
2026-01-01 04:41:20,4.330757342942453,24.064969772592693,46.462262464454206,0
2026-01-01 04:41:30,4.42015145574357,23.939045779013735,45.89434882394383,0
2026-01-01 04:41:40,5.0233847721070415,24.581457244296182,45.89168818682252,0
2026-01-01 04:41:50,5.165340594876296,24.153011179222684,47.74708322728068,0
2026-01-01 04:42:00,5.173117512478858,25.144981849066642,47.66281693963579,0
2026-01-01 04:42:10,5.500283277861994,24.448548677549116,48.092739748492605,0
2026-01-01 04:42:20,5.505692689683831,25.006518847296917,47.167681681530745,0
2026-01-01 04:42:30,5.898585924541766,24.558265762670743,50.520729230553364,0
2026-01-01 04:42:40,6.098856423654394,26.0627551900066,50.97028346964475,0
2026-01-01 04:42:50,5.713410183276583,25.987164467730388,52.86515655012026,0
2026-01-01 04:43:00,6.068868208750971,25.61527876253724,51.94927450300723,0
2026-01-01 04:43:10,6.264416026186407,26.09482044272049,52.76731875059656,0
2026-01-01 04:43:20,6.412083944887552,26.39238370582317,52.517585858941125,0
2026-01-01 04:43:30,6.59147952268395,25.897217694270267,54.775079140019564,0
2026-01-01 04:43:40,6.445452251704959,26.86700303804793,54.01869593754133,0
2026-01-01 04:43:50,6.645484286927709,26.690916011229515,57.71110729167705,0
2026-01-01 04:44:00,7.308905157350982,26.42330576836381,55.32354139902213,1
2026-01-01 04:44:10,7.254213258684192,27.871505948531258,56.39437918536447,1
2026-01-01 04:44:20,7.313822951259361,27.858228816064052,58.194907205262375,1
2026-01-01 04:44:30,7.8772666721264155,27.38187013794721,58.56503081893762,1
2026-01-01 04:44:40,8.096459705770982,27.75654773697926,60.45638653085979,1
2026-01-01 04:44:50,3.116180190130359,22.433199975406747,38.38542821889691,0
2026-01-01 04:45:00,2.9879241304737514,21.2433142444114,37.30601277788543,0
2026-01-01 04:45:10,2.525008323111865,21.880471964388317,39.46263343313874,0
2026-01-01 04:45:20,2.5573765796717933,22.409005117478408,38.10434638416918,0
2026-01-01 04:45:30,2.725888191586598,22.687573380045606,41.867462004161354,0
2026-01-01 04:45:40,2.9342535026154097,22.67463502539107,40.26720117619381,0
2026-01-01 04:45:50,3.3591708279996757,22.381017812030922,40.67358469207937,0
2026-01-01 04:46:00,3.6967704687212293,22.637765959173,41.52344857678076,0
2026-01-01 04:46:10,3.405748777906572,22.531921495884266,41.02528655106457,0
2026-01-01 04:46:20,3.835778043016367,22.64100032231468,43.067772820814795,0
2026-01-01 04:46:30,4.2740203707220745,23.559789871876475,43.967723105897385,0
2026-01-01 04:46:40,4.149249721438037,23.9639623648263,45.187422787025376,0
2026-01-01 04:46:50,4.267772041358029,23.172194564863865,45.72720655149808,0
2026-01-01 04:47:00,4.665864754516573,23.61050454264591,46.29120275513803,0
2026-01-01 04:47:10,4.593952007683661,23.944790280240298,44.17884460910433,0
2026-01-01 04:47:20,4.788977052590106,24.490810790722417,46.701930777766776,0
2026-01-01 04:47:30,5.010505273643063,24.17321478799242,48.36044167629277,0
2026-01-01 04:47:40,5.123362027159432,24.318227537795398,49.9992181343318,0
2026-01-01 04:47:50,5.519119736039777,24.61852797082155,49.831121642751114,0
2026-01-01 04:48:00,5.607482400564076,25.192690370503353,48.30574410400492,0
2026-01-01 04:48:10,5.867987974873191,25.029090311122278,50.3088387332254,0
2026-01-01 04:48:20,6.360909683785373,25.4905620142163,50.947010857886156,0
2026-01-01 04:48:30,5.558941125448818,26.01692924018391,50.6547903291914,0
2026-01-01 04:48:40,5.9659788859667655,25.700594310273647,54.083078458366955,0
2026-01-01 04:48:50,6.487981330666485,25.95264874704792,53.64162539697215,0
2026-01-01 04:49:00,6.379922861425779,26.241896106869603,54.07333674477814,0
2026-01-01 04:49:10,6.860420645802937,26.690153436731684,55.16064404887231,0
2026-01-01 04:49:20,6.760863821824113,26.82254668831704,55.24136486713029,0
2026-01-01 04:49:30,6.783617126257373,26.67901366242672,56.08452698378432,0
2026-01-01 04:49:40,7.348709823399616,26.944941548352855,55.45746795542706,1
2026-01-01 04:49:50,7.344681669992698,27.234036812016964,57.51917096223609,1
2026-01-01 04:50:00,7.683974303190886,27.705676972026968,57.405789127618334,1
2026-01-01 04:50:10,7.543437975056878,27.28794038671336,59.365482336947146,1
2026-01-01 04:50:20,8.123097355000876,27.705475421627323,59.091902768608335,1
2026-01-01 04:50:30,3.440034767069693,22.18058783462552,41.48160265153796,0
2026-01-01 04:50:40,2.7212590978470725,21.54639192562602,39.47984263484993,0
2026-01-01 04:50:50,2.824262182965393,22.3523660676133,39.85548005275856,0
2026-01-01 04:51:00,3.287644891940302,22.45107451780657,37.07898628878878,0
2026-01-01 04:51:10,3.293537341699965,22.344473815105513,38.380290748460254,0
2026-01-01 04:51:20,2.9444707051736345,22.484851681693396,38.14061798121246,0
2026-01-01 04:51:30,3.1823521016205025,21.93916364554128,42.31859971323028,0
2026-01-01 04:51:40,3.2871914467780594,21.957563745863432,41.850109114529005,0
2026-01-01 04:51:50,2.997693301283589,21.429554513142758,39.29072081053293,0
2026-01-01 04:52:00,2.8449459350478516,22.24761317863541,42.088058127380634,0
2026-01-01 04:52:10,3.0333388125889535,21.486948227229224,41.075618555494245,0
2026-01-01 04:52:20,2.965632171758244,22.033637755300077,41.03636643608829,0
2026-01-01 04:52:30,2.866557948548853,21.82718247430209,42.71138548328846,0
2026-01-01 04:52:40,2.9569021410308647,21.93396777399878,40.047639184872175,0
2026-01-01 04:52:50,3.022702062184016,21.338329423908938,38.448292964473694,0
2026-01-01 04:53:00,3.8339890872670668,21.58480345800431,37.969367987935364,0
2026-01-01 04:53:10,3.2203430235003654,21.994666861185415,39.485940169580104,0
2026-01-01 04:53:20,3.6437474775229464,21.38202563113864,37.02705327139193,0
2026-01-01 04:53:30,2.5502456394126907,22.363199662472983,40.759631162495545,0
2026-01-01 04:53:40,3.4170765982535967,22.71493856577193,39.63049707823023,0
2026-01-01 04:53:50,2.309558484699004,21.852919069512886,39.309773557485386,0
2026-01-01 04:54:00,3.3356683793792006,22.509771370675033,39.74248951911282,0
2026-01-01 04:54:10,3.3295454628155454,22.01170759356193,40.64701764981665,0
2026-01-01 04:54:20,3.6173433531293284,21.424635533282178,39.227243651361974,0
2026-01-01 04:54:30,2.9620443309138147,21.493241314829362,40.65800194383739,0
2026-01-01 04:54:40,3.252754168936501,22.301983506456786,37.08721201093089,0
2026-01-01 04:54:50,2.99885875989876,21.6118464072995,42.59132806393102,0
2026-01-01 04:55:00,2.7291573219111602,22.323705879296796,40.175245261258276,0
2026-01-01 04:55:10,2.614322699773192,21.64842119870086,40.44482698214696,0
2026-01-01 04:55:20,2.890296875240844,22.201708299215355,40.782174098589294,0
2026-01-01 04:55:30,3.401090722066788,22.592919794461164,38.451281548157695,0
2026-01-01 04:55:40,3.1318458144025536,21.96067606101825,37.29437427386126,0
2026-01-01 04:55:50,3.0994412688992687,22.386416319222946,42.03598699288966,0
2026-01-01 04:56:00,3.1474336532683207,21.908367587631314,38.29445067527877,0
2026-01-01 04:56:10,2.7534555514735963,22.22895409292316,38.70914531586616,0
2026-01-01 04:56:20,3.4058401604690176,21.81337037151889,39.05699462945371,0
2026-01-01 04:56:30,2.2145600403923162,21.803771666045655,39.77514832801243,0
2026-01-01 04:56:40,2.5963993537754275,21.887534383014177,40.75800572147102,0
2026-01-01 04:56:50,3.158351804974676,22.382649124694197,37.90568227843745,0
2026-01-01 04:57:00,3.2352439249060496,21.640789109470216,38.8509321963994,0
2026-01-01 04:57:10,2.8616198848505077,22.01360370194443,41.10358196652833,0
2026-01-01 04:57:20,2.9181466360979607,22.388070033027144,38.35238617305617,0
2026-01-01 04:57:30,2.8142631155250206,22.456343594680646,38.230688412128906,0
2026-01-01 04:57:40,2.790521445374582,22.049670273897846,39.42885489420729,0
2026-01-01 04:57:50,2.619160420196156,22.60501228092102,38.302656090180506,0
2026-01-01 04:58:00,2.745083723556691,21.806806429570862,40.796024684515075,0
2026-01-01 04:58:10,2.8009691528341536,21.171528046967815,41.49000175241165,0
2026-01-01 04:58:20,2.4510954554375752,22.246386802418737,41.555772108473576,0
2026-01-01 04:58:30,2.726853988940544,21.886283955778666,41.13010655631878,0
2026-01-01 04:58:40,2.734187925906487,21.86696824806005,41.05471029585407,0
2026-01-01 04:58:50,3.7495291451164485,22.562895254707104,39.657860152004446,0
2026-01-01 04:59:00,3.0324042362938504,21.637340581938282,41.436990912220026,0
2026-01-01 04:59:10,3.1990636855495307,22.18902295975353,38.82854543925977,0
2026-01-01 04:59:20,2.980065307407163,21.856768221528274,41.840910733121895,0
2026-01-01 04:59:30,2.6369518491057344,22.319339220539643,40.263358092573235,0
2026-01-01 04:59:40,3.3196128816778807,21.896781793755537,41.902874853471204,0
2026-01-01 04:59:50,3.147423826906658,22.227273601336158,38.955969757598574,0
2026-01-01 05:00:00,2.633033930981421,22.5698510928309,42.32686789964159,0
2026-01-01 05:00:10,3.2646859477797645,22.23600190444179,43.810586646522154,0
2026-01-01 05:00:20,2.1889955858677927,22.135742325102488,39.47776390477403,0
2026-01-01 05:00:30,2.977522033164466,22.35821021496679,37.38944826157827,0
2026-01-01 05:00:40,2.8982066438585523,21.98346511807633,40.02939942486644,0
2026-01-01 05:00:50,2.759270988040549,21.820357012468275,40.30333881188795,0
2026-01-01 05:01:00,3.1736785945713706,22.184016929544185,42.31066185966501,0
2026-01-01 05:01:10,3.3766049340865427,22.19351153360111,40.82700132413461,0
2026-01-01 05:01:20,2.7147139850716586,22.27837284037634,39.225078701859836,0
2026-01-01 05:01:30,2.6930240329873247,20.698208423480917,41.79317906762947,0
2026-01-01 05:01:40,3.0247325299904526,21.852272491936723,37.6308455519236,0
2026-01-01 05:01:50,2.7546324473584485,22.246568841925892,40.637699870070584,0
2026-01-01 05:02:00,3.1192191070377704,21.701017738416716,39.57924691988257,0
2026-01-01 05:02:10,2.5791401528376436,21.9440804323957,40.182368500809076,0
2026-01-01 05:02:20,2.967558302882575,22.444840247688536,41.02793512706645,0
2026-01-01 05:02:30,3.4206027977757367,22.567361018414633,39.49234632277777,0
2026-01-01 05:02:40,2.993442975767363,22.282892549521712,42.21266854646478,0
2026-01-01 05:02:50,2.9419717114256385,21.482009044546032,40.330551323257005,0
2026-01-01 05:03:00,3.642902116375473,21.812094214265144,40.23813407640631,0
2026-01-01 05:03:10,3.3468020008353383,21.539590116216907,38.553148101356236,0
2026-01-01 05:03:20,2.913628176939624,22.098015465726164,39.595072154762256,0
2026-01-01 05:03:30,2.5369647170442757,21.876529036130087,42.31747719307355,0
2026-01-01 05:03:40,2.735996405492771,22.107672368102065,39.67631931050767,0
2026-01-01 05:03:50,2.6466715626025925,22.205619256274588,42.325945889886505,0
2026-01-01 05:04:00,2.848710595256213,21.75687044295375,37.35191861945504,0
2026-01-01 05:04:10,3.5222824459790973,22.19689578578594,38.507372548168235,0
2026-01-01 05:04:20,2.9821037064023423,21.319333656685032,38.785412746349074,0
2026-01-01 05:04:30,3.0563401014127565,22.367212587471993,41.03060060445418,0
2026-01-01 05:04:40,2.632146192656195,22.87865842199158,41.1512190168312,0
2026-01-01 05:04:50,2.9994857538992807,21.10787183009079,42.82120527818997,0
2026-01-01 05:05:00,2.2864705020380014,22.07706061305921,40.54809136288771,0
2026-01-01 05:05:10,2.988251365367172,21.5639059679257,39.786627357040324,0
2026-01-01 05:05:20,3.112060105023531,22.58217379356613,39.11347231639985,0
2026-01-01 05:05:30,3.1320179787069433,21.670205877738596,38.87960845994171,0
2026-01-01 05:05:40,2.881985310676603,21.695032819758833,38.859454538175804,0
2026-01-01 05:05:50,2.881916525390097,21.731470307892607,40.20257974871834,0
2026-01-01 05:06:00,2.880865400529644,21.98341128880034,38.35144116320221,0
2026-01-01 05:06:10,3.5389995605025053,22.238829024404545,38.295325092008945,0
2026-01-01 05:06:20,3.1658715685798446,21.625363197502544,41.659347338289955,0
2026-01-01 05:06:30,3.0602096082866637,22.263574141941472,41.627241610234165,0
2026-01-01 05:06:40,2.836473831001323,22.72670225183004,38.096063342135345,0
2026-01-01 05:06:50,3.4608470318564835,22.09250309887363,39.8723902377623,0
2026-01-01 05:07:00,3.24994732998883,21.747900281998227,41.296372577047954,0
2026-01-01 05:07:10,2.187736843385647,21.821112874108458,37.40635123385192,0
2026-01-01 05:07:20,3.1157249904545083,22.281063999399723,40.36131513580061,0
2026-01-01 05:07:30,2.800291960531936,22.057505857243434,39.87293435070572,0
2026-01-01 05:07:40,3.2808168503808046,22.310774681172607,40.04571462088094,0
2026-01-01 05:07:50,2.730824098151623,22.190725438009842,39.26523708699039,0
2026-01-01 05:08:00,3.2145523170384176,21.97955252279385,40.02418718185071,0
2026-01-01 05:08:10,3.042991891500001,21.708174793704952,37.33476150763596,0
2026-01-01 05:08:20,3.141943635980336,21.718835424784174,39.64328944386109,0
2026-01-01 05:08:30,3.139929386223695,22.52483376644289,41.40415365279543,0
2026-01-01 05:08:40,2.661045042834432,21.67046525214354,41.786636024719286,0
2026-01-01 05:08:50,2.9559439436234096,21.53615175538408,39.61682435292773,0
2026-01-01 05:09:00,2.8759728688090678,22.012958485473433,42.193381906052096,0
2026-01-01 05:09:10,2.912863825131663,22.292113527722787,40.36150038009587,0
2026-01-01 05:09:20,3.4302929008056227,22.113901837354227,37.05506627824154,0
2026-01-01 05:09:30,3.1382474596211596,21.969796010973276,41.50139901879351,0
2026-01-01 05:09:40,3.5233751610225745,22.343933424586982,40.852410065729174,0
2026-01-01 05:09:50,3.3259142133617514,22.564952268437082,40.0953100757535,0
2026-01-01 05:10:00,2.757722597970511,21.910610997905223,38.43274552914539,0
2026-01-01 05:10:10,3.5351767785605306,21.812006970667998,40.292394360716465,0
2026-01-01 05:10:20,3.1844833917094135,22.20387323089693,41.2175583574199,0
2026-01-01 05:10:30,3.099575534312366,22.329780720090994,40.12405000545785,0
2026-01-01 05:10:40,2.4868189936690457,21.842763919719417,37.648017601659596,0
2026-01-01 05:10:50,2.552261318998202,22.2638609195109,39.3658017180852,0
2026-01-01 05:11:00,2.713614569414982,22.207287580178164,39.240716408371995,0
2026-01-01 05:11:10,2.946145627538256,22.165066009272728,40.431546410517576,0
2026-01-01 05:11:20,2.4175296598139338,21.046037796419768,40.51917599319658,0
2026-01-01 05:11:30,3.1476042841700695,22.36328885063838,40.6696737982251,0
2026-01-01 05:11:40,3.163947943451619,21.941358206924207,40.29722722158509,0
2026-01-01 05:11:50,3.5001180350165733,21.56280215456231,41.08028292423835,0
2026-01-01 05:12:00,3.7604506793488066,22.4846102657628,42.98390629656618,0
2026-01-01 05:12:10,3.3741575700941113,22.590385751750887,42.03352470238859,0
2026-01-01 05:12:20,3.223148450794912,22.44954665164494,41.56979158728268,0
2026-01-01 05:12:30,3.9977465489398387,23.261645931705218,43.65736977603987,0
2026-01-01 05:12:40,4.164820579371141,23.150755176183466,45.20193166953954,0
2026-01-01 05:12:50,4.168424355193081,23.417359214228025,44.40107403340425,0
2026-01-01 05:13:00,4.470223428860619,23.473640355016126,46.309764710531404,0
2026-01-01 05:13:10,4.273570171856798,23.470325123581542,46.6874267551265,0
2026-01-01 05:13:20,4.648957823750064,23.86383257515406,47.55672439914213,0
2026-01-01 05:13:30,4.711881050516116,24.13993962370989,48.73256128340449,0
2026-01-01 05:13:40,5.30782846916213,24.871719463081096,47.71787422306609,0
2026-01-01 05:13:50,5.412807247663561,24.315314151669398,47.75976379194461,0
2026-01-01 05:14:00,4.863242162808461,25.30186046056956,48.469353484257255,0
2026-01-01 05:14:10,5.474693484050588,24.726902697421515,50.69516524833014,0
2026-01-01 05:14:20,5.591539934523198,24.808554932870116,51.108329230852725,0
2026-01-01 05:14:30,5.546587328371287,25.148778282405353,49.22644421870725,0
2026-01-01 05:14:40,5.7152083775604785,25.653558750916144,50.03546396189707,0
2026-01-01 05:14:50,5.870437521742323,25.79928932516016,52.12305977057361,0
2026-01-01 05:15:00,6.731740660525195,26.550168963807312,52.465410870582176,0
2026-01-01 05:15:10,6.611427523680696,26.424784767063834,53.4025211419756,0
2026-01-01 05:15:20,6.367558359367026,26.39631046520758,54.49382099185255,0
2026-01-01 05:15:30,6.74618043393921,26.73269506044935,54.58260372632774,0
2026-01-01 05:15:40,6.769600490484171,26.83272489110495,56.385970092568876,0
2026-01-01 05:15:50,6.931337677886656,27.278427183297325,54.89618552889059,1
2026-01-01 05:16:00,7.217710641590205,27.122597439140716,56.6971096206814,1
2026-01-01 05:16:10,7.386987905289762,27.961322344692434,57.1491159109611,1
2026-01-01 05:16:20,8.15491101116105,27.73113803391932,58.758721803978666,1
2026-01-01 05:16:30,7.928581404010866,28.558978324775588,58.33974032940188,1
2026-01-01 05:16:40,2.845916609335818,22.381103875677677,38.81864819541086,0
2026-01-01 05:16:50,2.738467577709221,22.008935695727445,42.54032070012051,0
2026-01-01 05:17:00,3.255055966154513,22.24850178158208,41.46139339462968,0
2026-01-01 05:17:10,2.625133229178156,22.77334389908574,40.38512619799268,0
2026-01-01 05:17:20,2.404800995055914,21.981799257847886,38.82298691864425,0
2026-01-01 05:17:30,3.213313591319209,22.163625975333623,40.99994182518534,0
2026-01-01 05:17:40,2.819055729895892,21.522184997185498,38.75099327047158,0
2026-01-01 05:17:50,2.8335001835657367,21.87966961758708,37.55903240807903,0
2026-01-01 05:18:00,2.985750766363541,22.08409848800092,42.53775225628688,0
2026-01-01 05:18:10,3.4635713138291058,21.746690918115892,39.854859845219664,0
2026-01-01 05:18:20,2.642392097405044,22.00644835898426,40.34604597750165,0
2026-01-01 05:18:30,2.7483094681067466,21.716979085882357,39.19181454313493,0
2026-01-01 05:18:40,2.876552627633616,22.216577639755894,38.38314120827262,0
2026-01-01 05:18:50,2.8077945019507196,22.37872302660475,40.08250440405006,0
2026-01-01 05:19:00,3.1716377152825173,22.238372538815668,39.60008048008069,0
2026-01-01 05:19:10,2.70604026129077,21.65615459444862,38.66414678411348,0
2026-01-01 05:19:20,3.1777601158761732,21.95310416422559,41.10002234903356,0
2026-01-01 05:19:30,2.782827543253718,22.42751692855772,38.07100044022526,0
2026-01-01 05:19:40,2.851352356644631,20.660979761404963,39.38586614045377,0
2026-01-01 05:19:50,3.069197377562507,22.172941085680137,38.924227148916295,0
2026-01-01 05:20:00,2.689879259831332,21.890142060575265,38.38013523870879,0
2026-01-01 05:20:10,3.0058730286270516,21.6870584309992,41.27974795961979,0
2026-01-01 05:20:20,2.9139023442627003,22.460194820013342,39.624645751514386,0
2026-01-01 05:20:30,2.9046629358263067,21.828407713051032,41.44715484145367,0
2026-01-01 05:20:40,3.203356192452309,22.658531683078184,41.51178534618237,0
2026-01-01 05:20:50,2.4398179345094175,21.852886189371578,41.05379997090078,0
2026-01-01 05:21:00,2.694318998882206,21.357939427928002,38.76129962486828,0
2026-01-01 05:21:10,2.624518002908306,22.03781102703539,42.70913367675544,0
2026-01-01 05:21:20,3.001188384277376,21.763422472184224,41.15503373069606,0
2026-01-01 05:21:30,3.0463032697927024,22.44667251002701,40.3481419568928,0
2026-01-01 05:21:40,3.06901668346365,22.049388925803417,38.86893626249868,0
2026-01-01 05:21:50,3.5832323110576483,21.976627952401003,41.23960497599579,0
2026-01-01 05:22:00,2.9438899113375836,22.781884478904516,39.56377808093862,0
2026-01-01 05:22:10,2.885297417707304,22.76480218762108,41.746090228878906,0
2026-01-01 05:22:20,3.0899086666653273,22.105298368690633,38.92314266063618,0
2026-01-01 05:22:30,3.5127621463058887,21.473823477180062,41.96416615210397,0
2026-01-01 05:22:40,3.1174012742533868,21.665936958054996,38.31082903633189,0
2026-01-01 05:22:50,2.553792024982277,21.43905228663047,43.136641409098715,0
2026-01-01 05:23:00,3.2985871198566095,21.768711933351632,41.66990846910909,0
2026-01-01 05:23:10,3.2817476739432543,21.747661779683657,39.553199792564705,0
2026-01-01 05:23:20,2.9161940173760024,21.99859770929653,39.37743309934355,0
2026-01-01 05:23:30,2.748092501891626,22.285898259955577,39.64941391322241,0
2026-01-01 05:23:40,3.177843670450286,22.567567228765075,42.18853352243784,0
2026-01-01 05:23:50,3.4021219260342654,22.116551593926378,40.04827763055526,0
2026-01-01 05:24:00,3.1313471298730717,22.13021832612883,43.365881913254576,0
2026-01-01 05:24:10,2.182209344970157,22.81948330307954,37.56176159470025,0
2026-01-01 05:24:20,3.0322457154994256,21.827672959044722,39.50187287998871,0
2026-01-01 05:24:30,3.0954204488583743,21.53722344110821,40.483756990434856,0
2026-01-01 05:24:40,2.983195598449899,22.101203394671117,39.0825976311957,0
2026-01-01 05:24:50,2.8478353357183366,22.642142384944723,41.835904516356834,0
2026-01-01 05:25:00,2.9270765831762375,22.345548663820804,39.41722596646532,0
2026-01-01 05:25:10,2.4220635181621355,22.306555390628958,39.379157586587716,0
2026-01-01 05:25:20,2.5110800504261412,22.222523604814597,37.136415474473296,0
2026-01-01 05:25:30,3.230869543134302,22.38711778760137,40.59848823625254,0
2026-01-01 05:25:40,2.86529891388854,22.26945454628345,35.82189119091148,0
2026-01-01 05:25:50,3.3294588354730235,22.78124287930903,41.03043494814801,0
2026-01-01 05:26:00,3.145714752406199,22.64348555321956,37.67007512120953,0
2026-01-01 05:26:10,3.1997846513502197,22.64224793302605,36.87888921191353,0
2026-01-01 05:26:20,3.2625870160249586,22.5368091003973,41.76473565645255,0
2026-01-01 05:26:30,2.768487093882489,22.32028077901823,43.0897675026061,0
2026-01-01 05:26:40,2.7197537378851373,22.592354516261334,37.7323192810466,0
2026-01-01 05:26:50,3.1604912017091307,21.876415994160837,36.843125801852004,0
2026-01-01 05:27:00,2.6206244656206286,22.022567781309522,42.65400598510094,0
2026-01-01 05:27:10,3.0598521979316664,21.415799640232606,41.78689102244775,0
2026-01-01 05:27:20,2.9804698383734087,23.089179475089722,37.50682792967284,0
2026-01-01 05:27:30,3.1858989354487273,21.911992788936132,39.80888969141506,0
2026-01-01 05:27:40,2.622594026620099,22.351655329615816,39.934112300567314,0
2026-01-01 05:27:50,3.3262360652082497,21.053008938650688,40.530655946337085,0
2026-01-01 05:28:00,2.439029195125076,21.633118927947347,38.6442166870715,0
2026-01-01 05:28:10,3.4188064096144446,22.701277920826236,39.45227108020268,0
2026-01-01 05:28:20,3.142212693453662,22.27842616683082,39.302610738376245,0
2026-01-01 05:28:30,2.886643533364532,21.808864059718484,39.9330902017255,0
2026-01-01 05:28:40,3.174021868223266,22.036520468423866,42.00457270517978,0
2026-01-01 05:28:50,3.02102654256257,21.97026186809659,39.72317283672108,0
2026-01-01 05:29:00,2.785425444354723,21.72232930564586,40.61648530431625,0
2026-01-01 05:29:10,3.1581859619075847,20.711593457605716,40.59339825214441,0
2026-01-01 05:29:20,2.849559172992458,22.002148151534403,39.295902756346784,0
2026-01-01 05:29:30,3.4594927398447113,22.546555764741775,38.89339494297274,0
2026-01-01 05:29:40,3.2361818964003555,22.372446363356374,39.09403017008916,0
2026-01-01 05:29:50,2.6695548729069127,22.46709677021111,38.837432555475644,0
2026-01-01 05:30:00,2.9137325669546597,21.587837705108978,38.21719681905835,0
2026-01-01 05:30:10,3.5966460161351383,22.759154917063483,39.82928119237936,0
2026-01-01 05:30:20,2.8830958073101334,22.27480428377928,41.779691555995484,0
2026-01-01 05:30:30,2.432572832445028,22.474831071496702,38.55281539355547,0
2026-01-01 05:30:40,2.772455520262557,21.82177923859523,39.14895429158934,0
2026-01-01 05:30:50,3.1910010461087497,22.017212389328513,41.03028686651838,0
2026-01-01 05:31:00,2.4056269138338657,21.82263613071258,43.63969551191049,0
2026-01-01 05:31:10,2.8276229907935875,21.967242248171004,41.48678666939,0
2026-01-01 05:31:20,2.9298007288360313,22.345428543654325,39.86468923748825,0
2026-01-01 05:31:30,3.148387391872286,22.055860669686357,40.09753694678317,0
2026-01-01 05:31:40,3.04245963964491,22.669410736687038,41.315031213812645,0
2026-01-01 05:31:50,2.7799370510707955,21.491855181469965,41.73204065007508,0
2026-01-01 05:32:00,2.5867270859806,22.680053964159974,42.609497877955675,0
2026-01-01 05:32:10,3.025585220619972,21.554187073996776,37.3911922717408,0
2026-01-01 05:32:20,3.6080407106810717,22.82396716336579,38.31872926965165,0
2026-01-01 05:32:30,2.99737950723072,21.977041014485284,39.9237988170707,0
2026-01-01 05:32:40,3.4917911650107287,22.431487620321207,41.21299414824593,0
2026-01-01 05:32:50,2.9417460788211405,21.748740240097742,41.9295732054933,0
2026-01-01 05:33:00,3.0955118818544,22.11530063114773,39.18785253238861,0
2026-01-01 05:33:10,2.76752503988182,22.275282122581153,39.33458975468892,0
2026-01-01 05:33:20,2.9435691373364845,21.858926040401766,39.06889938009616,0
2026-01-01 05:33:30,2.7915655575794505,21.952938027359135,40.02254162543065,0
2026-01-01 05:33:40,2.719533992185989,21.910772075283717,41.78550451091405,0
2026-01-01 05:33:50,3.311238331052692,22.287667466542175,42.7296576809689,0
2026-01-01 05:34:00,3.6315484142917254,21.516075121176836,41.13171354965605,0
2026-01-01 05:34:10,2.987626888008284,22.79345346097441,40.01782065177669,0
2026-01-01 05:34:20,3.2500912190411073,22.067698161927584,39.51265777803966,0
2026-01-01 05:34:30,2.980031535436663,22.349595900402754,40.117658869125506,0
2026-01-01 05:34:40,3.2618798602726375,22.970477125873227,40.72050257043021,0
2026-01-01 05:34:50,2.915722012737668,22.36198481659768,39.661289876385936,0
2026-01-01 05:35:00,2.9477577848609267,22.685673386649736,42.52989420403328,0
2026-01-01 05:35:10,2.900949099617718,22.7867667850033,39.94128395954749,0
2026-01-01 05:35:20,3.32693610426125,22.429008285670907,39.89593244958951,0
2026-01-01 05:35:30,3.5676035309969087,20.81830042350319,39.03740928452181,0
2026-01-01 05:35:40,2.953253683327855,21.973804984791354,38.01175154800647,0
2026-01-01 05:35:50,3.2111642783472774,21.713794805805907,41.68224881777489,0
2026-01-01 05:36:00,3.148649600742054,21.76135865803666,39.79890212554544,0
2026-01-01 05:36:10,2.6779617765891914,22.408654085531044,42.15455205136563,0
2026-01-01 05:36:20,2.9874359835104793,21.96253507004429,38.912134485043325,0
2026-01-01 05:36:30,2.8648610547348823,22.08957074957864,37.080212070461705,0
2026-01-01 05:36:40,3.439715172511218,21.68237509718559,38.12259461130289,0
2026-01-01 05:36:50,2.7066665367123446,22.254131678086484,39.82349904671072,0
2026-01-01 05:37:00,3.2106829282654736,22.588172921205015,39.45415931573662,0
2026-01-01 05:37:10,3.3646441780903897,23.17721933410745,41.08673659057259,0
2026-01-01 05:37:20,3.1857289434154654,22.035913985767653,39.592892409753254,0
2026-01-01 05:37:30,2.8608156091546775,22.00721890098729,41.816011828813295,0
2026-01-01 05:37:40,2.876295991972978,21.759479814195306,38.88442587205825,0
2026-01-01 05:37:50,3.154243747921814,21.671133757324238,38.06859207452041,0
2026-01-01 05:38:00,3.258811476597005,21.174795275399674,42.17513056326363,0
2026-01-01 05:38:10,2.618930448291736,22.122453821241102,39.65341069473865,0
2026-01-01 05:38:20,2.6165212112227274,21.885277836266585,39.07438268618434,0
2026-01-01 05:38:30,2.666943360554273,22.415205010926385,41.14631980500828,0
2026-01-01 05:38:40,2.7642899337364972,22.599386929654816,40.8433585896374,0
2026-01-01 05:38:50,2.6329298443574967,21.84262484149018,37.13620381153414,0
2026-01-01 05:39:00,3.361535321884335,22.058259648771852,40.56166183667775,0
2026-01-01 05:39:10,3.270362034147692,21.87492913213869,38.80601663498687,0
2026-01-01 05:39:20,3.1594996787815783,22.1826399394794,40.32034179953387,0
2026-01-01 05:39:30,2.9390050398510814,22.51311798753559,40.117011127718285,0
2026-01-01 05:39:40,2.814109072825061,21.6474741350709,44.9145990176695,0
2026-01-01 05:39:50,3.162007259096773,22.152541133832113,42.0482896937894,0
2026-01-01 05:40:00,3.2448665617671577,21.57657268869739,41.475885305866676,0
2026-01-01 05:40:10,2.9289718325887377,21.249997045011227,41.76998279453468,0
2026-01-01 05:40:20,2.917225358869147,21.317779363640156,40.94955508937579,0
2026-01-01 05:40:30,3.0207809643527623,22.31281095502965,38.63257404676914,0
2026-01-01 05:40:40,2.7310000516999855,20.787522467003964,40.77045255079773,0
2026-01-01 05:40:50,2.4700203841758155,21.86938565898617,38.24361265928882,0
2026-01-01 05:41:00,2.578415433823533,22.06495327405322,38.15688211637172,0
2026-01-01 05:41:10,3.009043919634604,21.819602393188276,40.440924081914744,0
2026-01-01 05:41:20,3.0477531347767743,21.721712350213167,40.30168518805229,0
2026-01-01 05:41:30,2.4854144347641003,22.036467258666576,41.18230621119578,0
2026-01-01 05:41:40,3.169856080926317,21.950402810516973,38.9055934544475,0
2026-01-01 05:41:50,3.2827227885102404,22.494872320115604,39.61828588503199,0
2026-01-01 05:42:00,3.1783578380903883,21.63214922462498,38.466795634189566,0
2026-01-01 05:42:10,2.6829871654910327,21.636124084636666,41.139250056274186,0
2026-01-01 05:42:20,2.835768058360933,22.161255138091942,39.74795087536514,0
2026-01-01 05:42:30,3.0907078182482755,22.060033509351925,38.341034988825314,0
2026-01-01 05:42:40,3.13995702814053,22.754468941064626,40.79393523179936,0
2026-01-01 05:42:50,3.119902058796452,22.297601728339455,42.359853964755,0
2026-01-01 05:43:00,3.734673588507814,22.711715816231596,41.97746261958163,0
2026-01-01 05:43:10,3.5528941361821245,23.110455510923604,44.17120375100112,0
2026-01-01 05:43:20,4.257776000410369,22.866823792392985,45.36552298040619,0
2026-01-01 05:43:30,4.155344249213775,23.40797158902129,45.560258707298125,0
2026-01-01 05:43:40,4.2251425526373865,22.95085909959529,46.038194881529094,0
2026-01-01 05:43:50,4.569714148859014,23.691916945936907,46.6225313439372,0
2026-01-01 05:44:00,4.832055358759705,23.546398106381528,46.68917964106439,0
2026-01-01 05:44:10,4.377820811963516,24.162892043146464,46.96059108930465,0
2026-01-01 05:44:20,5.098381803485448,24.07808343111282,47.57851346414848,0
2026-01-01 05:44:30,4.52345522681524,24.76725114631015,48.5782667498726,0
2026-01-01 05:44:40,5.350781620897456,24.351970779189582,49.73139550818634,0
2026-01-01 05:44:50,5.830549940702845,24.944526184337143,50.65008890808164,0
2026-01-01 05:45:00,5.492542462041489,25.176943142985884,49.1353260527085,0
2026-01-01 05:45:10,5.9909576942720255,25.447952173149616,50.11404694750727,0
2026-01-01 05:45:20,5.839627564632384,25.618325851779495,52.923865015964175,0
2026-01-01 05:45:30,6.462572107370369,25.759762386286454,51.30201799279728,0
2026-01-01 05:45:40,6.381026361398092,26.535464719709704,51.71058492801082,0
2026-01-01 05:45:50,6.309080870142214,26.383289303273994,54.15359913525417,0
2026-01-01 05:46:00,6.557662721013706,26.466034161990436,55.644211868520976,0
2026-01-01 05:46:10,6.813666064894834,26.544197691712373,55.92235750325905,0
2026-01-01 05:46:20,6.94589702361916,27.14275706826344,58.026739678484354,0
2026-01-01 05:46:30,6.988078273040735,26.624992340164784,57.03838590535671,1
2026-01-01 05:46:40,7.076232428727754,26.809226756313937,55.28412756300949,1
2026-01-01 05:46:50,7.423549550485625,27.390102909151825,57.482637010857765,1
2026-01-01 05:47:00,7.944733303373101,27.994766180113835,60.59551063068843,1
2026-01-01 05:47:10,7.842639026520075,28.155145717553232,59.64218598212048,1
2026-01-01 05:47:20,3.1026318118951255,22.76690365937045,37.711642437908374,0
2026-01-01 05:47:30,2.6537509845661376,21.996120535126956,41.48747075262185,0
2026-01-01 05:47:40,2.7396073732415003,21.914562703117983,37.7009740436144,0
2026-01-01 05:47:50,2.6614227980708898,21.71003838727008,38.65668117292404,0
2026-01-01 05:48:00,2.8924789273461333,21.51000004453598,41.76479988068165,0
2026-01-01 05:48:10,2.8248833599312198,22.15140085956701,39.115914107724336,0
2026-01-01 05:48:20,2.779556730739743,21.440308696310147,36.77062972636373,0
2026-01-01 05:48:30,2.9907640492759753,21.897036557126015,39.918495280376945,0
2026-01-01 05:48:40,3.3567679383767355,22.266898058971698,39.95767318159415,0
2026-01-01 05:48:50,3.4092978732512598,22.35610421258688,41.58623391895327,0
2026-01-01 05:49:00,3.1189100869402053,22.067899107188264,38.73025329569664,0
2026-01-01 05:49:10,3.182384270101726,21.930254351899137,38.9843290811792,0
2026-01-01 05:49:20,2.5281032228781415,21.578981123251957,41.49144824003143,0
2026-01-01 05:49:30,3.076419341214063,21.566048489489464,39.45465693317115,0
2026-01-01 05:49:40,3.091699670592779,21.707498172474818,38.65351092208742,0
2026-01-01 05:49:50,2.8087537695524967,21.98239778202327,39.48923193293324,0
2026-01-01 05:50:00,3.0706367385333344,20.524653883428623,38.788524163379854,0
2026-01-01 05:50:10,2.882529006793188,22.438971932566634,41.00415702008984,0
2026-01-01 05:50:20,2.606109441015818,22.15759009034576,38.79659224909822,0
2026-01-01 05:50:30,2.84860987731323,22.043513345541587,37.6918039342615,0
2026-01-01 05:50:40,3.330521358535863,22.1967973947346,37.59061481739706,0
2026-01-01 05:50:50,3.118487391096992,22.284782986686906,38.54642342269363,0
2026-01-01 05:51:00,3.555612013444101,21.832886794994554,38.35358352658641,0
2026-01-01 05:51:10,2.8915115671882363,22.24148166204905,40.1616222019391,0
2026-01-01 05:51:20,2.3794872853706903,22.035758111572644,39.33611606083877,0
2026-01-01 05:51:30,3.0023183679527055,22.087505894713907,41.94587380027908,0
2026-01-01 05:51:40,2.7008315137683674,21.57638515119516,41.6555800205839,0
2026-01-01 05:51:50,2.884653263687545,21.178850231860306,38.228746124511794,0
2026-01-01 05:52:00,3.4559856017742896,21.145680060506077,41.13968085542962,0
2026-01-01 05:52:10,2.7481417325947026,22.22841258575886,40.94289923954557,0
2026-01-01 05:52:20,3.2679565041621754,22.256757649143456,38.45545564055041,0
2026-01-01 05:52:30,2.903196575275583,21.384760043201755,39.31768892779287,0
2026-01-01 05:52:40,2.9005048142942664,22.27027321261178,40.245058081355545,0
2026-01-01 05:52:50,3.458527428331077,22.367301451786584,39.787241013029664,0
2026-01-01 05:53:00,3.2000264721474965,22.598185444408276,41.22886503276637,0
2026-01-01 05:53:10,3.5601398961111967,23.081524626536734,43.425699343533886,0
2026-01-01 05:53:20,4.192880101448805,22.90509933657798,42.69218669888047,0
2026-01-01 05:53:30,4.083637792885782,23.031761659228007,43.471938886974264,0
2026-01-01 05:53:40,4.1262463478803,23.895824686745062,45.37063247179529,0
2026-01-01 05:53:50,4.495097413788903,24.082356301042473,46.23586629340866,0
2026-01-01 05:54:00,4.273718877972993,24.06621470924234,47.014254857115255,0
2026-01-01 05:54:10,4.797039637205285,23.941367437862134,47.212998372668416,0
2026-01-01 05:54:20,4.829285389073804,23.906573487125463,46.60369968799818,0
2026-01-01 05:54:30,5.140744563779856,24.128253946173146,47.188446456523735,0
2026-01-01 05:54:40,5.317343558663605,24.640136718859534,49.2438599838544,0
2026-01-01 05:54:50,5.087529746022697,24.96482885223073,48.673305184422595,0
2026-01-01 05:55:00,5.296623202890431,24.848396532339912,51.362064956927476,0
2026-01-01 05:55:10,5.593775839676878,25.86041721368638,48.604488561918515,0
2026-01-01 05:55:20,5.52407774953705,25.797255571143666,52.908937892489064,0
2026-01-01 05:55:30,5.827308552562322,25.62066808501686,52.71218991850328,0
2026-01-01 05:55:40,6.120791529193715,25.844960127416336,52.677599679909854,0
2026-01-01 05:55:50,6.037043937402775,25.896601614211395,53.34569842846986,0
2026-01-01 05:56:00,6.520624366821611,25.680848167414272,54.75369389955401,0
2026-01-01 05:56:10,6.692565397245885,26.083384133597477,56.46573090069032,0
2026-01-01 05:56:20,6.76401641700957,26.515505785323523,55.975042578524665,0
2026-01-01 05:56:30,7.3768002275139715,27.004311878813358,56.82610983669387,0
2026-01-01 05:56:40,6.966342293568587,27.02608791061115,56.134404940495095,1
2026-01-01 05:56:50,7.474159302943189,27.439089738652978,58.966562849853275,1
2026-01-01 05:57:00,7.0683316166221735,27.210826551305104,59.30024894425204,1
2026-01-01 05:57:10,7.386360697280163,27.841695309868104,59.80066716748142,1
2026-01-01 05:57:20,7.827665364260041,27.373560593853043,59.21181365513309,1
2026-01-01 05:57:30,3.437604401237617,22.27752938154364,41.7497925043315,0
2026-01-01 05:57:40,3.2462768637329127,21.635396012529252,40.51377845671076,0
2026-01-01 05:57:50,3.0890245442934474,22.416023156317355,38.471695064399896,0
2026-01-01 05:58:00,3.3318560514371645,21.881500320494304,41.81240363738208,0
2026-01-01 05:58:10,2.473393629203951,22.077362546875886,40.0895378208696,0
2026-01-01 05:58:20,3.3219062984410868,22.08744459461388,38.764716074714535,0
2026-01-01 05:58:30,2.9890870129021487,21.629966151808546,39.32469716250124,0
2026-01-01 05:58:40,3.2258098713226913,22.015009304637278,40.91024480842386,0
2026-01-01 05:58:50,3.192463315776029,21.59785340759007,39.68017372211124,0
2026-01-01 05:59:00,3.1955286705536823,21.64988826971117,39.83306838370026,0
2026-01-01 05:59:10,3.197355625386096,22.16120888784485,41.52522287835498,0
2026-01-01 05:59:20,3.4678880780996404,22.43341416921969,42.427962626552635,0
2026-01-01 05:59:30,4.011281610195916,23.291776955022527,40.74389489460433,0
2026-01-01 05:59:40,3.948747770100361,22.94659301298085,43.48848867619869,0
2026-01-01 05:59:50,3.9203433932914904,23.23527658896616,44.15140739607202,0
2026-01-01 06:00:00,4.0508763151968825,23.131089735652445,44.21797098404718,0
2026-01-01 06:00:10,4.380185186224686,23.77969890250528,46.18668231067348,0
2026-01-01 06:00:20,4.401161995386618,23.88515337019082,46.962502591953296,0
2026-01-01 06:00:30,4.899785645695491,23.982350143760545,46.44573494172705,0
2026-01-01 06:00:40,4.871558180100611,23.85508775813078,47.139723822297825,0
2026-01-01 06:00:50,5.148917279694626,24.592584138833107,47.72973239563611,0
2026-01-01 06:01:00,5.2102103068841,24.352604897912794,49.370158814891695,0
2026-01-01 06:01:10,5.317769046106039,24.717214564491158,48.971609497239946,0
2026-01-01 06:01:20,5.487421226620028,24.865636706520412,50.65814303600256,0
2026-01-01 06:01:30,5.58760995706343,25.677889228808212,52.131877170148044,0
2026-01-01 06:01:40,5.655024635362432,25.420911280828783,50.68267671199713,0
2026-01-01 06:01:50,5.934670487362277,26.20072824029344,51.6924285828842,0
2026-01-01 06:02:00,6.238711874082152,25.962396388202485,51.666037294183425,0
2026-01-01 06:02:10,6.162314238451492,25.638193288577565,52.44736259943555,0
2026-01-01 06:02:20,5.929993978136563,26.363374720238088,56.05419384125607,0
2026-01-01 06:02:30,6.696230814473972,25.975119342197818,54.02389028376672,0
2026-01-01 06:02:40,6.741557964328335,26.29472456683599,56.193515971728495,0
2026-01-01 06:02:50,7.162052008875067,26.453364461854704,56.725081044447506,0
2026-01-01 06:03:00,7.47202919938212,27.570767461568867,59.53187868975263,1
2026-01-01 06:03:10,7.152934803444694,28.04726612791856,56.97912694482455,1
2026-01-01 06:03:20,7.381506908923897,27.49812171246335,57.41793866590699,1
2026-01-01 06:03:30,7.746475494795972,27.20397684367881,58.427914064603236,1
2026-01-01 06:03:40,8.090449780205669,27.782881612570655,59.47492912007321,1
2026-01-01 06:03:50,3.1425775814151935,21.355076105608234,41.329207230241195,0
2026-01-01 06:04:00,3.0499913685935516,22.42398006790495,38.20872002288223,0
2026-01-01 06:04:10,2.6962066675670733,21.916966261942783,41.9819743042051,0
2026-01-01 06:04:20,3.399129703313645,21.951765124610613,37.98981265651782,0
2026-01-01 06:04:30,2.854296376627486,21.60014044627431,39.226348983205696,0
2026-01-01 06:04:40,3.3337902915609905,21.971551883667864,40.12839205591679,0
2026-01-01 06:04:50,2.9164881097176316,22.178405004291417,40.4496583534032,0
2026-01-01 06:05:00,2.9363730990238723,22.21688120276362,39.493183336789286,0
2026-01-01 06:05:10,3.0004463244324806,21.889261818078253,39.759699194851756,0
2026-01-01 06:05:20,3.0168720472126576,22.033170919131358,40.96741568384746,0
2026-01-01 06:05:30,3.4868513487233255,22.489770938575532,42.07577757198029,0
2026-01-01 06:05:40,3.652021606162938,22.510088321941645,42.52530746250215,0
2026-01-01 06:05:50,3.3173921707419307,22.68470243194237,42.164815077200366,0
2026-01-01 06:06:00,4.139598693796179,23.101126187820103,41.99887925218042,0
2026-01-01 06:06:10,4.118916760955112,23.47293500353035,43.91033607846037,0
2026-01-01 06:06:20,4.304717852491228,22.65128778486526,41.967344317234364,0
2026-01-01 06:06:30,4.097599486073829,23.6447119101875,46.86549710294188,0
2026-01-01 06:06:40,4.274714462223449,23.54389677751362,46.08860639072475,0
2026-01-01 06:06:50,4.568202907670859,23.835242769210954,46.245191829235374,0
2026-01-01 06:07:00,5.096291031637136,24.534840286621435,47.35680265562595,0
2026-01-01 06:07:10,5.330896054783929,24.55270850622039,49.15389413453849,0
2026-01-01 06:07:20,4.994557352156941,24.403896883875586,48.0022843751707,0
2026-01-01 06:07:30,5.3159888835050335,24.81797397112738,49.65751064193033,0
2026-01-01 06:07:40,5.894620973616381,25.216383438774713,49.48520830050035,0
2026-01-01 06:07:50,5.666011790855501,25.65148265673456,51.448546509270784,0
2026-01-01 06:08:00,6.131689766018145,25.255195020905795,50.62167179475702,0
2026-01-01 06:08:10,5.860591059728115,25.47940405265916,50.936716990229506,0
2026-01-01 06:08:20,6.22570527900835,25.893716173023495,54.00544463708773,0
2026-01-01 06:08:30,5.9812808332173315,25.716761733061276,54.13891380786406,0
2026-01-01 06:08:40,6.536694623742314,26.213440736916382,55.26385383991012,0
2026-01-01 06:08:50,6.464675826131434,26.181381182203793,53.82015482222305,0
2026-01-01 06:09:00,6.430751724554662,26.63984526002488,54.810480746297046,0
2026-01-01 06:09:10,6.853419838301645,26.52597246210481,55.98225330758161,0
2026-01-01 06:09:20,7.006958763754914,27.06647025828247,57.125846834001536,1
2026-01-01 06:09:30,7.274417805233335,27.091259708072172,57.51882433365183,1
2026-01-01 06:09:40,7.494230055973146,27.799047806606417,58.31826553756021,1
2026-01-01 06:09:50,7.885783866721529,27.783153300707706,57.34824852654028,1
2026-01-01 06:10:00,7.721680358172203,27.785570773087205,60.20177764392926,1
2026-01-01 06:10:10,3.5783438992315713,21.986789894512174,39.2445246094366,0
2026-01-01 06:10:20,3.493229033355738,21.460885209914995,41.017029873200485,0
2026-01-01 06:10:30,3.200463976330841,21.874865410779393,41.546379007550364,0
2026-01-01 06:10:40,2.759582618921223,21.621118795536198,37.83789671893687,0
2026-01-01 06:10:50,2.8675923625455444,22.848397426338042,41.466771346981496,0
2026-01-01 06:11:00,3.226572899697172,21.921229710969907,39.67059685866164,0
2026-01-01 06:11:10,2.697561012966945,20.744594133506382,39.794515633459085,0
2026-01-01 06:11:20,3.0125252920103547,21.54240439947065,38.94823202211454,0
2026-01-01 06:11:30,2.8283544201232367,21.83403348875187,42.25292944778289,0
2026-01-01 06:11:40,3.274277863438237,22.464160731706937,36.492357699635356,0
2026-01-01 06:11:50,2.8153941699715697,21.966486760044376,43.381057163381676,0
2026-01-01 06:12:00,2.9816708011296953,22.027796645087854,40.51385774729719,0
2026-01-01 06:12:10,2.713308544591727,22.38127050173174,41.183612802099866,0
2026-01-01 06:12:20,3.0379427026465122,21.36771997933043,39.20294272454953,0
2026-01-01 06:12:30,2.7313486439074186,21.83052371323573,39.26626573722368,0
2026-01-01 06:12:40,3.0675173655773817,22.024465027140366,38.83142139353996,0
2026-01-01 06:12:50,2.8965554607998114,22.042111449563873,40.225903739266954,0
2026-01-01 06:13:00,3.130481116253423,21.23172445324587,40.40589657417348,0
2026-01-01 06:13:10,2.8145665704979277,22.013733355427533,39.456251495676895,0
2026-01-01 06:13:20,2.8207685107582363,22.226604771776476,40.13618635445066,0
2026-01-01 06:13:30,2.484612805884058,21.96692090199264,41.70428706196381,0
2026-01-01 06:13:40,3.4317880451506406,22.169959259962326,41.46118505394389,0
2026-01-01 06:13:50,2.852454152855151,21.416496642987724,40.35270294904928,0
2026-01-01 06:14:00,2.65710685774407,21.643678293702152,40.99063140391197,0
2026-01-01 06:14:10,2.9557919595731135,22.016758368461712,43.95500371291838,0
2026-01-01 06:14:20,3.0746511236254137,21.771898722868762,41.72411394049937,0
2026-01-01 06:14:30,3.3673167860408713,21.041567084667832,38.981529480305305,0
2026-01-01 06:14:40,2.3498729815422728,21.6357429919648,40.5354551460929,0
2026-01-01 06:14:50,2.9848800148202934,21.984670465721052,41.22814895627322,0
2026-01-01 06:15:00,2.8652604777136674,22.42510783981152,37.10959556763167,0
2026-01-01 06:15:10,2.555469833226154,21.64445612078573,39.76037725301262,0
2026-01-01 06:15:20,3.02182299860917,21.536606575258705,39.72640451892617,0
2026-01-01 06:15:30,3.607460682148754,21.866605487612123,41.32788448129894,0
2026-01-01 06:15:40,2.9392431007592754,22.069812563337795,40.70222796952638,0
2026-01-01 06:15:50,3.077171325202957,21.890797300790965,40.8775319984317,0
2026-01-01 06:16:00,3.030086916752112,21.91441782832498,37.28146194035932,0
2026-01-01 06:16:10,3.7891845029555613,21.636598995395122,40.90616118315857,0
2026-01-01 06:16:20,2.8517395352511885,21.40720458354968,39.92322273153936,0
2026-01-01 06:16:30,2.5255934321609828,22.25107216714979,42.49696273294941,0
2026-01-01 06:16:40,2.736010694393277,22.204692385707965,38.96707292715631,0
2026-01-01 06:16:50,3.2366910375140763,22.370502996433757,39.420996136525844,0
2026-01-01 06:17:00,2.667355103614036,22.081341503361998,40.83263454916238,0
2026-01-01 06:17:10,3.084191210034806,22.31630372489301,39.96695489122459,0
2026-01-01 06:17:20,3.8041526614899737,21.830241911715735,39.00202673359887,0
2026-01-01 06:17:30,3.096076434386446,21.69871848736361,39.829611757447054,0
2026-01-01 06:17:40,2.7575434025255587,21.900460912403588,41.31431961140852,0
2026-01-01 06:17:50,3.0925092937895657,21.811697960350088,41.68178221385486,0
2026-01-01 06:18:00,2.5128584065582795,22.5116159665837,40.01102436319712,0
2026-01-01 06:18:10,3.2762447597639985,21.99926849646236,40.20997314448203,0
2026-01-01 06:18:20,3.4084821708950255,22.02266811762867,41.02311729361034,0
2026-01-01 06:18:30,3.1963121878180853,22.24162065796865,39.384955882691635,0
2026-01-01 06:18:40,2.9058813830820456,21.896139036682122,43.14654278350799,0
2026-01-01 06:18:50,3.179191010049456,22.882587591953868,40.11947437392089,0
2026-01-01 06:19:00,2.6109801907739882,21.98705889853172,38.85571683670517,0
2026-01-01 06:19:10,2.8515514183741124,22.244907924042156,37.660846331310665,0
2026-01-01 06:19:20,3.1207933534392365,21.81025924204425,38.97515043583347,0
2026-01-01 06:19:30,3.2225426224433305,21.79734606648483,40.35980912842709,0
2026-01-01 06:19:40,2.6036652999518966,22.100252669736584,43.25086895969949,0
2026-01-01 06:19:50,2.6668010190146267,22.217849829799736,40.674150273920894,0
2026-01-01 06:20:00,2.923422553001341,22.099303918596192,40.34364213431855,0
2026-01-01 06:20:10,2.7978157014709777,21.90137157829617,41.10269816958114,0
2026-01-01 06:20:20,2.0650041457620327,22.020796812869857,41.956099695023255,0
2026-01-01 06:20:30,2.685855051666013,22.365630865689614,38.51943073159553,0
2026-01-01 06:20:40,2.918201867932525,22.804107351934622,37.54648154649966,0
2026-01-01 06:20:50,2.919259334522627,22.007998194482568,39.40025989857021,0
2026-01-01 06:21:00,3.1365198460604273,22.009696097050192,38.35570071464872,0
2026-01-01 06:21:10,2.432968058203874,22.045976708703652,42.14099297739215,0
2026-01-01 06:21:20,3.1024678420343887,22.157651558356843,40.6059651475832,0
2026-01-01 06:21:30,2.791629916390869,21.92432392748997,39.87049321262991,0
2026-01-01 06:21:40,2.6141749350120156,21.70071587401501,41.55359870045941,0
2026-01-01 06:21:50,3.2244587353182443,21.40933711059278,41.586701511312874,0
2026-01-01 06:22:00,3.093304522313457,21.59819646762687,40.16259737213232,0
2026-01-01 06:22:10,2.621242621784168,21.654285895223786,41.703430878237214,0
2026-01-01 06:22:20,2.543861225258734,21.11665112439484,42.76300022430165,0
2026-01-01 06:22:30,3.033417256051488,22.060662908858006,38.464366078438225,0
2026-01-01 06:22:40,3.6000323075656,21.68689719644825,43.5751855549703,0
2026-01-01 06:22:50,2.96507853016167,22.35295883591599,41.541219015029036,0
2026-01-01 06:23:00,3.234811181580555,22.14993923133313,37.08799474289222,0
2026-01-01 06:23:10,2.5478374302431295,21.711372367063987,40.20828404864632,0
2026-01-01 06:23:20,3.038535320173888,21.76347814444842,37.24124441624259,0
2026-01-01 06:23:30,2.764924482754865,21.638938256004874,44.04749325390563,0
2026-01-01 06:23:40,3.434523501036717,22.273887755155368,40.42880767805517,0
2026-01-01 06:23:50,3.0565459142281264,21.669883215667653,39.26062258757612,0
2026-01-01 06:24:00,3.4329900030389364,21.252029081980766,42.277484236850974,0
2026-01-01 06:24:10,3.151936573952329,21.93597020535668,39.634884546148136,0
2026-01-01 06:24:20,3.236379375748816,22.184545408432037,41.119574621475344,0
2026-01-01 06:24:30,2.965550272474134,22.41255221011093,40.5822786934821,0
2026-01-01 06:24:40,3.217074685773017,21.89609533788493,39.492615033629384,0
2026-01-01 06:24:50,3.364352403533341,23.03342946406663,38.00466061653799,0
2026-01-01 06:25:00,2.842012515905831,21.911639899631556,40.1110060179143,0
2026-01-01 06:25:10,3.0290209298214044,22.2335532089136,41.926157042768345,0
2026-01-01 06:25:20,3.1836247502411346,21.832585706664204,40.6556695118811,0
2026-01-01 06:25:30,3.549885157786126,21.97728456164549,38.66434637058601,0
2026-01-01 06:25:40,3.184978615834367,21.554110697617997,39.71919794633729,0
2026-01-01 06:25:50,3.239978189858975,22.35101902138057,40.52749353246109,0
2026-01-01 06:26:00,3.0323956550058093,22.435735723726676,39.11582902204046,0
2026-01-01 06:26:10,3.1237453388374536,22.099843783283884,36.338943977837374,0
2026-01-01 06:26:20,2.860974728665171,21.573937594361855,41.24065357264501,0
2026-01-01 06:26:30,2.5475956882101514,22.040715333482932,40.45952130089803,0
2026-01-01 06:26:40,2.562662583595545,22.050384565951454,43.980587313049526,0
2026-01-01 06:26:50,3.356825485339043,21.76429850768197,38.11989742255747,0
2026-01-01 06:27:00,2.9798082990096852,22.22066090743163,41.216995478382124,0
2026-01-01 06:27:10,3.2475551173660104,22.370112757086734,40.25297705141529,0
2026-01-01 06:27:20,3.1329872779822274,22.07284241282293,40.493838800365474,0
2026-01-01 06:27:30,3.093755963933166,22.250127333608603,39.74608834250106,0
2026-01-01 06:27:40,2.308306348438735,22.66439676165625,38.26538253434068,0
2026-01-01 06:27:50,3.7624023096091577,21.941407731708736,41.50961656003983,0
2026-01-01 06:28:00,3.2451110058777575,21.593115256839937,39.04089094618822,0
2026-01-01 06:28:10,2.8149502197068497,22.114909005610972,41.41557325863407,0
2026-01-01 06:28:20,2.9387672620519676,21.271778847335504,39.34895160434648,0
2026-01-01 06:28:30,3.498128056048004,21.693458956293995,39.88181739987955,0
2026-01-01 06:28:40,3.244340019824552,21.628995926116055,40.32164339561867,0
2026-01-01 06:28:50,2.9484040513775467,21.99034835581801,40.76590103561547,0
2026-01-01 06:29:00,2.6566232173980673,21.81246095837527,38.15683577642555,0
2026-01-01 06:29:10,2.9372205865006773,22.07522934279671,38.72322927632877,0
2026-01-01 06:29:20,3.6123571509582257,22.19170003835869,40.21465031146465,0
2026-01-01 06:29:30,2.7005120825036792,21.645714480080123,39.06274807234828,0
2026-01-01 06:29:40,3.2335882093926474,21.55109800848284,40.079023681465124,0
2026-01-01 06:29:50,2.527950862795671,21.654229317865713,42.38428455415579,0
2026-01-01 06:30:00,2.6112059938056693,21.92895001654267,37.903773080754334,0
2026-01-01 06:30:10,3.413547066645819,22.24148529621768,42.10225051982824,0
2026-01-01 06:30:20,3.1948828320295686,21.727061744048292,37.6873481129428,0
2026-01-01 06:30:30,2.9771618330793275,22.191256230222322,39.13415691143415,0
2026-01-01 06:30:40,2.219827494141201,22.571971116132836,41.49717473307418,0
2026-01-01 06:30:50,3.0632055564886436,21.871298918403916,39.951278446236856,0
2026-01-01 06:31:00,3.3416154203568293,22.83735829001997,38.54348976488404,0
2026-01-01 06:31:10,3.1274397940430356,22.22845649681523,38.9147700663703,0
2026-01-01 06:31:20,2.9699641794116256,22.018591467681915,42.44667264618337,0
2026-01-01 06:31:30,2.7800991242662905,22.214183498963852,41.8135152983515,0
2026-01-01 06:31:40,2.92112784063751,21.122363840095502,38.96779440677262,0
2026-01-01 06:31:50,3.7297908972065263,21.451036104975476,39.54155133638981,0
2026-01-01 06:32:00,3.233756273100241,22.263736398027646,41.278261271982856,0
2026-01-01 06:32:10,3.001473167569066,21.827079525676183,40.347596413045586,0
2026-01-01 06:32:20,3.3447084188994882,21.750576377880343,41.55044380416837,0
2026-01-01 06:32:30,2.8435991572598542,21.80201417964372,38.47600685324796,0
2026-01-01 06:32:40,3.3671172127514164,21.719100183054742,39.59539041313736,0
2026-01-01 06:32:50,2.780784965970405,21.64721569429313,37.835927820995934,0
2026-01-01 06:33:00,3.5143662443283024,22.45570855967884,39.28832951275828,0
2026-01-01 06:33:10,3.0959434904388536,22.25541732690704,42.54643566956401,0
2026-01-01 06:33:20,2.713673070107427,22.256355329805448,39.645240436813715,0
2026-01-01 06:33:30,2.163238502395839,22.02431414900052,42.88942878228309,0
2026-01-01 06:33:40,2.5339058869890176,22.055616590845354,39.52493883358859,0
2026-01-01 06:33:50,2.736834004233932,22.210792556545503,40.0113402705912,0
2026-01-01 06:34:00,3.091574597885271,22.315553683019456,41.74802857382817,0
2026-01-01 06:34:10,2.9755956818892755,21.839516317382127,41.06439921907535,0
2026-01-01 06:34:20,3.080093276961498,22.434071139268926,40.002194282220685,0
2026-01-01 06:34:30,2.7979029385190426,22.49218401910399,40.79122124954159,0
2026-01-01 06:34:40,3.5299371739612684,22.19227250568816,40.374831337245745,0
2026-01-01 06:34:50,2.9127404489427975,21.942053297941563,40.60873613001072,0
2026-01-01 06:35:00,2.7397662009958212,22.00544624575233,40.2427592095639,0
2026-01-01 06:35:10,3.490314959594329,22.069578883365125,39.07273743684975,0
2026-01-01 06:35:20,3.1424132932195996,21.89857473142072,39.29047349909357,0
2026-01-01 06:35:30,2.4470799555419145,21.720159676519053,39.68593658003213,0
2026-01-01 06:35:40,3.1024032778035973,23.002106098189387,39.52397624890521,0
2026-01-01 06:35:50,3.041666256403613,21.825494787127987,41.57217513890373,0
2026-01-01 06:36:00,2.8776818948194145,21.875511640996578,40.22673661788041,0
2026-01-01 06:36:10,2.4085556100030256,22.245306217864456,41.706665171002996,0
2026-01-01 06:36:20,2.7778308664988827,21.002258399710882,41.719549112945245,0
2026-01-01 06:36:30,2.914085198947984,22.087487306456595,39.74977788895241,0
2026-01-01 06:36:40,3.739067079639678,21.95643740194467,41.42667446095348,0
2026-01-01 06:36:50,2.7037491619591596,21.683993161273918,41.03922281545138,0
2026-01-01 06:37:00,3.5118657924076184,21.294204412137237,38.15495488611697,0
2026-01-01 06:37:10,2.837139721574239,21.468880530608228,39.567200648977305,0
2026-01-01 06:37:20,3.0147593813432287,21.922818404160093,38.094989848313666,0
2026-01-01 06:37:30,3.325990062552459,22.509873539871794,38.29654614286326,0
2026-01-01 06:37:40,2.783957219951908,22.28280700118304,39.57553558452888,0
2026-01-01 06:37:50,3.3158306818834755,22.45734461208233,40.277287981090545,0
2026-01-01 06:38:00,2.4639566334558953,23.156663477230357,41.190919800206885,0
2026-01-01 06:38:10,2.911107833333184,22.098762425366644,38.31220325839342,0
2026-01-01 06:38:20,2.867004509284395,21.504473992750288,41.794156953261876,0
2026-01-01 06:38:30,3.251564677894087,22.027328851975927,40.1894687718805,0
2026-01-01 06:38:40,3.5334807717913432,22.25604995025665,41.454761297259864,0
2026-01-01 06:38:50,3.070829449251213,21.607192201115637,38.96990140664897,0
2026-01-01 06:39:00,3.3438545709148317,22.509482139124476,41.58119051246443,0
2026-01-01 06:39:10,3.10381569302611,21.86307806262034,41.353136967382405,0
2026-01-01 06:39:20,2.6829643100550356,22.345828788998908,41.91268660699171,0
2026-01-01 06:39:30,3.742187634125015,21.325088368143533,41.24681665479963,0
2026-01-01 06:39:40,3.0445493419883736,22.18835050269537,40.544453938595,0
2026-01-01 06:39:50,3.2331246775395766,22.814884255887343,40.220615241168964,0
2026-01-01 06:40:00,3.16508005914628,21.85540711776899,40.33528858671458,0
2026-01-01 06:40:10,3.166872656258665,22.21214767559952,39.82066186506041,0
2026-01-01 06:40:20,2.1231873602828997,21.54244508606979,38.28825127651053,0
2026-01-01 06:40:30,3.0648996653699005,22.636809959430433,39.11839304602015,0
2026-01-01 06:40:40,3.0419680270410954,22.22959068033267,40.36891557824776,0
2026-01-01 06:40:50,2.957315850962167,22.697724445897244,40.99539680284114,0
2026-01-01 06:41:00,2.7367648256491557,22.566350059705844,37.88942720350158,0
2026-01-01 06:41:10,2.48818107582057,22.44308843839298,40.84990322258909,0
2026-01-01 06:41:20,3.326729700854233,21.326517749853608,41.44270970876593,0
2026-01-01 06:41:30,3.2462945804213703,22.111006343552756,40.48028178238281,0
2026-01-01 06:41:40,3.0354047892323717,21.160171342967878,37.4150453195211,0
2026-01-01 06:41:50,3.071980583317478,21.81951246922245,39.80379910940957,0
2026-01-01 06:42:00,2.27210472796238,22.328972924709046,39.02628072286164,0
2026-01-01 06:42:10,2.880538222884233,22.591248490439792,37.77640481950635,0
2026-01-01 06:42:20,3.2435986726062396,21.913395752760252,37.39311633105131,0
2026-01-01 06:42:30,3.6306134267513417,21.960274264883186,39.59135964860369,0
2026-01-01 06:42:40,3.3424676196830165,21.576918597239096,40.81985374429338,0
2026-01-01 06:42:50,3.2312501883370692,22.247633267755205,39.43673652904075,0
2026-01-01 06:43:00,3.403835925569489,21.683033835266812,40.24675388506526,0
2026-01-01 06:43:10,2.9324683785960493,22.388564943068943,38.05711206899932,0
2026-01-01 06:43:20,3.557243162788719,21.290512350164303,42.442941546821864,0
2026-01-01 06:43:30,3.055451929308114,21.684780950706795,40.98539359951313,0
2026-01-01 06:43:40,3.232793269921848,22.2057904282127,38.32448565665451,0
2026-01-01 06:43:50,2.3507589698961,21.706131562529258,41.433903733496145,0
2026-01-01 06:44:00,3.1967604537438743,22.742557479329953,39.2575147016379,0
2026-01-01 06:44:10,2.7361083201831193,22.27171752799294,38.93479508974393,0
2026-01-01 06:44:20,2.8907129712322766,22.81003643339678,41.35252768321252,0
2026-01-01 06:44:30,2.8856187881905,22.02529285860524,39.58624006015531,0
2026-01-01 06:44:40,3.3575793708645216,21.878898852015293,40.52586318641882,0
2026-01-01 06:44:50,2.954859030755247,22.502478975765474,41.781570076207686,0
2026-01-01 06:45:00,3.281284453052879,21.803683189751357,38.876318386058465,0
2026-01-01 06:45:10,3.3442699356434096,21.653246166046614,39.95546681457103,0
2026-01-01 06:45:20,3.0576342801236005,22.037762781361664,40.54028691715241,0
2026-01-01 06:45:30,3.0474692608959857,22.125146260596363,40.09860649007093,0
2026-01-01 06:45:40,3.529085762325237,22.345235114402097,38.15649570925833,0
2026-01-01 06:45:50,3.284684466842129,21.567434647704285,40.5037708970801,0
2026-01-01 06:46:00,2.717455493565801,22.123250985734455,41.09930137368355,0
2026-01-01 06:46:10,2.846001243996749,22.282602185418902,39.97131673021944,0
2026-01-01 06:46:20,3.4528347151207948,21.37400945139996,40.562169628289205,0
2026-01-01 06:46:30,3.071476450011704,21.717332358370744,41.07939924643734,0
2026-01-01 06:46:40,2.6964656472831496,21.8687739183222,41.453425978378256,0
2026-01-01 06:46:50,3.3795466501309908,21.800219522845914,41.00362781540129,0
2026-01-01 06:47:00,2.766397844610886,22.741078837941153,38.92128326501916,0
2026-01-01 06:47:10,2.970838898922066,22.083144200426833,40.198896508039155,0
2026-01-01 06:47:20,3.5135420602588514,21.741779254122008,42.08814286618178,0
2026-01-01 06:47:30,2.9155413870407036,22.11119297608757,38.7287891641524,0
2026-01-01 06:47:40,3.9448944033403626,22.442240326101476,39.84265054331482,0
2026-01-01 06:47:50,3.31566057230233,22.185320604093693,39.50042856853672,0
2026-01-01 06:48:00,2.61200915423707,21.877409003155826,39.78311692452092,0
2026-01-01 06:48:10,3.46259170435159,22.392459886228142,39.41960583010008,0
2026-01-01 06:48:20,3.1654779042121546,22.12107075736919,39.5670879549977,0
2026-01-01 06:48:30,3.2028314787884495,21.972685516894284,39.604864547320744,0
2026-01-01 06:48:40,2.715412646944071,21.623151161858875,41.318101417071496,0
2026-01-01 06:48:50,2.5367180036707335,22.21213716066823,40.456738302520215,0
2026-01-01 06:49:00,2.7948942854912744,21.816040862937903,40.19795500291836,0
2026-01-01 06:49:10,2.7438837542353176,21.830466584717406,38.85158326445472,0
2026-01-01 06:49:20,3.3627438858270633,22.159169938686134,38.810249411685476,0
2026-01-01 06:49:30,3.2618278368702294,21.910789727493437,40.42305431569333,0
2026-01-01 06:49:40,2.7786734259501356,21.219835119337038,41.04521348674053,0
2026-01-01 06:49:50,3.493869285542972,22.673325830371013,40.589152544576685,0
2026-01-01 06:50:00,2.9929333799337736,21.890168800098817,40.567318243965836,0
2026-01-01 06:50:10,2.7458192169393616,21.459483838920626,39.5498068197577,0
2026-01-01 06:50:20,3.1312273457168804,21.69978112439878,35.28787818805518,0
2026-01-01 06:50:30,3.23812744292974,21.60458839685364,43.36138983430869,0
2026-01-01 06:50:40,3.03947788816856,22.228682357214527,37.80567409339085,0
2026-01-01 06:50:50,3.129437987318165,21.941860231074447,40.521096229652144,0
2026-01-01 06:51:00,2.7747957038845033,22.205750854645544,37.28005289145055,0
2026-01-01 06:51:10,3.1911155518826275,21.88710376323071,41.57616143570817,0
2026-01-01 06:51:20,2.8804555064602937,21.550023991246007,39.49936209176404,0
2026-01-01 06:51:30,3.27185464720449,22.10271330292989,39.65729118428569,0
2026-01-01 06:51:40,3.388010966245701,22.168773484869405,40.20488727609759,0
2026-01-01 06:51:50,3.0688687844567886,21.84359013325377,42.21922264279131,0
2026-01-01 06:52:00,2.5993292940895665,21.73237620641371,39.15580460387195,0
2026-01-01 06:52:10,3.481358378320888,22.25023383747,39.665092617350034,0
2026-01-01 06:52:20,3.220924123360804,21.745017390272956,41.21261676539905,0
2026-01-01 06:52:30,2.9611256666724053,21.90985940598232,42.499994888841286,0
2026-01-01 06:52:40,2.900053700376811,21.462709340820673,40.87886763591746,0
2026-01-01 06:52:50,3.427415649095114,21.938140117375667,37.28005979197426,0
2026-01-01 06:53:00,2.9610683326804623,21.99011565397243,40.70962400799259,0
2026-01-01 06:53:10,2.6927452078656797,21.7260051283425,41.201772645982274,0
2026-01-01 06:53:20,2.665567841688826,22.47308537274976,38.2633761312043,0
2026-01-01 06:53:30,3.0447915723676324,21.91895769083277,41.47000635420084,0
2026-01-01 06:53:40,2.6167746003656904,22.14966901644353,40.29744405057168,0
2026-01-01 06:53:50,3.806392873142223,21.914429413459533,38.53458139092718,0
2026-01-01 06:54:00,2.94515927027809,21.651080071175798,40.702356414545335,0
2026-01-01 06:54:10,2.9357568383731607,22.07545243262719,42.41210087075909,0
2026-01-01 06:54:20,3.3814000318755295,22.04618138624915,38.82901840021604,0
2026-01-01 06:54:30,2.9209437239522607,21.995190388434725,39.64066621159435,0
2026-01-01 06:54:40,3.051627862839549,22.01828911827418,41.995235837705295,0
2026-01-01 06:54:50,2.9552598506811276,22.309609109628422,39.98877880488888,0
2026-01-01 06:55:00,2.7928174375550032,22.387498043516498,37.74362999343277,0
2026-01-01 06:55:10,3.073563652040506,22.511312378983796,39.90872571999561,0
2026-01-01 06:55:20,2.915157001487236,21.9799738567078,39.67167111451575,0
2026-01-01 06:55:30,3.072934004485115,21.97163785498905,39.497249540160425,0
2026-01-01 06:55:40,2.9487672503393765,21.642538595881756,40.89166840600617,0
2026-01-01 06:55:50,2.9151007958100417,21.926583871193415,39.827573602762236,0
2026-01-01 06:56:00,3.3751975928814812,21.52431040603505,38.45278818413389,0
2026-01-01 06:56:10,3.2005061903530376,21.641365783741122,40.8601712400331,0
2026-01-01 06:56:20,2.7213044051732083,22.45287927668827,40.548644546135705,0
2026-01-01 06:56:30,3.3489689265422333,22.821805955761903,42.314210160654525,0
2026-01-01 06:56:40,2.490873005717832,21.57827798295837,42.140451106615615,0
2026-01-01 06:56:50,2.8375302370167343,21.943334947251103,40.45348435052241,0
2026-01-01 06:57:00,3.069990631969313,22.581842215627546,39.022708780351365,0
2026-01-01 06:57:10,3.0205795062686582,22.278895218556126,39.47871258622171,0
2026-01-01 06:57:20,3.1667846249874563,21.187379475701107,39.31459774129789,0
2026-01-01 06:57:30,2.709815666911613,22.04289171536766,39.25019344824245,0
2026-01-01 06:57:40,3.4253495918661256,21.720195874229127,37.87438516311727,0
2026-01-01 06:57:50,3.4365727922461393,22.303592678184046,40.67211751151934,0
2026-01-01 06:58:00,3.0357572439022777,21.708385428789384,39.33810579271648,0
2026-01-01 06:58:10,3.0871864493549404,22.739243641642222,40.810026702584715,0
2026-01-01 06:58:20,2.917226936279391,21.614495760649792,43.86558149435505,0
2026-01-01 06:58:30,3.052346459846321,21.966731291226154,42.066002544292516,0
2026-01-01 06:58:40,3.0987357640251885,20.912410704797242,40.10742758906542,0
2026-01-01 06:58:50,3.198369153259297,22.22837827784155,38.778395768510215,0
2026-01-01 06:59:00,3.287517585485134,22.642244553296752,41.644176903113774,0
2026-01-01 06:59:10,3.059049419670579,21.39073101433046,39.202882898292366,0
2026-01-01 06:59:20,3.3972263350836287,21.883248458386156,38.58134253089008,0
2026-01-01 06:59:30,2.9967772360047613,21.828385100762933,37.44282114131483,0
2026-01-01 06:59:40,3.2819122475836773,21.715119216565864,40.61671529997947,0
2026-01-01 06:59:50,2.707975392448664,22.39816607617979,40.86334288874555,0
2026-01-01 07:00:00,3.133195746468159,21.88779656615021,41.33433044661944,0
2026-01-01 07:00:10,3.4113423142026273,21.78341079739713,39.84699057980911,0
2026-01-01 07:00:20,2.9089536721504694,22.79773797988794,39.565124371204206,0
2026-01-01 07:00:30,3.2122135725425913,22.109053405727767,40.51333836913652,0
2026-01-01 07:00:40,2.903345265071398,21.832981573498166,38.269799198220824,0
2026-01-01 07:00:50,3.4702656660314792,22.50304524503066,39.199821331336146,0
2026-01-01 07:01:00,3.241992935016825,21.90862723157346,38.89858604306587,0
2026-01-01 07:01:10,2.8040908273625837,21.93152825208144,39.90083140907199,0
2026-01-01 07:01:20,3.0480691093840218,21.55395102699652,39.62179988349838,0
2026-01-01 07:01:30,2.9606939694179153,21.964318680923334,42.41543947072431,0
2026-01-01 07:01:40,3.21695789280862,21.944948847097024,40.381610318119975,0
2026-01-01 07:01:50,3.1453539392318315,21.596626791787543,37.705376567493865,0
2026-01-01 07:02:00,2.896545074278038,22.931846993381484,40.255848074812,0
2026-01-01 07:02:10,2.9895444148526984,22.66567682191356,39.2859061633332,0
2026-01-01 07:02:20,2.916974690766524,21.700062830916725,39.65334602399627,0
2026-01-01 07:02:30,2.986085854229378,22.4210189242939,37.235594640628484,0
2026-01-01 07:02:40,3.161229777416409,22.05188921947335,41.15834490022494,0
2026-01-01 07:02:50,2.8699307901709354,22.485271675356636,40.79933758034056,0
2026-01-01 07:03:00,3.2904360231721856,21.245736820695605,40.7635692080111,0
2026-01-01 07:03:10,3.2703809308684844,21.639935908850536,39.379826944792306,0
2026-01-01 07:03:20,2.7895867184332634,21.58719773746705,40.9986400810117,0
2026-01-01 07:03:30,3.684570874954251,21.803382234477237,39.05942707795339,0
2026-01-01 07:03:40,2.791335499652438,21.977213727894693,38.659107515498626,0
2026-01-01 07:03:50,3.3592324129649005,22.21455568753903,37.49327925280698,0
2026-01-01 07:04:00,2.958764832913207,22.098512725189,39.33915469909016,0
2026-01-01 07:04:10,2.389179540457262,21.994598702162808,38.33990051840583,0
2026-01-01 07:04:20,2.7177939345088453,21.834750845692273,40.718768739117245,0
2026-01-01 07:04:30,3.0435072517417483,22.53191774608203,37.48662932556386,0
2026-01-01 07:04:40,3.1058912249168604,21.715084285677488,38.003340851887906,0
2026-01-01 07:04:50,2.8761233564968407,22.087628625015068,39.286911636678184,0
2026-01-01 07:05:00,2.7807375220459467,21.85449239145074,39.96971184553935,0
2026-01-01 07:05:10,3.336953083980505,21.22977305586685,42.2405646385083,0
2026-01-01 07:05:20,2.830984064864309,22.148123651090245,40.46392390482039,0
2026-01-01 07:05:30,2.825099445490201,21.90123266900422,37.11103327233235,0
2026-01-01 07:05:40,3.2600323995553837,22.585881793496497,42.02178638089374,0
2026-01-01 07:05:50,3.272770182654891,21.739422980054528,37.199949119794084,0
2026-01-01 07:06:00,3.0261318657917915,21.596886291232927,40.646632110455656,0
2026-01-01 07:06:10,3.1955573308546805,22.0790702267817,36.21759279780694,0
2026-01-01 07:06:20,3.5823618024797765,22.036951659756827,40.24331937586933,0
2026-01-01 07:06:30,2.7106509540031194,22.781223878215958,38.50771547129869,0
2026-01-01 07:06:40,2.915224985064905,21.830936788553153,38.88936102896931,0
2026-01-01 07:06:50,2.8843428886669162,22.16849895147639,41.27025991820375,0
2026-01-01 07:07:00,3.5175115769394045,22.19788186722009,41.33693531768324,0
2026-01-01 07:07:10,3.3662348752106794,22.088075725682053,41.5485840971896,0
2026-01-01 07:07:20,3.3296442212031607,22.19554188036517,39.81180919127174,0
2026-01-01 07:07:30,2.5988272752243464,21.94813077918856,37.695203964426945,0
2026-01-01 07:07:40,2.644937588756723,21.84615032957433,37.97105895061392,0
2026-01-01 07:07:50,2.5626671736608397,21.820436645074796,39.390834464464895,0
2026-01-01 07:08:00,3.8169353962879295,22.242946834282314,41.07211530875156,0
2026-01-01 07:08:10,2.767375339108032,22.090107888806017,40.91014322530961,0
2026-01-01 07:08:20,3.1718374086628875,22.208935452188875,38.54239956884242,0
2026-01-01 07:08:30,2.618937226983916,22.556583186782376,39.6816335352401,0
2026-01-01 07:08:40,3.019650980435803,22.3310852694331,40.28995659715899,0
2026-01-01 07:08:50,2.7384931153293572,22.012425370559573,39.757349078251494,0
2026-01-01 07:09:00,2.8285648186037244,22.38646852237906,40.5711337686219,0
2026-01-01 07:09:10,3.4637021176759983,21.135478445479055,40.723800564731775,0
2026-01-01 07:09:20,3.0886272381002287,22.074286675747587,40.0684439949818,0
2026-01-01 07:09:30,2.9490540083468404,21.988330920309377,40.20897944609434,0
2026-01-01 07:09:40,3.3366396966691427,22.171520287109704,42.863945575939695,0
2026-01-01 07:09:50,2.6886885533896576,21.397667037867752,39.92513465043826,0
2026-01-01 07:10:00,2.911998040608379,21.82186088200138,40.79769609772093,0
2026-01-01 07:10:10,2.4659369490552216,21.840091795422776,40.235718675553805,0
2026-01-01 07:10:20,2.364848493601465,21.99590424087311,39.433898553919775,0
2026-01-01 07:10:30,2.9466060753502163,21.710732624468243,40.54990937052071,0
2026-01-01 07:10:40,3.5059954061003693,21.723943664980442,41.16143658724654,0
2026-01-01 07:10:50,3.212680935320615,21.91279774755155,39.953107878768634,0
2026-01-01 07:11:00,2.6139058307157716,22.17915714342317,40.50673887389798,0
2026-01-01 07:11:10,3.1073783099954646,22.286094633556495,39.40997331276569,0
2026-01-01 07:11:20,2.9942838496777853,21.879666018621123,40.777182272104824,0
2026-01-01 07:11:30,2.952733941464173,21.96545584099235,40.787985898923225,0
2026-01-01 07:11:40,3.259747489704342,22.067365526176847,41.86525865470219,0
2026-01-01 07:11:50,3.3855425254811395,22.34658370876963,41.8256202925961,0
2026-01-01 07:12:00,3.488016767162987,22.789745601350855,42.30696783069333,0
2026-01-01 07:12:10,3.730817312583981,22.848099931240633,44.32894849735858,0
2026-01-01 07:12:20,4.073843482255536,22.687241042144993,44.88298620546179,0
2026-01-01 07:12:30,4.269978075626634,23.53725447055351,45.55457755291842,0
2026-01-01 07:12:40,4.336339340715492,23.78602510448359,44.86886139347699,0
2026-01-01 07:12:50,4.669516063641836,23.86543406651217,44.623038345564105,0
2026-01-01 07:13:00,4.873943660252775,23.961328605368884,46.39854395764882,0
2026-01-01 07:13:10,4.744799841204686,24.089190914321527,47.562968648407164,0
2026-01-01 07:13:20,4.802484000966939,23.929416197655264,46.93553446090038,0
2026-01-01 07:13:30,5.2430102368346745,24.551418556031024,49.77985979124365,0
2026-01-01 07:13:40,5.32035078678433,25.05275393247086,48.64051872528324,0
2026-01-01 07:13:50,5.4129715581195565,25.00285724738008,49.853023017952864,0
2026-01-01 07:14:00,5.6185936603401245,24.93836563424754,49.081104620800716,0
2026-01-01 07:14:10,5.959536647731031,25.55577810630731,50.71946411025961,0
2026-01-01 07:14:20,6.0757767575605675,25.55006619715902,53.10617175179233,0
2026-01-01 07:14:30,5.904214748001593,25.761982097531174,52.46011993221772,0
2026-01-01 07:14:40,6.3655565251045685,26.46114134326454,53.209616163194845,0
2026-01-01 07:14:50,6.64862643597164,26.155655120477267,55.07091294337459,0
2026-01-01 07:15:00,6.81723633290672,26.300005501647597,54.26136560586332,0
2026-01-01 07:15:10,6.93072546121927,26.40337818811862,55.52396592896454,0
2026-01-01 07:15:20,6.928840684414024,26.910430794447045,55.83898242433758,0
2026-01-01 07:15:30,7.028150431188574,27.331592072221085,56.906222903910056,1
2026-01-01 07:15:40,7.322616258269562,27.32599662356624,55.66214600043671,1
2026-01-01 07:15:50,7.918036964953212,27.407406329165696,56.03682709011868,1
2026-01-01 07:16:00,7.906085571918458,27.37458344919514,59.710380019942804,1
2026-01-01 07:16:10,7.857646830875863,27.328875552548304,59.59459504193851,1
2026-01-01 07:16:20,2.577311775962388,22.110000919316725,37.76184697428195,0
2026-01-01 07:16:30,3.3885621218008932,22.688106123541974,39.467830168974466,0
2026-01-01 07:16:40,3.062804657200407,21.98198235279563,39.35101072990511,0
2026-01-01 07:16:50,3.117736805541156,22.47057953014651,38.00273755066832,0
2026-01-01 07:17:00,3.019767482580672,22.666056953017513,39.598351721912735,0
2026-01-01 07:17:10,3.3968109659966936,22.237879411992324,40.127094907750205,0
2026-01-01 07:17:20,3.554412057531255,22.396284338649632,39.81846845348565,0
2026-01-01 07:17:30,3.2181513778601847,21.838129952722326,37.03433023081832,0
2026-01-01 07:17:40,3.293777923286089,21.90013778471243,40.311313442333116,0
2026-01-01 07:17:50,2.5959643013653695,22.18038912430068,42.20894537599459,0
2026-01-01 07:18:00,2.939794434487401,21.838121657254668,41.544406542129536,0
2026-01-01 07:18:10,3.594741135050678,21.315404605854024,40.55707276240516,0
2026-01-01 07:18:20,2.6433176645839955,22.176704259859793,40.263405324706554,0
2026-01-01 07:18:30,2.954414662958404,21.597147451278367,42.58550935253793,0
2026-01-01 07:18:40,3.246043078236918,21.812904526456567,38.802690885462766,0
2026-01-01 07:18:50,3.3055612282951183,21.99143940083632,39.974079795908054,0
2026-01-01 07:19:00,3.2349466968039526,21.772449209921053,42.11292924016888,0
2026-01-01 07:19:10,2.9622761107512683,21.71346082434564,41.85008789861407,0
2026-01-01 07:19:20,3.1082267263991503,22.02891533884995,40.83373904136269,0
2026-01-01 07:19:30,2.932041758285149,22.91210409211957,38.89933407578893,0
2026-01-01 07:19:40,2.8276194425449828,21.86568855290383,39.52434575113905,0
2026-01-01 07:19:50,2.7589697177486228,21.65994631891295,40.34645099304273,0
2026-01-01 07:20:00,3.1410040983739984,22.041352798484837,38.52033925135113,0
2026-01-01 07:20:10,3.155047579747335,21.920158131054528,40.09425035937901,0
2026-01-01 07:20:20,2.8872049261944404,21.775564347607602,39.26587864825837,0
2026-01-01 07:20:30,2.1764101338982846,22.373101238362104,42.523426144184825,0
2026-01-01 07:20:40,2.675394664487419,21.864532378446498,42.19966358678287,0
2026-01-01 07:20:50,2.577235260592646,21.722986046258,38.2119376837571,0
2026-01-01 07:21:00,3.122306921051153,22.232399815984678,36.91125927446152,0
2026-01-01 07:21:10,3.239550401372166,21.93531427352776,40.09510526629074,0
2026-01-01 07:21:20,2.708151632225113,21.984974596253522,40.85463837955627,0
2026-01-01 07:21:30,2.902746941687808,21.709828902726642,39.77952002475253,0
2026-01-01 07:21:40,3.2571475165269863,22.6098554385931,35.797132645768166,0
2026-01-01 07:21:50,3.1302790949766215,21.32321551212497,41.19357167179804,0
2026-01-01 07:22:00,2.8648895426229997,22.162739054055912,41.523088493012835,0
2026-01-01 07:22:10,2.6484506098582425,21.84748201567817,40.45270113551647,0
2026-01-01 07:22:20,3.0546511883136307,22.35675105382811,38.1594788840672,0
2026-01-01 07:22:30,2.7960282309759505,22.103611528593486,40.007115039291385,0
2026-01-01 07:22:40,2.7410430863499515,22.816053554398767,43.00663495551276,0
2026-01-01 07:22:50,2.9708066547895227,21.78057401977715,39.66745744486156,0
2026-01-01 07:23:00,2.9795392409001993,21.437312226976175,39.8856414740191,0
2026-01-01 07:23:10,3.4490640821552567,22.03975763582457,38.76196801455714,0
2026-01-01 07:23:20,3.079344505485412,22.02548094390631,39.67475942466678,0
2026-01-01 07:23:30,2.9121726243682637,21.881724913016985,41.06219479074292,0
2026-01-01 07:23:40,3.3370281861287285,22.27079763895002,40.28929276472529,0
2026-01-01 07:23:50,3.455526609195654,21.335710201955994,41.28692289943651,0
2026-01-01 07:24:00,3.3914504289957987,22.05407049653707,39.92206784364883,0
2026-01-01 07:24:10,3.0844045042468733,22.074873610995432,39.59405988018961,0
2026-01-01 07:24:20,2.965923565913685,21.846966462911027,38.61261127642109,0
2026-01-01 07:24:30,3.0806327367445925,21.598981747044192,41.82923953384994,0
2026-01-01 07:24:40,3.187677390751968,22.593856744750603,38.460469566415156,0
2026-01-01 07:24:50,3.4768323850685094,21.332793942532916,39.012734968585534,0
2026-01-01 07:25:00,2.76605799727872,22.396770523954782,37.17552482999241,0
2026-01-01 07:25:10,2.54292065679955,21.330309140363212,39.6886576506711,0
2026-01-01 07:25:20,3.759110900592507,21.908842976493666,39.653820771845915,0
2026-01-01 07:25:30,2.7609039993558366,21.2980808458515,41.51510353089042,0
2026-01-01 07:25:40,2.9262013984932898,22.178681444323658,40.8805863018918,0
2026-01-01 07:25:50,3.001964597341362,22.30986265435603,42.22959406499256,0
2026-01-01 07:26:00,2.5965216638804485,21.569958780753296,38.429617374839644,0
2026-01-01 07:26:10,3.2033909912689587,21.973944665708444,40.672476343645236,0
2026-01-01 07:26:20,3.0776662547138116,21.573678915460498,40.89228156009587,0
2026-01-01 07:26:30,2.816036432257201,22.18180102883425,38.15726398542864,0
2026-01-01 07:26:40,2.7748119534069735,21.880180235520324,40.00327538625555,0
2026-01-01 07:26:50,2.5874744300498747,22.170216517710312,38.6019597795322,0
2026-01-01 07:27:00,3.380883978779953,21.501939769615966,42.03642944957521,0
2026-01-01 07:27:10,2.9569255233863596,22.2228391834284,38.36270633644576,0
2026-01-01 07:27:20,2.755754023020719,21.533919200013884,37.80954634718616,0
2026-01-01 07:27:30,3.056382532929827,21.790073121482855,40.60729853944542,0
2026-01-01 07:27:40,2.7953775605928652,22.46093945558477,39.27305715309988,0
2026-01-01 07:27:50,3.0430252892044427,22.112802794702425,39.555538895822345,0
2026-01-01 07:28:00,3.232067311862044,21.80171762137004,39.810003958978506,0
2026-01-01 07:28:10,2.8346651279878112,22.19212974995002,39.623444305214164,0
2026-01-01 07:28:20,3.044564371077792,21.879306778416545,41.39959990858148,0
2026-01-01 07:28:30,3.019062571368281,22.0112542048805,44.144026799097254,0
2026-01-01 07:28:40,2.5725703038835532,21.915019318914776,39.54685443846309,0
2026-01-01 07:28:50,3.476220180724661,22.345979535204656,38.301815754358515,0
2026-01-01 07:29:00,3.251097346390102,22.147399034735617,39.31348451051735,0
2026-01-01 07:29:10,3.321442779076368,22.049986876316673,38.18627780068108,0
2026-01-01 07:29:20,3.057896892531879,22.670581984765864,37.65253915983733,0
2026-01-01 07:29:30,2.8197338472438562,21.89265148241641,40.53494442415241,0
2026-01-01 07:29:40,3.054091515401251,21.617545718816583,39.11377247786286,0
2026-01-01 07:29:50,3.373512302466977,21.541077406500396,39.677128212856914,0
2026-01-01 07:30:00,3.280143127822499,22.201292953813,43.45845525605078,0
2026-01-01 07:30:10,2.6953255861048366,21.36444803207798,40.59878307532219,0
2026-01-01 07:30:20,2.378359465171054,21.91802701030336,39.15518539893607,0
2026-01-01 07:30:30,2.7894128105114633,22.3022061042114,40.31375471603313,0
2026-01-01 07:30:40,3.0342926259177743,22.000721402542567,38.36598604343184,0
2026-01-01 07:30:50,3.332533380516868,21.770787629515112,41.36537752229929,0
2026-01-01 07:31:00,2.9471597406867667,21.38635012262046,37.467948512203485,0
2026-01-01 07:31:10,2.8197756208084295,21.711144313348456,41.47457522301843,0
2026-01-01 07:31:20,2.8633972730564063,21.85845641487196,43.248282178309836,0
2026-01-01 07:31:30,3.3163861885461956,21.53276521915686,41.52050062880026,0
2026-01-01 07:31:40,2.6679389125397828,22.533802453335134,39.179212316676264,0
2026-01-01 07:31:50,2.624593145328214,21.8399501661125,40.75622854206472,0
2026-01-01 07:32:00,2.7515458308379475,22.274262557005486,39.04120969937476,0
2026-01-01 07:32:10,2.953117098988487,22.236687090712795,40.85406123523557,0
2026-01-01 07:32:20,2.742680047018494,21.84608319055837,40.83361326706434,0
2026-01-01 07:32:30,3.6162277324307928,22.158787316530017,40.660221791049636,0
2026-01-01 07:32:40,3.159240475101819,21.57072389037318,40.17339510801986,0
2026-01-01 07:32:50,2.9910700534990795,21.838600826822308,41.23306300589341,0
2026-01-01 07:33:00,3.017582675211538,21.508868573577203,39.52013908299563,0
2026-01-01 07:33:10,3.417250064452993,21.984633676279223,40.37521667159883,0
2026-01-01 07:33:20,2.667163333366134,22.685084564510507,40.0689414040734,0
2026-01-01 07:33:30,2.927225089113062,21.794726247630454,39.223051923258275,0
2026-01-01 07:33:40,2.9579173243348715,21.865793667186775,40.38396571962816,0
2026-01-01 07:33:50,2.664224927333807,21.617167569093354,41.29700939589035,0
2026-01-01 07:34:00,2.959073354916715,21.6886765787974,39.334855872647445,0
2026-01-01 07:34:10,2.9189188896976175,22.43888853186873,42.07120988268252,0
2026-01-01 07:34:20,2.6648018973206296,21.983403558169048,41.45573268942007,0
2026-01-01 07:34:30,2.6225206111898136,22.785263194796887,40.49898260721566,0
2026-01-01 07:34:40,3.065501625132648,22.387172779505995,38.923220178468945,0
2026-01-01 07:34:50,3.2387591437023677,21.907534889852933,41.220454222963355,0
2026-01-01 07:35:00,2.943882745057901,22.038184816543318,38.4555835433659,0
2026-01-01 07:35:10,3.0680795831400745,21.976421386592417,40.07055154601276,0
2026-01-01 07:35:20,2.4843208761138458,22.418781813771282,40.06995604984895,0
2026-01-01 07:35:30,2.843732128828871,22.065606382656245,40.39797830567233,0
2026-01-01 07:35:40,2.788338615816462,21.661584130948945,40.98534805947947,0
2026-01-01 07:35:50,2.783295778615491,22.25133201829672,40.535742604216075,0
2026-01-01 07:36:00,2.6211111189398033,21.235536269895803,39.148829078157476,0
2026-01-01 07:36:10,3.5404585223496556,21.317495672012143,40.662900530632776,0
2026-01-01 07:36:20,2.2970882695044477,21.754384735380235,39.70288955477596,0
2026-01-01 07:36:30,3.3901876203167878,21.872607280451806,40.81094608926788,0
2026-01-01 07:36:40,2.7330465687176577,21.615688176702044,40.381191530607154,0
2026-01-01 07:36:50,3.209115293651918,22.55075435447034,41.14421303435994,0
2026-01-01 07:37:00,2.6788000781429466,21.6862716118799,41.03274396184235,0
2026-01-01 07:37:10,2.929647739456233,21.971464000599838,42.57965018939427,0
2026-01-01 07:37:20,3.0190150177913155,21.708643874703316,38.63111770273356,0
2026-01-01 07:37:30,3.21041696814285,21.85567740246433,41.908405566649826,0
2026-01-01 07:37:40,3.502281229821339,21.63963155257834,38.48097165494726,0
2026-01-01 07:37:50,2.472012335355225,22.25768353553765,38.52137788824695,0
2026-01-01 07:38:00,2.642107988694259,21.842909504629674,39.44280696836847,0
2026-01-01 07:38:10,2.4672053259114324,22.309272605124054,38.69064448701025,0
2026-01-01 07:38:20,3.286725003964189,22.057435214787205,40.6621687539475,0
2026-01-01 07:38:30,2.866939567236824,22.558264344904195,41.96776872969076,0
2026-01-01 07:38:40,2.933664339904408,22.188404982825244,41.82909890634885,0
2026-01-01 07:38:50,3.6288776907076365,22.396451580853835,41.69450053694635,0
2026-01-01 07:39:00,3.547190454457638,22.833125414083838,43.86384519812858,0
2026-01-01 07:39:10,3.6791249019050922,23.300246149330523,42.55166126098645,0
2026-01-01 07:39:20,3.830474557500623,23.445578385502962,44.921936378007615,0
2026-01-01 07:39:30,4.3369486540191975,23.005260777534556,44.20071568859461,0
2026-01-01 07:39:40,4.497931051733997,23.61246255216917,44.25964048713587,0
2026-01-01 07:39:50,4.591663587825089,23.585557822302558,47.794524848392214,0
2026-01-01 07:40:00,4.975634959150318,24.18122922790667,48.027673371436435,0
2026-01-01 07:40:10,4.84629160335801,24.429631248312504,48.81105362863541,0
2026-01-01 07:40:20,5.049099736358863,24.323443848545715,46.295378041822886,0
2026-01-01 07:40:30,5.150039961522368,24.847026955368694,49.6123000942343,0
2026-01-01 07:40:40,5.434206346477016,24.637610271511328,47.35651176438574,0
2026-01-01 07:40:50,5.400956980399053,24.908696538683813,49.68707103280999,0
2026-01-01 07:41:00,5.790377938062251,25.79570292330445,50.79019586850776,0
2026-01-01 07:41:10,5.789986975502041,25.322233456098772,51.457718100241046,0
2026-01-01 07:41:20,5.83434124793032,25.636059567623818,52.4508123363318,0
2026-01-01 07:41:30,6.208603879381564,25.937262580201434,53.1004142760152,0
2026-01-01 07:41:40,5.978953996884044,26.19106104751862,52.66231848767087,0
2026-01-01 07:41:50,6.2808321673992085,25.8686644516435,54.43354161047253,0
2026-01-01 07:42:00,6.622151681221696,25.895409364804376,55.144704481858945,0
2026-01-01 07:42:10,6.545411707173568,26.641946407555466,55.57183225900639,0
2026-01-01 07:42:20,7.177115416339009,27.334505435940056,54.63532367409946,0
2026-01-01 07:42:30,7.156171895454057,26.917099411486735,57.10041635262763,1
2026-01-01 07:42:40,7.376467087520058,27.094236127179013,56.89243114472248,1
2026-01-01 07:42:50,7.276709828963191,27.69635847472195,58.45920418159953,1
2026-01-01 07:43:00,7.850220306225695,27.506881159057347,58.00983119797224,1
2026-01-01 07:43:10,7.617670320007488,27.907675275122198,58.2935401088051,1
2026-01-01 07:43:20,3.412637903300416,22.238183597311476,43.22665408043474,0
2026-01-01 07:43:30,3.2310858154149376,21.612606541215243,37.92734621714845,0
2026-01-01 07:43:40,2.6481546638200317,22.162431666651976,39.119725399676895,0
2026-01-01 07:43:50,2.322029589762457,21.954537263000383,42.3986848612551,0
2026-01-01 07:44:00,3.0834376468608315,21.3496431890502,39.95329669252709,0
2026-01-01 07:44:10,3.10025968295153,21.65671358729135,39.180603986233805,0
2026-01-01 07:44:20,2.9692374685470075,22.21631100758359,43.055308257693724,0
2026-01-01 07:44:30,2.933464439676482,21.731476963451566,40.13379729491886,0
2026-01-01 07:44:40,2.840262304779481,22.26322703022274,39.67806900192217,0
2026-01-01 07:44:50,2.392513999532035,22.279684975468793,37.588538034215205,0
2026-01-01 07:45:00,3.037432046373347,21.93188618726968,39.87778874020259,0
2026-01-01 07:45:10,3.154427406054025,22.066456245231333,38.27538781694816,0
2026-01-01 07:45:20,3.1939430358595056,22.066378345124924,40.91290324589588,0
2026-01-01 07:45:30,2.789995549472014,21.657806921629767,39.5895585844101,0
2026-01-01 07:45:40,2.8704532351725174,21.5549181619974,37.45876800726313,0
2026-01-01 07:45:50,2.789785001837772,21.928527644956805,41.12933662224068,0
2026-01-01 07:46:00,3.207739302409298,21.82060345208516,37.87335071030664,0
2026-01-01 07:46:10,3.6772885639243027,21.30700216201307,39.41019849447672,0
2026-01-01 07:46:20,2.5375565685256896,22.037347544321268,41.47560326709347,0
2026-01-01 07:46:30,2.930126937752927,21.561142452091815,39.06599235017143,0
2026-01-01 07:46:40,2.8262815195982327,22.90314252010306,39.01267855173685,0
2026-01-01 07:46:50,2.6634357100997246,21.009283173249166,40.75163501396316,0
2026-01-01 07:47:00,2.8017805482333085,22.461155218051495,40.49003419801256,0
2026-01-01 07:47:10,2.629262576548072,22.256010647353733,40.53461887530156,0
2026-01-01 07:47:20,3.599926749587406,21.578247921901834,40.83316927330439,0
2026-01-01 07:47:30,3.5957834328264022,22.29470533806716,40.928290495216956,0
2026-01-01 07:47:40,2.695270059922752,21.987961317083787,39.634775767327405,0
2026-01-01 07:47:50,2.810576508973761,22.09343803250463,43.17520458244578,0
2026-01-01 07:48:00,2.984062158373663,22.08136586935583,39.97679373284943,0
2026-01-01 07:48:10,2.70580112633099,21.866158458187883,40.84844935283008,0
2026-01-01 07:48:20,3.4364248606111767,22.75230445848106,40.820334555177524,0
2026-01-01 07:48:30,3.1794305339283464,22.195652222659714,40.0827559568072,0
2026-01-01 07:48:40,2.2670564084307805,21.998455088483254,39.14105949595673,0
2026-01-01 07:48:50,3.043745429406387,21.875611413405572,40.60377431460298,0
2026-01-01 07:49:00,2.967217046334483,22.268911078764273,38.73836780948205,0
2026-01-01 07:49:10,2.3989980428971673,22.4749708606728,40.78184498596681,0
2026-01-01 07:49:20,3.042443802445141,22.532812724652494,41.86954182381584,0
2026-01-01 07:49:30,2.617643737834461,21.734923406604786,40.13014161319397,0
2026-01-01 07:49:40,2.700404792895658,21.605450163179064,38.77419839574698,0
2026-01-01 07:49:50,3.267125575647062,21.40390099068038,40.219621437763905,0
2026-01-01 07:50:00,2.9663172394049493,21.665191961423552,40.5223873322712,0
2026-01-01 07:50:10,3.3151374840920877,22.674280701613988,39.03063651378011,0
2026-01-01 07:50:20,2.9090657035449854,22.30251469144089,39.36845448120626,0
2026-01-01 07:50:30,2.5507353116519518,21.46702008760072,40.94712790940861,0
2026-01-01 07:50:40,2.904650837394137,22.06061555233011,38.78543003912241,0
2026-01-01 07:50:50,3.1750116693814245,22.27435618257517,39.606649645925714,0
2026-01-01 07:51:00,2.9957192467216327,21.921403319968295,38.79570213964911,0
2026-01-01 07:51:10,3.0104307043779803,22.236436212530087,39.765386081810796,0
2026-01-01 07:51:20,2.8984778333829553,22.372627692425503,40.39596146415424,0
2026-01-01 07:51:30,2.6148438339424085,21.695759734229945,40.856411490913295,0
2026-01-01 07:51:40,3.3005493633784595,22.16020118274511,36.49340928920947,0
2026-01-01 07:51:50,3.327785577377048,22.416876230793207,40.34992756163181,0
2026-01-01 07:52:00,3.162115214332099,22.774510845057826,39.180664473300844,0
2026-01-01 07:52:10,2.843879102928165,21.600571845407025,37.912025069804386,0
2026-01-01 07:52:20,3.127996743177743,22.795122625904835,43.07736148273033,0
2026-01-01 07:52:30,2.7442895627874,22.762996269021308,38.53395382377443,0
2026-01-01 07:52:40,2.9229796263472294,22.471320577977284,38.3904235619403,0
2026-01-01 07:52:50,3.14426251963379,22.005877638217747,40.57924974699758,0
2026-01-01 07:53:00,2.8396417230187656,22.037004523592856,37.61184449554326,0
2026-01-01 07:53:10,3.18381441935897,21.773274672879065,41.216370658923545,0
2026-01-01 07:53:20,2.7316466335145178,21.75209933733157,39.90546553393016,0
2026-01-01 07:53:30,3.0647657874106793,22.453170554920415,43.09063404766705,0
2026-01-01 07:53:40,2.7219227741701175,22.671854893368504,39.62853680397654,0
2026-01-01 07:53:50,3.0844122401805754,22.05545401141218,40.74716799346681,0
2026-01-01 07:54:00,3.2965915566417787,22.178938223722536,39.943150506672154,0
2026-01-01 07:54:10,3.02225568345665,22.758202938396543,39.77450743935444,0
2026-01-01 07:54:20,2.622188617510211,21.838310683849926,38.4248446458,0
2026-01-01 07:54:30,2.8626843155883543,21.819703889078898,36.9974409974117,0
2026-01-01 07:54:40,2.712331151565631,21.74537711610956,41.110780229949995,0
2026-01-01 07:54:50,3.2866178989372075,22.31247013451504,39.67691756670988,0
2026-01-01 07:55:00,2.8469740269843067,21.759595951747244,38.66251781898883,0
2026-01-01 07:55:10,3.016773622495961,22.27773055245972,43.85912858386671,0
2026-01-01 07:55:20,3.1708017518775895,22.021068883926088,40.8936992131245,0
2026-01-01 07:55:30,2.660621701982988,22.034942970104105,38.90378031158687,0
2026-01-01 07:55:40,3.5274208082186473,22.22427226403602,40.91080598461637,0
2026-01-01 07:55:50,2.677897051329825,21.452214490137578,42.6472388256876,0
2026-01-01 07:56:00,2.7610558144504913,21.410769742774153,40.12872447933459,0
2026-01-01 07:56:10,3.0131374943589324,22.384245293001396,41.187246153959435,0
2026-01-01 07:56:20,2.6269452983027723,21.71265878446774,40.17768932310883,0
2026-01-01 07:56:30,2.6604340864402207,21.631270537471913,40.149982245648324,0
2026-01-01 07:56:40,2.9611231167977863,21.7770510685952,40.392595657290826,0
2026-01-01 07:56:50,2.6032786557891523,21.003535436739416,41.82508523874692,0
2026-01-01 07:57:00,2.8664827968338242,22.216757128190363,41.33557314364757,0
2026-01-01 07:57:10,3.2429803477502506,21.891307984052116,37.19540250706751,0
2026-01-01 07:57:20,3.0054840257276463,21.45230915461177,39.34066846737136,0
2026-01-01 07:57:30,3.1741555636787115,21.831367075423884,41.56758421784681,0
2026-01-01 07:57:40,3.509066945874192,22.79601180540767,36.75795836106196,0
2026-01-01 07:57:50,3.0341692715995436,22.00143304073311,39.70800445746298,0
2026-01-01 07:58:00,3.005547017684147,22.52507527137986,40.3271392096925,0
2026-01-01 07:58:10,3.212741143653401,22.005368194155384,39.98007536656147,0
2026-01-01 07:58:20,2.870483795373174,21.81644036488365,37.10877635869886,0
2026-01-01 07:58:30,2.883854683245053,21.831001641827026,41.5415781231693,0
2026-01-01 07:58:40,2.9572737794737303,22.36951114105759,39.281652502285276,0
2026-01-01 07:58:50,2.5665232487562606,21.872679594358267,39.18756885503622,0
2026-01-01 07:59:00,3.3727311859577074,21.897321988750246,41.58233861882762,0
2026-01-01 07:59:10,3.2832126444447254,21.604451060945767,39.26369065765965,0
2026-01-01 07:59:20,3.52824940198132,21.949769764827966,37.08483527153362,0
2026-01-01 07:59:30,2.7881200956287673,21.72535818726072,38.73146603283022,0
2026-01-01 07:59:40,2.9114991874448592,21.961005909609177,40.88109007962633,0
2026-01-01 07:59:50,2.7760690922318156,22.489517449005266,41.42394474756297,0
2026-01-01 08:00:00,2.946793035408027,22.077386148395295,38.548041414436796,0
2026-01-01 08:00:10,2.846465482762492,21.602431628329843,41.72936988430722,0
2026-01-01 08:00:20,2.7850581296800248,22.69559672413074,40.61624794468623,0
2026-01-01 08:00:30,3.1606786190532143,21.464930325564925,40.91825742792788,0
2026-01-01 08:00:40,2.518363590288277,21.705890112248976,40.288246354049896,0
2026-01-01 08:00:50,2.529098062491458,21.564842795156295,38.97363672922714,0
2026-01-01 08:01:00,2.7420523587636314,22.51983539106608,40.055941119730996,0
2026-01-01 08:01:10,2.7288583864693354,22.498921460265873,40.203237058475146,0
2026-01-01 08:01:20,3.198518620506479,22.863085721775185,37.09241340810668,0
2026-01-01 08:01:30,3.0380907240239363,22.196801621641185,38.30339705509754,0
2026-01-01 08:01:40,2.9820668668823003,21.96862791188614,41.50773866003514,0
2026-01-01 08:01:50,2.9841534781417267,21.54866337189369,41.908724996273136,0
2026-01-01 08:02:00,3.5955638456509655,21.737416431879176,39.98540474873749,0
2026-01-01 08:02:10,2.8041888284593957,22.091392871087276,39.87075684385076,0
2026-01-01 08:02:20,3.0309724976097256,21.212041282623762,39.635796569032074,0
2026-01-01 08:02:30,3.317330594190671,21.826082122651112,41.22339136689425,0
2026-01-01 08:02:40,3.3125382357064783,21.82041607362393,39.875382338554175,0
2026-01-01 08:02:50,2.940721629383292,21.27237959387898,42.80279078210964,0
2026-01-01 08:03:00,2.9074383086132882,21.461302592592585,41.40764328637027,0
2026-01-01 08:03:10,3.001195044487225,22.141723752607543,41.35528102570525,0
2026-01-01 08:03:20,2.688188518220706,21.652687707280016,37.7004809991134,0
2026-01-01 08:03:30,2.620909779149529,22.40383438715648,37.72813973641217,0
2026-01-01 08:03:40,3.1064584933964996,22.157201682743274,41.76249304337737,0
2026-01-01 08:03:50,2.9764986325871656,22.015025340552445,39.771971641550955,0
2026-01-01 08:04:00,3.271693770991139,22.060927917281823,40.1243116809885,0
2026-01-01 08:04:10,3.0868960562700902,21.808190002147285,42.44397777616242,0
2026-01-01 08:04:20,3.2663696456801143,21.36683033491302,40.69801599093682,0
2026-01-01 08:04:30,2.6536932314855597,21.92542543367138,39.28096908601587,0
2026-01-01 08:04:40,3.058239645601693,21.484563316648963,39.074601294558825,0
2026-01-01 08:04:50,2.9948561855638887,21.853849845091258,37.782390919847984,0
2026-01-01 08:05:00,2.9982469287223887,21.819816993488182,41.49281228270718,0
2026-01-01 08:05:10,3.397663865251651,22.5196138405371,40.96331086749609,0
2026-01-01 08:05:20,3.4441299505886156,22.4887206689177,41.91880681586453,0
2026-01-01 08:05:30,3.8337333537396336,22.900822623751605,43.16677949628753,0
2026-01-01 08:05:40,3.9332451149831735,23.26533273121452,43.62148337487359,0
2026-01-01 08:05:50,4.071769614535784,23.556641872357947,43.33495408199689,0
2026-01-01 08:06:00,3.9955181506763653,23.044223520243943,44.84958123028692,0
2026-01-01 08:06:10,3.9625868850895083,23.738646228817906,45.22414023883278,0
2026-01-01 08:06:20,4.726927939964211,23.598424806860503,45.79668171458249,0
2026-01-01 08:06:30,4.89110733332534,24.414940694033447,45.98651430091484,0
2026-01-01 08:06:40,4.869689579850765,24.288325693305215,47.706986738954484,0
2026-01-01 08:06:50,4.9474848681368755,24.784415019437088,46.110296516378455,0
2026-01-01 08:07:00,5.08244061970645,24.734379219831887,49.12389147861602,0
2026-01-01 08:07:10,5.6038851394562865,25.159467617960388,49.04779170802611,0
2026-01-01 08:07:20,5.759974248706121,24.785787476866762,50.93088738279184,0
2026-01-01 08:07:30,6.028771162350865,25.56448323205649,50.77243705019079,0
2026-01-01 08:07:40,5.766977578978908,24.941422611122213,51.64387297124753,0
2026-01-01 08:07:50,5.776956554405817,25.36205960091582,50.80925419926333,0
2026-01-01 08:08:00,6.074588200135335,25.791609175653907,52.94028124783237,0
2026-01-01 08:08:10,6.21323200625054,26.320785111918553,53.12512807534336,0
2026-01-01 08:08:20,6.342455513346896,26.26788768017303,55.963552833543815,0
2026-01-01 08:08:30,6.73369877997369,26.291143311787916,53.13920531054796,0
2026-01-01 08:08:40,6.7894508691389195,26.670478437526437,54.94575244207777,0
2026-01-01 08:08:50,6.6669230723518,26.54483038314897,57.45453846088776,0
2026-01-01 08:09:00,7.453466867412759,26.73400824923862,57.3394234538661,1
2026-01-01 08:09:10,7.097618776379299,27.621294884598484,57.57856918122757,1
2026-01-01 08:09:20,7.689928299723307,26.885471995845236,58.67763710192489,1
2026-01-01 08:09:30,7.665131853929767,27.855578721237254,59.58153446476452,1
2026-01-01 08:09:40,7.846490271228283,27.619751108271227,60.11302951551282,1
2026-01-01 08:09:50,2.9819536501784616,21.75828422735634,37.64667806046492,0
2026-01-01 08:10:00,3.3308076138223135,22.071131919882173,39.20534844111544,0
2026-01-01 08:10:10,3.241456781454024,21.33499019914556,37.75451651670355,0
2026-01-01 08:10:20,2.50852630227164,21.89616131127629,41.81714125544865,0
2026-01-01 08:10:30,2.848365837103942,21.879742384105615,37.15005862274958,0
2026-01-01 08:10:40,3.205414456214968,21.56921818364882,42.06696150088812,0
2026-01-01 08:10:50,3.6446118881811156,21.88590346387705,38.88559885556308,0
2026-01-01 08:11:00,2.832530921280665,22.24513012866773,39.36777550425045,0
2026-01-01 08:11:10,3.381659566275029,21.87882869367775,40.287658650466206,0
2026-01-01 08:11:20,2.9452245364762675,21.77816270382698,41.76214270034956,0
2026-01-01 08:11:30,3.6348036170492986,21.414549416787086,39.42989204966132,0
2026-01-01 08:11:40,3.013863481101275,22.29957444552237,42.241212845900236,0
2026-01-01 08:11:50,3.0604183676145844,22.20220310303672,39.97072779587245,0
2026-01-01 08:12:00,3.1916870442638237,21.716604759388364,39.34742109964621,0
2026-01-01 08:12:10,2.5565993234087445,21.953032590485616,41.54934022613751,0
2026-01-01 08:12:20,2.528902255724095,22.134684918168244,39.222798914999714,0
2026-01-01 08:12:30,2.838528860977563,21.84528266485707,39.98989576582885,0
2026-01-01 08:12:40,3.452493224624265,21.599891790889284,39.38136989522514,0
2026-01-01 08:12:50,2.563532350413207,21.868952533573793,41.09794620609148,0
2026-01-01 08:13:00,3.503453976637461,21.97081222724749,39.72739969357614,0
2026-01-01 08:13:10,2.7175855541582203,21.992335800967343,39.21357758551256,0
2026-01-01 08:13:20,3.0976455336973854,22.439833785731068,36.627255198250516,0
2026-01-01 08:13:30,2.6624711018930913,22.501897934935062,41.87729330382085,0
2026-01-01 08:13:40,2.904050320761576,22.640363196755565,42.33462405335765,0
2026-01-01 08:13:50,3.2798686065581424,22.87262763238728,39.45086153063839,0
2026-01-01 08:14:00,3.3712393775200615,22.631337070998914,41.317982275270566,0
2026-01-01 08:14:10,3.404607959593654,21.788556014304902,42.85342471053096,0
2026-01-01 08:14:20,3.116983679815031,22.029955033748625,38.13015705076086,0
2026-01-01 08:14:30,2.5106797124415063,22.24828470124207,37.85993154135005,0
2026-01-01 08:14:40,3.317228186134241,21.967673770734578,37.38687631344106,0
2026-01-01 08:14:50,2.8634338257351883,21.937980536459346,40.25029787116248,0
2026-01-01 08:15:00,2.922370676438286,21.801179005265727,40.08204229806194,0
2026-01-01 08:15:10,3.132425927967885,21.952647969978347,41.47287574490334,0
2026-01-01 08:15:20,3.013113119097595,22.489123168853364,39.14828823672384,0
2026-01-01 08:15:30,3.1537630885198205,21.981182620680606,42.181465152694734,0
2026-01-01 08:15:40,2.80795604847189,22.20320491642184,38.9302115434508,0
2026-01-01 08:15:50,3.06789126232354,21.610468665636716,38.887756858883996,0
2026-01-01 08:16:00,3.028802780399115,22.080829802464525,39.99369712691327,0
2026-01-01 08:16:10,3.511608706953925,22.059055240154766,38.55678470671103,0
2026-01-01 08:16:20,2.665426039086956,21.88867589764937,39.44190351200301,0
2026-01-01 08:16:30,3.0842673379803514,22.1127820792742,37.85540401564599,0
2026-01-01 08:16:40,2.8316847443933195,21.899666531275507,42.46803242840612,0
2026-01-01 08:16:50,2.929450536524671,21.792877893867953,40.76635506862987,0
2026-01-01 08:17:00,2.616105645495227,21.55031996122121,38.75601943845795,0
2026-01-01 08:17:10,3.177471305535929,21.856813244498642,40.52340074102667,0
2026-01-01 08:17:20,2.885628813818138,21.917135324362384,41.905132037882346,0
2026-01-01 08:17:30,3.3885021449815254,22.46487642106103,41.35194431680904,0
2026-01-01 08:17:40,2.9385878299433137,21.845402043870884,38.77950313729367,0
2026-01-01 08:17:50,2.7691000772965833,21.27333595859236,41.18506480619458,0
2026-01-01 08:18:00,2.955109216724462,21.46520881674378,39.981451092636455,0
2026-01-01 08:18:10,2.901503717192832,21.651501675274197,39.96874067084315,0
2026-01-01 08:18:20,2.7866040268360295,22.238052474365507,41.94803993649013,0
2026-01-01 08:18:30,3.084575406225315,22.107306283812882,40.3214237376072,0
2026-01-01 08:18:40,3.425719324007256,21.220163930909585,41.00082840895679,0
2026-01-01 08:18:50,3.295120813171069,21.61131312828923,38.65717428377117,0
2026-01-01 08:19:00,2.8554848847193424,22.097041125221978,41.29851197675106,0
2026-01-01 08:19:10,3.324395087330561,22.282708154824757,37.96652604509797,0
2026-01-01 08:19:20,3.024859452560699,22.189334670221985,39.95529432722284,0
2026-01-01 08:19:30,3.1573754049142844,21.891162241006334,38.53781368360324,0
2026-01-01 08:19:40,2.796896646962897,21.850243986717235,38.610230117830376,0
2026-01-01 08:19:50,2.8399369122530755,21.65772311993051,38.691184934836734,0
2026-01-01 08:20:00,2.749551026835998,22.134640571024867,39.18546708042132,0
2026-01-01 08:20:10,2.790917561958571,22.621131728079536,37.57999089737581,0
2026-01-01 08:20:20,2.759912015517787,21.99282881270008,39.946869788962736,0
2026-01-01 08:20:30,2.841880164528068,22.1648655386014,38.803328910888716,0
2026-01-01 08:20:40,3.4875990927225584,21.455329987814547,42.538469528657316,0
2026-01-01 08:20:50,2.9220836486770403,21.27876529530195,40.14816915632659,0
2026-01-01 08:21:00,2.6862915087366264,21.91643281705165,39.389476162289846,0
2026-01-01 08:21:10,3.55523434273072,22.099303416704675,40.064045911687664,0
2026-01-01 08:21:20,3.2060482486358515,21.840669194847347,36.2614155226254,0
2026-01-01 08:21:30,3.1979548836313696,21.579873146271144,38.354061595415956,0
2026-01-01 08:21:40,3.27533164516545,22.484066438146126,39.03260730951655,0
2026-01-01 08:21:50,3.2379787487865093,22.593425296650384,39.685363703868234,0
2026-01-01 08:22:00,3.253137007764473,22.126435128843575,38.994185257874975,0
2026-01-01 08:22:10,2.954580752417577,22.52392533407685,38.24287841185902,0
2026-01-01 08:22:20,2.1080081486122326,21.493745421964075,38.87786352572701,0
2026-01-01 08:22:30,3.087497679956714,22.095388063565817,40.881892401996794,0
2026-01-01 08:22:40,3.1905736609811868,21.58950304987884,40.91535250854099,0
2026-01-01 08:22:50,3.1424226314519674,22.036618257617892,41.117878343227304,0
2026-01-01 08:23:00,2.7094992410239325,22.099322190294394,41.12872506561133,0
2026-01-01 08:23:10,2.823567420322707,22.023225532009775,41.871568437789726,0
2026-01-01 08:23:20,2.8781912536761856,22.214871925816695,41.41632226037772,0
2026-01-01 08:23:30,3.0585486141425453,22.306858760574297,40.931262622050006,0
2026-01-01 08:23:40,2.97079620933218,22.31150972319111,39.107990519256745,0
2026-01-01 08:23:50,2.8732294742936344,21.29929763328405,41.69324912041517,0
2026-01-01 08:24:00,2.646546093799717,22.17314016100799,41.66612975862196,0
2026-01-01 08:24:10,3.226555492141183,21.804537841355305,39.60121705682971,0
2026-01-01 08:24:20,3.0620032885617348,21.948281017185796,39.79955840540984,0
2026-01-01 08:24:30,2.766991784108357,21.81719447205912,40.33811521394499,0
2026-01-01 08:24:40,2.600426066882674,22.523185677019736,40.831958062197714,0
2026-01-01 08:24:50,2.51282464722901,21.422945731594726,40.14933639639995,0
2026-01-01 08:25:00,3.109550700314496,22.09795892068509,39.09505472683277,0
2026-01-01 08:25:10,3.1720676510632275,21.90723039915455,39.730365800385385,0
2026-01-01 08:25:20,2.7365634889183643,21.606021549953187,39.829262841538785,0
2026-01-01 08:25:30,3.086594585608727,21.809801961023044,39.64003157857587,0
2026-01-01 08:25:40,2.914632130535828,22.313493167892258,41.60856962842769,0
2026-01-01 08:25:50,3.2611292298128762,22.64221712319617,41.18637655789614,0
2026-01-01 08:26:00,2.994510125988465,22.58454539958866,41.82442879081596,0
2026-01-01 08:26:10,3.687265786619003,22.87595563054218,41.98274514131719,0
2026-01-01 08:26:20,4.127596328885322,22.980151533858326,43.13366965914692,0
2026-01-01 08:26:30,4.148905921660281,23.20556198358671,46.5658416592444,0
2026-01-01 08:26:40,4.124685108445075,23.505544635274166,43.917514011799604,0
2026-01-01 08:26:50,4.507440441940983,23.692615518258155,44.994365282509996,0
2026-01-01 08:27:00,4.3255123802796644,23.407173310119603,46.41871455887579,0
2026-01-01 08:27:10,4.38929077256126,24.392542250760048,45.403821416898296,0
2026-01-01 08:27:20,4.7976583494116785,23.93553761837785,47.366019567771914,0
2026-01-01 08:27:30,5.005301435875061,24.53344089940587,46.47372100616501,0
2026-01-01 08:27:40,5.013926134830876,24.89116423534566,49.32521826867068,0
2026-01-01 08:27:50,4.833436827678064,24.913168875978453,48.30086835736523,0
2026-01-01 08:28:00,5.381635424658943,24.931801723805698,51.557390157649664,0
2026-01-01 08:28:10,5.458127184830009,24.778831994579953,51.11698549344739,0
2026-01-01 08:28:20,5.8277298088665335,25.762100971625763,50.98049942748197,0
2026-01-01 08:28:30,6.242163451838399,25.604880579315484,52.52911510856372,0
2026-01-01 08:28:40,6.491455364069919,25.74982562857825,53.71133290234207,0
2026-01-01 08:28:50,6.2106136189857315,26.06826168616887,51.88867416165004,0
2026-01-01 08:29:00,6.399136006204154,25.882589422342555,55.22075260325474,0
2026-01-01 08:29:10,7.01442633885684,26.293589416700417,53.89362848426558,0
2026-01-01 08:29:20,6.57054443399134,26.67936241283062,54.73104697866493,0
2026-01-01 08:29:30,6.8902567317303465,27.28887658522958,55.703601348453816,0
2026-01-01 08:29:40,7.283996580734401,27.015888326974384,55.31146125932624,1
2026-01-01 08:29:50,6.9643572587657125,27.346256617608702,59.03744385420014,1
2026-01-01 08:30:00,7.5629975070841,27.58722705495524,57.09529369441452,1
2026-01-01 08:30:10,7.869645535079269,27.900751336464612,57.97046819436249,1
2026-01-01 08:30:20,7.942415088099959,27.27007464479811,60.05724530009231,1
2026-01-01 08:30:30,2.8282747242659863,22.145017236437184,41.74397208802929,0
2026-01-01 08:30:40,2.4684810104653065,22.136965432307328,38.30158130568265,0
2026-01-01 08:30:50,2.596117163030442,21.53382338951158,42.20599298597843,0
2026-01-01 08:31:00,3.4125163473494124,21.54494215829229,41.37916362463756,0
2026-01-01 08:31:10,3.331827756856012,21.489051546579752,41.366360552550624,0
2026-01-01 08:31:20,2.5431136584130654,21.219289406561927,42.77843643110633,0
2026-01-01 08:31:30,2.910943531880409,21.838866628610077,39.74600671432743,0
2026-01-01 08:31:40,2.4242122263429096,22.34581626778538,40.502475333246885,0
2026-01-01 08:31:50,3.551973299750665,22.90759664466378,40.282680394643926,0
2026-01-01 08:32:00,2.7790881742932,21.82696969715077,40.617587660861865,0
2026-01-01 08:32:10,2.6957354973609515,21.525674035594022,39.51288709737704,0
2026-01-01 08:32:20,3.3068281669923674,22.121158105017173,40.40305817942031,0
2026-01-01 08:32:30,2.8455202911056388,20.64976835992896,39.32552470923578,0
2026-01-01 08:32:40,2.9633543261715602,22.054915511795066,41.81823189755274,0
2026-01-01 08:32:50,2.804314546581987,22.401346357091658,40.82269491031086,0
2026-01-01 08:33:00,2.889674398945584,22.30647103904849,38.87121682812723,0
2026-01-01 08:33:10,3.0461248586425436,21.887771317360578,39.075958684423064,0
2026-01-01 08:33:20,3.2372232021719505,21.219026756717938,37.85557798912081,0
2026-01-01 08:33:30,2.3045399727753453,22.36273365854917,37.822247882247346,0
2026-01-01 08:33:40,2.9947392273949642,21.711478899817017,41.17421023748864,0
2026-01-01 08:33:50,3.2772033171771517,22.398210676669645,39.87781601833318,0
2026-01-01 08:34:00,3.1491699454073587,22.19805514801839,39.06778989292828,0
2026-01-01 08:34:10,3.6337557872888406,22.256751624591107,39.42535761826031,0
2026-01-01 08:34:20,2.8575196133336256,21.739093398758673,42.85279691987648,0
2026-01-01 08:34:30,2.967488689014348,22.344133023766688,35.849011866096404,0
2026-01-01 08:34:40,3.385134782497732,23.14144903309618,38.58313492011864,0
2026-01-01 08:34:50,3.1967651972074167,21.962290913107612,40.27219159522096,0
2026-01-01 08:35:00,3.1389290791991327,21.80366940803438,42.300251261470464,0
2026-01-01 08:35:10,2.8814934406684896,22.51891901357022,39.880935789969534,0
2026-01-01 08:35:20,2.926785788135878,22.200884018282803,39.80276228201616,0
2026-01-01 08:35:30,2.7588589657030895,22.513341830915284,39.844618158029405,0
2026-01-01 08:35:40,3.000440211432633,21.2248839375274,38.167857252371384,0
2026-01-01 08:35:50,2.9132983339368397,21.77870359926408,39.139445283561024,0
2026-01-01 08:36:00,3.4311509565912335,21.97880869002819,41.4020052371508,0
2026-01-01 08:36:10,3.0491834833674076,22.43782498184552,41.85473426827627,0
2026-01-01 08:36:20,2.863643277894475,22.080000266332664,40.56554024954549,0
2026-01-01 08:36:30,3.1465094280643493,22.28330648786296,41.163512949423534,0
2026-01-01 08:36:40,3.0001416104367253,21.924102598418376,38.787847531711435,0
2026-01-01 08:36:50,3.1441053486373356,22.854128449590384,39.495182618186334,0
2026-01-01 08:37:00,2.8427045658091776,21.776631932604985,38.854078896633474,0
2026-01-01 08:37:10,2.7809965431406543,21.685872831894706,42.92344466717143,0
2026-01-01 08:37:20,2.803873652226637,22.153529425532508,40.07956117640567,0
2026-01-01 08:37:30,2.940750014739401,21.29143097942246,38.15517532707019,0
2026-01-01 08:37:40,2.7635354498094253,21.576825335196435,40.12888991399861,0
2026-01-01 08:37:50,3.1516258677223474,21.7108660819287,36.73667683451865,0
2026-01-01 08:38:00,2.903500925835265,21.885657617537028,38.072368045200214,0
2026-01-01 08:38:10,2.906003738151711,21.949672259380666,38.390363007456074,0
2026-01-01 08:38:20,2.784289921211252,21.895007580901243,40.45118906547171,0
2026-01-01 08:38:30,2.9865794818754337,22.36271370667017,40.60877540003935,0
2026-01-01 08:38:40,3.082127911639186,21.991680867787114,40.62154312626818,0
2026-01-01 08:38:50,3.0927250852363373,22.057075364880653,42.4055527832004,0
2026-01-01 08:39:00,3.102367989807745,22.129010505302386,38.18893089683844,0
2026-01-01 08:39:10,3.3206748055275934,22.05342616621439,41.01349667988546,0
2026-01-01 08:39:20,3.0800988290573126,21.88628470889232,40.58678523823938,0
2026-01-01 08:39:30,3.1255707978688343,21.430011531273834,38.53832117858455,0
2026-01-01 08:39:40,3.0144276107703334,22.694419691362278,40.78977102863671,0
2026-01-01 08:39:50,3.176546136049743,21.992988214202214,40.55582712947393,0
2026-01-01 08:40:00,3.3632994790498665,22.839629046298313,42.55999316764387,0
2026-01-01 08:40:10,3.5902976964949893,23.130757350771,39.983818870399446,0
2026-01-01 08:40:20,3.759224143972328,23.17669557555613,43.21410443808222,0
2026-01-01 08:40:30,3.5667717375686334,23.41683294005534,44.09468189670677,0
2026-01-01 08:40:40,4.068602392042692,23.226507397346822,45.99370206814876,0
2026-01-01 08:40:50,4.255570175413258,23.32742410237885,43.85528816577111,0
2026-01-01 08:41:00,4.4848391611750555,23.89587001858268,45.389848887817024,0
2026-01-01 08:41:10,4.388444304030784,24.199016979463615,45.11258458230317,0
2026-01-01 08:41:20,5.060555742933062,23.779639854495592,45.388368652817995,0
2026-01-01 08:41:30,4.60325999386066,23.86708375151203,47.09673722929649,0
2026-01-01 08:41:40,4.906365496879832,24.707391947449214,48.88207481528948,0
2026-01-01 08:41:50,5.121964454863529,25.531015321729463,48.42990559988168,0
2026-01-01 08:42:00,5.3126300623207605,24.416774615560286,49.252793008708366,0
2026-01-01 08:42:10,5.55948013827822,24.644733731831856,49.50130857519031,0
2026-01-01 08:42:20,5.7320688126617885,25.042549356269767,49.93250749429572,0
2026-01-01 08:42:30,5.989759936174122,25.01536585666008,50.245410954739675,0
2026-01-01 08:42:40,6.035475868116856,25.853847778822086,52.30552396622662,0
2026-01-01 08:42:50,6.121889215595424,25.708383414238774,53.6771085494932,0
2026-01-01 08:43:00,6.505133619927469,26.014954775552873,53.05571463419681,0
2026-01-01 08:43:10,6.50705443852906,25.981840765422078,53.8498243486051,0
2026-01-01 08:43:20,6.568759332268553,26.36974655448646,54.21298239700576,0
2026-01-01 08:43:30,6.9381237081209335,26.84552161995483,54.953617513118644,0
2026-01-01 08:43:40,6.837624066226653,27.013486520255253,56.18475881278844,0
2026-01-01 08:43:50,7.093319450963262,27.41266557400896,56.10163240620018,1
2026-01-01 08:44:00,6.934746070197298,26.9876121888104,58.95171181022465,1
2026-01-01 08:44:10,7.436459253786639,27.24536821256921,58.026603121253565,1
2026-01-01 08:44:20,7.8688792842452475,27.575130002784853,59.258014248575314,1
2026-01-01 08:44:30,7.795480087145972,27.97976335134391,59.51359612723484,1
2026-01-01 08:44:40,2.930439448012263,21.86319306167809,38.269776203667035,0
2026-01-01 08:44:50,2.888989016229541,22.238971814211556,39.94376384241277,0
2026-01-01 08:45:00,2.919396636742513,22.139069416898,36.730317007914635,0
2026-01-01 08:45:10,2.982948944337915,22.430997524458466,39.310668527508824,0
2026-01-01 08:45:20,3.1113620290410178,22.007292398854847,39.97070441579935,0
2026-01-01 08:45:30,2.7859113320386597,22.135938955586134,38.40558590472525,0
2026-01-01 08:45:40,2.8834478798643444,22.330222829947825,41.44164018584812,0
2026-01-01 08:45:50,2.498074796248278,21.74574735365536,37.539859366435245,0
2026-01-01 08:46:00,3.7323767535796017,22.243803958484975,42.87593195290863,0
2026-01-01 08:46:10,3.2487295320055005,22.1396392009622,39.24994198517608,0
2026-01-01 08:46:20,2.8267973952875,21.396002731768316,44.93164178108311,0
2026-01-01 08:46:30,2.9576550982971583,21.979195687673183,38.922365140472735,0
2026-01-01 08:46:40,2.6511868682016715,21.935342482208554,39.303397327885136,0
2026-01-01 08:46:50,3.4271696811740555,22.02042060269734,41.044849515186314,0
2026-01-01 08:47:00,2.6163792435542232,21.50964309462402,40.02268489237683,0
2026-01-01 08:47:10,3.1008968907963843,21.96095404844062,37.726710307921614,0
2026-01-01 08:47:20,2.2851712943780806,21.559469348492115,39.05942373182897,0
2026-01-01 08:47:30,3.362250958485576,22.140348213837086,38.15343702577699,0
2026-01-01 08:47:40,3.0679628252792988,22.519166602264306,41.893866110446226,0
2026-01-01 08:47:50,2.9827491093615253,21.858620388500054,39.68207660601409,0
2026-01-01 08:48:00,3.1660882228074696,22.16812392699408,40.88770178671752,0
2026-01-01 08:48:10,3.3777851134308503,21.678292380188534,42.30640090236097,0
2026-01-01 08:48:20,3.355502095074905,22.42460366287034,41.51262395491449,0
2026-01-01 08:48:30,3.028220952357457,22.52218917622827,39.161735954393116,0
2026-01-01 08:48:40,2.907046529590778,22.31405063418402,41.2659271007784,0
2026-01-01 08:48:50,2.914894133721848,21.168412174012992,40.30067505869327,0
2026-01-01 08:49:00,2.754085493139783,22.13450518047436,40.43505670458085,0
2026-01-01 08:49:10,3.1181971716525023,22.339415178936797,42.406147333298556,0
2026-01-01 08:49:20,2.810930377906068,21.371809981852813,41.457016426812224,0
2026-01-01 08:49:30,3.418530571950689,22.301083477442475,41.17490532540509,0
2026-01-01 08:49:40,2.8075752629929696,22.444271073621636,40.413094351214816,0
2026-01-01 08:49:50,3.2741134957027773,21.408772363762985,40.36441586852622,0
2026-01-01 08:50:00,3.4355779896944165,21.620987703611156,41.879587315365875,0
2026-01-01 08:50:10,2.9729271355679034,21.580310699981194,41.02686208755377,0
2026-01-01 08:50:20,3.129042892294611,22.203414127050852,40.63394292578885,0
2026-01-01 08:50:30,2.395852573115677,21.536847027233364,40.18871493022794,0
2026-01-01 08:50:40,2.6445144176321778,22.64197380070156,41.604171082186284,0
2026-01-01 08:50:50,2.9987572245167535,21.78572515274257,40.71198046863602,0
2026-01-01 08:51:00,3.170962912793857,21.729578253380478,41.49061039430194,0
2026-01-01 08:51:10,2.9240739476957667,22.08196034319085,39.586026785339875,0
2026-01-01 08:51:20,3.364801961673443,21.71227132527673,39.804136814057244,0
2026-01-01 08:51:30,3.1383992139106267,22.208918736646638,39.21138252509793,0
2026-01-01 08:51:40,2.8182029861745264,21.62288990390781,39.53863391565439,0
2026-01-01 08:51:50,2.70967429813587,22.009642867315158,39.568763529813204,0
2026-01-01 08:52:00,3.0037727308800943,22.34695779719919,37.54479720353381,0
2026-01-01 08:52:10,3.757011999419867,21.949500740900167,39.079553142429575,0
2026-01-01 08:52:20,2.4432200138434688,22.194514921896356,38.34048376438434,0
2026-01-01 08:52:30,3.0304967284698088,22.457663388716767,37.632564435774384,0
2026-01-01 08:52:40,2.6155527081393526,21.700475331590567,40.99491007189672,0
2026-01-01 08:52:50,3.780743962462294,22.183803106655464,42.94001127822339,0
2026-01-01 08:53:00,2.8951725148092877,22.361223266694772,40.32621022452134,0
2026-01-01 08:53:10,3.272355715472961,21.614890059493174,39.72891656472733,0
2026-01-01 08:53:20,3.6531961143126663,21.270008901215554,38.89189191204261,0
2026-01-01 08:53:30,2.8118916444508817,21.04849522909652,42.206143711481076,0
2026-01-01 08:53:40,3.7278534011525326,22.147340801536387,41.46589505545468,0
2026-01-01 08:53:50,3.053908614331862,22.287438609300015,39.760213201246394,0
2026-01-01 08:54:00,3.1101599396326165,21.987411451918526,42.26428598904828,0
2026-01-01 08:54:10,2.109974079377781,21.64451585975731,41.3541157832782,0
2026-01-01 08:54:20,3.3440888604765506,21.974051423578654,40.311880101075936,0
2026-01-01 08:54:30,3.2957845149944163,22.295359379624216,41.26937276285875,0
2026-01-01 08:54:40,2.3627918772363445,21.723994960074165,42.198753967904445,0
2026-01-01 08:54:50,3.3277613500824907,21.79678825622302,41.222311176812156,0
2026-01-01 08:55:00,3.4644024662456077,21.748622924337862,40.15213444635949,0
2026-01-01 08:55:10,2.773887706541476,22.203460217418968,41.455323613406826,0
2026-01-01 08:55:20,2.9707218329536755,21.326647146782868,37.57994764569259,0
2026-01-01 08:55:30,3.002301957996452,21.252912800736127,37.01776807161776,0
2026-01-01 08:55:40,3.0050102601802653,21.853946824881685,38.34378181500412,0
2026-01-01 08:55:50,2.7126216481514196,22.009233022280963,38.341100163130065,0
2026-01-01 08:56:00,3.354870146816257,22.202790538331257,41.67079359697333,0
2026-01-01 08:56:10,2.1600107092219245,22.69338138664192,39.067506992428726,0
2026-01-01 08:56:20,3.4451670461303285,21.812347713549016,39.24525472143046,0
2026-01-01 08:56:30,2.6959182472936596,21.500209404583238,39.020647022232325,0
2026-01-01 08:56:40,3.1811199048570664,22.2512314787601,37.508193392224115,0
2026-01-01 08:56:50,3.464945581898502,22.366496185187973,41.26739296264838,0
2026-01-01 08:57:00,3.3379180349166195,21.960556640398128,43.002883688872544,0
2026-01-01 08:57:10,3.013219390473881,21.803839917370734,41.168950709098354,0
2026-01-01 08:57:20,3.111316121464609,21.706009959497095,38.73040254133347,0
2026-01-01 08:57:30,3.5232309553397934,21.47591846338451,39.48520892760337,0
2026-01-01 08:57:40,3.4301653404588808,21.721727702333393,40.79394990091551,0
2026-01-01 08:57:50,3.4068320142630975,22.07955826893967,40.69049258501677,0
2026-01-01 08:58:00,2.8499541956355814,22.212808972909116,38.454870917643355,0
2026-01-01 08:58:10,3.7337308707341053,21.938267849648117,41.440275504061525,0
2026-01-01 08:58:20,2.8980048832945444,22.7811778215998,38.161697916677646,0
2026-01-01 08:58:30,3.0269602846580406,21.679132028236804,39.773322222903964,0
2026-01-01 08:58:40,3.298913936289638,21.928514553326057,40.45847393388593,0
2026-01-01 08:58:50,3.604331260201655,22.24419760673566,41.34061632038375,0
2026-01-01 08:59:00,3.4788583838048623,22.54366251155316,43.66847816433401,0
2026-01-01 08:59:10,3.7278173284734786,22.328945370078795,44.19508651323976,0
2026-01-01 08:59:20,3.8882960255728305,22.88792769090411,44.68277583897216,0
2026-01-01 08:59:30,3.844262007374988,23.71471002786418,44.09330264256756,0
2026-01-01 08:59:40,4.367778436067903,24.320250633475993,44.84675820547775,0
2026-01-01 08:59:50,4.3139669533252984,23.279891118621777,45.21276287656412,0
2026-01-01 09:00:00,4.292765644946534,23.74390947115962,48.89468413047334,0
2026-01-01 09:00:10,4.6905862575816375,23.83389374522277,46.45694858984383,0
2026-01-01 09:00:20,4.750959053484706,24.514520561942486,47.243108735433175,0
2026-01-01 09:00:30,5.321777618682628,24.305170214784685,47.7484207229731,0
2026-01-01 09:00:40,4.987309789522184,24.484985429321622,46.933096438245215,0
2026-01-01 09:00:50,4.907371296561361,24.987402006109683,47.5878927034124,0
2026-01-01 09:01:00,5.581193099836604,24.849850945046565,50.939528972163416,0
2026-01-01 09:01:10,5.321985782523894,25.37947524410441,50.99826662094573,0
2026-01-01 09:01:20,5.905836578389686,25.7371696600674,51.40362040042246,0
2026-01-01 09:01:30,5.510432223320157,25.734732427207117,52.31967261257605,0
2026-01-01 09:01:40,6.117741650058411,25.547468127696337,52.30574734367338,0
2026-01-01 09:01:50,6.624945288663154,25.724027646627828,51.592921859277276,0
2026-01-01 09:02:00,6.2063474626075905,26.189411224843393,55.67085052944366,0
2026-01-01 09:02:10,7.107636811082297,26.595069452834863,53.68542071806599,0
2026-01-01 09:02:20,6.65831498225833,26.862751198629713,56.664968763301175,0
2026-01-01 09:02:30,6.871600601109333,27.227335148472182,55.77043982699628,0
2026-01-01 09:02:40,7.309523461886942,27.343640095967803,55.18489881769309,1
2026-01-01 09:02:50,7.423621086640029,27.628592763204367,56.77266831297268,1
2026-01-01 09:03:00,7.288683712884553,27.548435630599027,58.13344327904398,1
2026-01-01 09:03:10,7.601205860411791,27.599336187012074,56.99637266091082,1
2026-01-01 09:03:20,7.914228397903441,28.277779356602107,58.618657543549254,1
2026-01-01 09:03:30,2.751474920864907,21.42242843100311,40.028936320560916,0
2026-01-01 09:03:40,3.329964982066041,21.96233008610828,40.059398227078205,0
2026-01-01 09:03:50,3.3596540626850246,22.23926886013392,38.53670059657805,0
2026-01-01 09:04:00,2.911813682335735,22.08027765009717,39.4616858726978,0
2026-01-01 09:04:10,3.2096060128059944,21.086704546153985,39.67985095436811,0
2026-01-01 09:04:20,3.0574368408449804,22.294062092795702,39.31276100711018,0
2026-01-01 09:04:30,3.363743011188603,21.905075106321913,41.541938503386696,0
2026-01-01 09:04:40,3.4072764627830527,22.35460352083021,38.36848345790311,0
2026-01-01 09:04:50,3.075564108027857,21.97335958919121,36.6634238370867,0
2026-01-01 09:05:00,2.9795391082429346,22.018090476258624,39.89285553064374,0
2026-01-01 09:05:10,3.2962469150906184,22.16339413525859,38.70806784642115,0
2026-01-01 09:05:20,2.9035886694443427,21.983604986862154,39.456743591712325,0
2026-01-01 09:05:30,2.9293039798454394,22.033338140390036,39.4999299165885,0
2026-01-01 09:05:40,3.166399229210648,21.46774393846159,39.10540014103029,0
2026-01-01 09:05:50,3.0090041527849873,21.92767702196511,38.92800382473851,0
2026-01-01 09:06:00,2.306343899118511,21.760504075077474,39.507760472530464,0
2026-01-01 09:06:10,2.8530030153356156,21.867504276448642,40.4188601518315,0
2026-01-01 09:06:20,2.6474159650211235,21.73020513024769,39.019226895281264,0
2026-01-01 09:06:30,3.6362522843847356,21.90293341542915,43.87043784803616,0
2026-01-01 09:06:40,3.573478503601308,22.266435896730595,39.95067145119581,0
2026-01-01 09:06:50,2.863177718186511,22.101473421719238,38.02787670953437,0
2026-01-01 09:07:00,3.519527514954105,21.324918055029674,40.63546868279978,0
2026-01-01 09:07:10,2.831010699736235,22.229754540453552,39.253945700289606,0
2026-01-01 09:07:20,3.4169377739285482,22.780689268161446,40.02369145158606,0
2026-01-01 09:07:30,2.837295007916906,21.755524599099886,38.75141583254584,0
2026-01-01 09:07:40,3.343399495274622,21.959459875846477,38.11627482363651,0
2026-01-01 09:07:50,2.7455138416516056,21.849628701811458,40.39177681191944,0
2026-01-01 09:08:00,2.7170271712068668,21.629817900760376,40.85485209466396,0
2026-01-01 09:08:10,3.259148318606565,21.743555338338894,42.48830454168299,0
2026-01-01 09:08:20,3.102886880236592,21.741189679880538,40.03018585449356,0
2026-01-01 09:08:30,2.5558858838023024,22.23090494688037,37.82363060710898,0
2026-01-01 09:08:40,2.797155284384485,21.229785446117383,36.192145990852794,0
2026-01-01 09:08:50,3.439038403966003,21.667484841807244,39.2635765754022,0
2026-01-01 09:09:00,3.1061852383130946,21.47471910838141,39.169711947469665,0
2026-01-01 09:09:10,3.1436471730023436,21.666743390668415,41.59894557959774,0
2026-01-01 09:09:20,2.7088750261312415,22.48019618270949,40.31113087744215,0
2026-01-01 09:09:30,2.4473906468282793,22.03115429079227,42.31613899528607,0
2026-01-01 09:09:40,2.7621157491041712,22.721215145157743,37.76002341209737,0
2026-01-01 09:09:50,3.0170062431895315,21.613611630155386,38.781745792410504,0
2026-01-01 09:10:00,3.3475630353803343,21.82330131060123,43.19827850020957,0
2026-01-01 09:10:10,3.2006820956387303,21.468256376426375,39.57323454349117,0
2026-01-01 09:10:20,3.391276559947789,21.82563322661859,39.21860145957732,0
2026-01-01 09:10:30,3.112557005082688,22.030945492113638,41.33389513713846,0
2026-01-01 09:10:40,3.0125458043686018,21.721253594218698,41.68863527354815,0
2026-01-01 09:10:50,3.036915235967634,21.790991628236146,37.82334402029989,0
2026-01-01 09:11:00,3.3088192854405962,21.811370118657386,41.08345822567411,0
2026-01-01 09:11:10,3.0621288541027085,21.959721650873128,38.580529265878305,0
2026-01-01 09:11:20,2.526658078422106,22.79900003727187,37.65095407597508,0
2026-01-01 09:11:30,3.7757371881653934,21.852776687142526,39.38861598301045,0
2026-01-01 09:11:40,3.2419080301862477,21.74219411233618,37.88567667938859,0
2026-01-01 09:11:50,3.023721080462648,22.255273616291284,40.319089181787675,0
2026-01-01 09:12:00,3.1493190328676977,21.788261790532268,42.07941412312123,0
2026-01-01 09:12:10,3.348892747870812,21.548963619516496,43.672880482261085,0
2026-01-01 09:12:20,2.730096695315099,21.770924323828815,37.975524955051235,0
2026-01-01 09:12:30,3.1773644353850075,22.52223308632421,38.930033649579684,0
2026-01-01 09:12:40,2.2328885105038654,21.84592494891847,38.06048437636562,0
2026-01-01 09:12:50,3.4060064767764606,21.960799613286664,41.21479297730631,0
2026-01-01 09:13:00,3.259758467500136,22.42747494146356,40.48852678781624,0
2026-01-01 09:13:10,3.1764489928236066,22.40701256957225,39.30562543077051,0
2026-01-01 09:13:20,2.672259887857098,22.480197737776006,40.31401950384314,0
2026-01-01 09:13:30,3.0448001519309402,21.451663182068398,42.39238031212902,0
2026-01-01 09:13:40,2.5339673445751782,21.95158713507885,42.3153083970712,0
2026-01-01 09:13:50,2.6443852113898543,22.269371525101477,40.24268731090408,0
2026-01-01 09:14:00,2.744706471224114,22.200299346390736,41.13906324908418,0
2026-01-01 09:14:10,2.7637345593110334,22.281915776975595,41.21431283237941,0
2026-01-01 09:14:20,2.9274966106460187,22.139007214362106,43.05452127198433,0
2026-01-01 09:14:30,3.226059225330205,21.995624379215965,40.65976432970924,0
2026-01-01 09:14:40,3.039380661351452,22.26614271505798,40.359321581303846,0
2026-01-01 09:14:50,3.568597172685651,21.677113729006223,39.91320076117849,0
2026-01-01 09:15:00,2.5487907029553467,21.718590407333153,39.46241804773402,0
2026-01-01 09:15:10,3.3419412648751456,22.235255180537063,38.03403132354344,0
2026-01-01 09:15:20,3.6661441864563566,21.93005534572933,39.69363926550224,0
2026-01-01 09:15:30,3.2159329558433094,22.283645755853314,40.24333482534825,0
2026-01-01 09:15:40,3.2154302366622063,21.865777642739477,39.829029715026955,0
2026-01-01 09:15:50,2.996640248562069,22.185489223022845,38.24874876417893,0
2026-01-01 09:16:00,2.8260192252853527,21.99370314058695,41.45708483414131,0
2026-01-01 09:16:10,3.133021706262666,21.817532661007977,40.75386216155716,0
2026-01-01 09:16:20,2.6414674319219382,22.276893954187305,39.66737197298889,0
2026-01-01 09:16:30,2.505633931842947,22.114013896839744,39.54040685937022,0
2026-01-01 09:16:40,2.4251506856202165,21.588190193921683,40.20570010197883,0
2026-01-01 09:16:50,3.4217155930182797,21.582828695276504,40.55357807288495,0
2026-01-01 09:17:00,3.2529920023298864,21.640253088065098,38.53392512464804,0
2026-01-01 09:17:10,2.6534730674495943,22.146944139658995,42.404266370766955,0
2026-01-01 09:17:20,3.330521894863378,21.557847127453975,39.06172651497699,0
2026-01-01 09:17:30,3.1361967193138636,21.116980973731458,39.60573925080641,0
2026-01-01 09:17:40,2.688256160891874,22.272713272733853,40.505573036267116,0
2026-01-01 09:17:50,3.0486673840134477,21.73620182526463,40.255727021045374,0
2026-01-01 09:18:00,3.2405457870603156,21.40189357599943,40.08930990434649,0
2026-01-01 09:18:10,3.08960899869638,21.723859253549485,39.87120414880336,0
2026-01-01 09:18:20,3.0153611731721894,21.508660493904838,38.50393394387637,0
2026-01-01 09:18:30,3.6847027014679696,21.227051165001676,39.50530261443124,0
2026-01-01 09:18:40,3.27519323954124,21.21805916834754,37.89669236449478,0
2026-01-01 09:18:50,3.0011965681533366,22.205408547701893,42.883336840404176,0
2026-01-01 09:19:00,2.85966076080716,22.453080869286445,41.28218200211957,0
2026-01-01 09:19:10,2.838852161255801,22.10434646988879,41.199830934558975,0
2026-01-01 09:19:20,3.1640987174632906,22.531183791468386,40.023107022336404,0
2026-01-01 09:19:30,2.7680698632182787,22.132345412426766,42.51817571108028,0
2026-01-01 09:19:40,3.120881061726159,21.518354106841795,40.762429803033434,0
2026-01-01 09:19:50,2.6144331639437373,22.333178177130016,40.881542352801716,0
2026-01-01 09:20:00,2.932903178816124,21.75870853134785,39.97753119185593,0
2026-01-01 09:20:10,3.594805476482751,21.135535158571315,41.845968706267016,0
2026-01-01 09:20:20,2.886721025919462,22.50631963374654,38.46477432044696,0
2026-01-01 09:20:30,3.426523945378648,22.37727732139112,40.668921665687954,0
2026-01-01 09:20:40,2.876590353593353,21.066233764313942,39.11746446630154,0
2026-01-01 09:20:50,2.733636244339147,22.12382225870686,40.81500939549857,0
2026-01-01 09:21:00,2.8077814162120065,21.109706665044445,40.17918501010868,0
2026-01-01 09:21:10,3.356758491628184,22.259637353755,41.38076436259852,0
2026-01-01 09:21:20,2.737461591611795,22.0123492736817,41.00491416424093,0
2026-01-01 09:21:30,3.0761661571996792,22.181149730717955,39.60068057439026,0
2026-01-01 09:21:40,3.1421317085576543,22.837887433539418,37.694815729020526,0
2026-01-01 09:21:50,3.52737200695638,22.326432417645577,41.76451608425718,0
2026-01-01 09:22:00,2.9880507014148057,22.555052352313616,39.05626572081745,0
2026-01-01 09:22:10,2.9084109072834274,22.44481873684128,39.17272640484553,0
2026-01-01 09:22:20,3.0179568973037627,22.358569888762965,40.977018966177475,0
2026-01-01 09:22:30,2.816044700037518,21.645869427112775,38.84104466552035,0
2026-01-01 09:22:40,2.7328198803443593,21.81647157092996,41.58305643679353,0
2026-01-01 09:22:50,2.960348918648745,21.91377282263242,40.40225042473296,0
2026-01-01 09:23:00,2.6501825644264994,22.96127277027887,41.665768827268664,0
2026-01-01 09:23:10,3.1811176726372596,21.9441619491537,40.91019253758945,0
2026-01-01 09:23:20,2.7073998966929333,22.051027293221566,38.60903911910404,0
2026-01-01 09:23:30,2.798912825865165,22.450573486698413,42.40298898192012,0
2026-01-01 09:23:40,2.7650901604203284,22.13024227257737,38.94900834690505,0
2026-01-01 09:23:50,2.8814628215157936,21.688565181275315,40.966097384435834,0
2026-01-01 09:24:00,3.0263110493172993,22.17384896343278,39.04256675407491,0
2026-01-01 09:24:10,3.2449663552696792,22.27279731970166,41.56259927898189,0
2026-01-01 09:24:20,3.6203004316870873,22.68470388719351,38.64608016621367,0
2026-01-01 09:24:30,3.27749475625974,21.845047301994114,41.12982016962424,0
2026-01-01 09:24:40,2.42838429963211,21.314143223813062,40.58388538214009,0
2026-01-01 09:24:50,3.1309527395760184,21.20816228965899,39.37984179643524,0
2026-01-01 09:25:00,2.948407738234373,21.62412587352748,40.620993803082264,0
2026-01-01 09:25:10,2.9908263225703884,21.8536877018792,39.89262146065918,0
2026-01-01 09:25:20,2.924058015161908,22.64746721848345,41.366911959751086,0
2026-01-01 09:25:30,2.9512946675504645,22.195693605420015,40.70780492181501,0
2026-01-01 09:25:40,3.226959570296013,21.709783536409983,41.201140275057256,0
2026-01-01 09:25:50,2.727415233609571,22.083141295255057,39.93243328231727,0
2026-01-01 09:26:00,2.5562076761449832,21.632229055681385,39.96140236616597,0
2026-01-01 09:26:10,2.701805585816763,22.3697429472104,40.85082685815081,0
2026-01-01 09:26:20,3.0277537812821262,21.85443367033239,40.22051287983033,0
2026-01-01 09:26:30,2.831479600781807,22.2083177222771,39.26067263142442,0
2026-01-01 09:26:40,2.8250665568740674,22.37470130541217,41.19439419929037,0
2026-01-01 09:26:50,3.049894952812537,22.296168485619102,41.00482673532361,0
2026-01-01 09:27:00,2.9095735532265246,21.828112244360334,40.4935428187412,0
2026-01-01 09:27:10,3.590473336548532,22.0692790570835,37.26157723215303,0
2026-01-01 09:27:20,3.2598063194953806,22.58985245100605,37.13946417089526,0
2026-01-01 09:27:30,2.988726122565323,21.841973237549116,39.88571858306347,0
2026-01-01 09:27:40,2.424409772741779,21.363400738389064,40.15655317280413,0
2026-01-01 09:27:50,2.8397891912043507,22.534189559140263,38.83693145549109,0
2026-01-01 09:28:00,2.9909952803856292,21.73924016244998,38.913152863688225,0
2026-01-01 09:28:10,3.4541382765393127,22.302822400727766,41.03491041534413,0
2026-01-01 09:28:20,3.0357229704673827,21.056528476527863,38.00259352208201,0
2026-01-01 09:28:30,2.7749133992477883,21.665464585401484,37.200327770854784,0
2026-01-01 09:28:40,3.135718344987111,22.09210892530203,39.47534374662796,0
2026-01-01 09:28:50,3.6157466786390695,21.78422808248863,40.25960147285583,0
2026-01-01 09:29:00,2.9847599644700655,21.782567142581275,39.201805933903366,0
2026-01-01 09:29:10,3.278299473411761,21.51148104615791,41.29658724611,0
2026-01-01 09:29:20,3.1339921504966157,21.28453589694693,40.698388263092795,0
2026-01-01 09:29:30,2.662485282135806,21.355991330836403,40.491389096714435,0
2026-01-01 09:29:40,2.9460274107595423,21.893896086752093,40.99108573668848,0
2026-01-01 09:29:50,3.070218393268294,22.117830720216126,39.02974554374857,0
2026-01-01 09:30:00,3.4853883428864663,21.52096114488825,37.63112053385125,0
2026-01-01 09:30:10,2.8793734719756445,22.12797114473791,39.83445286106221,0
2026-01-01 09:30:20,2.579394451305637,21.92255904159704,39.382866295515925,0
2026-01-01 09:30:30,3.111977077240551,22.3498958486321,39.537778555820296,0
2026-01-01 09:30:40,2.9949351060254643,21.576577583062285,40.76825667893078,0
2026-01-01 09:30:50,2.500133159748415,21.613732834461107,39.757202851963406,0
2026-01-01 09:31:00,2.874504174017562,21.88514805750805,40.205412675202155,0
2026-01-01 09:31:10,2.8305892938006165,22.591405551429418,38.430071337859744,0
2026-01-01 09:31:20,3.092668887980789,22.155402529543775,38.79220317141684,0
2026-01-01 09:31:30,3.0433074864676297,22.213592318967464,37.33269590865123,0
2026-01-01 09:31:40,3.049101528668916,21.878846048847926,39.34929011936827,0
2026-01-01 09:31:50,2.450968053384723,22.117262890129187,42.03017734221418,0
2026-01-01 09:32:00,3.211735165561209,21.997103840562342,40.27251680823339,0
2026-01-01 09:32:10,3.2793378833063516,21.56419463669062,37.84812870864348,0
2026-01-01 09:32:20,3.4780571995828446,22.256202672782837,39.187811637094526,0
2026-01-01 09:32:30,3.126875748068176,22.20429421984291,38.47307583079728,0
2026-01-01 09:32:40,2.943320528499542,22.113391390230603,41.16126927781484,0
2026-01-01 09:32:50,2.8619357222768853,21.997983651910587,39.335171961358455,0
2026-01-01 09:33:00,3.0124688377900664,22.091576086065817,40.62932566287087,0
2026-01-01 09:33:10,2.5190651232209387,21.858312553633343,41.25726582939916,0
2026-01-01 09:33:20,3.0277824003679483,21.886249656367735,36.59841314779743,0
2026-01-01 09:33:30,3.5841134425416086,22.001279196246116,39.21271080951335,0
2026-01-01 09:33:40,3.1690119125294647,21.712085210260312,40.9599395359923,0
2026-01-01 09:33:50,2.697546756184555,22.30081855344753,40.0307525940515,0
2026-01-01 09:34:00,3.351968727388049,22.00035023449625,37.60793139318577,0
2026-01-01 09:34:10,3.188626294358354,22.281287301942697,40.4865489613657,0
2026-01-01 09:34:20,2.936936417431051,21.79407044145571,38.84467462790301,0
2026-01-01 09:34:30,2.737331369870021,21.870526898383524,39.600179043578876,0
2026-01-01 09:34:40,2.893060975859087,21.82836933961183,41.141756519610496,0
2026-01-01 09:34:50,3.2015628949477795,21.873481385454063,41.73800053501195,0
2026-01-01 09:35:00,3.3751671739531197,22.117609983844368,40.501706057587725,0
2026-01-01 09:35:10,3.0716935254191284,21.826106012750323,37.757203619045264,0
2026-01-01 09:35:20,2.878830326740676,22.342294100790475,39.40783261486948,0
2026-01-01 09:35:30,2.9661130604312667,21.83309385387104,39.87488389788016,0
2026-01-01 09:35:40,2.8392429820291807,21.716818827745637,39.741323856957564,0
2026-01-01 09:35:50,3.305471463329591,21.571936614597256,40.40070444469259,0
2026-01-01 09:36:00,2.5313030515199917,22.110111411640325,39.8558631712469,0
2026-01-01 09:36:10,3.6068826228919755,21.501442600584333,38.28702089396098,0
2026-01-01 09:36:20,3.1770979873325036,22.281947232718828,44.38923600777744,0
2026-01-01 09:36:30,2.6380255413877567,22.56793779494922,40.4057702131996,0
2026-01-01 09:36:40,3.2586334137101205,21.516958196973416,41.02698631150457,0
2026-01-01 09:36:50,2.365994762028519,22.586950395331073,38.805081145558034,0
2026-01-01 09:37:00,3.5717364703088004,22.04373079318498,39.83971194881634,0
2026-01-01 09:37:10,3.3465578520843757,21.853312932569587,39.47970401811308,0
2026-01-01 09:37:20,3.1162400378290265,22.874010771457773,41.70497455956332,0
2026-01-01 09:37:30,2.7482131389874564,21.388564807094532,42.33577994856514,0
2026-01-01 09:37:40,3.2048116943240696,22.04471385253194,40.029466683941266,0
2026-01-01 09:37:50,2.960067340944791,22.160147315785025,40.36343677870348,0
2026-01-01 09:38:00,2.970121157279515,21.544304624933375,40.036066060382325,0
2026-01-01 09:38:10,3.023091394750841,22.057926204054596,40.541814248239994,0
2026-01-01 09:38:20,3.121270135327125,21.91691055334665,41.62530653340012,0
2026-01-01 09:38:30,3.505365906184963,22.596577276343453,42.51076658859391,0
2026-01-01 09:38:40,3.5347590922140446,22.89974202932463,44.00408870823939,0
2026-01-01 09:38:50,3.7823921451589806,23.569815128290383,43.38332776045364,0
2026-01-01 09:39:00,3.8295241516282417,23.454905207478514,43.88743947085382,0
2026-01-01 09:39:10,4.377176765586335,23.524003886606458,44.338837697552655,0
2026-01-01 09:39:20,4.637536321601813,23.450188638704255,43.167714339485535,0
2026-01-01 09:39:30,4.67611593417087,23.904979598423335,47.28371918773322,0
2026-01-01 09:39:40,4.4903318949950295,23.925854502776463,46.306624892834215,0
2026-01-01 09:39:50,5.020085748383317,24.39525505400368,47.548133709050475,0
2026-01-01 09:40:00,5.044248940797753,24.054708651347877,48.76868213688672,0
2026-01-01 09:40:10,5.3244908713647074,25.287332152385623,49.137451641061915,0
2026-01-01 09:40:20,5.459825070562969,24.94328033829869,48.63662856603455,0
2026-01-01 09:40:30,5.74988028596217,24.98327614656284,49.807041147433296,0
2026-01-01 09:40:40,5.639703961527786,25.18021691750011,50.18025757799961,0
2026-01-01 09:40:50,5.876381055970874,25.371017454542937,51.151623941306525,0
2026-01-01 09:41:00,6.0979649909693,25.622736606356163,51.44586405378968,0
2026-01-01 09:41:10,6.013958549251493,25.82952050004446,51.92003482762974,0
2026-01-01 09:41:20,6.169610982923262,25.75865697857852,53.588318065811066,0
2026-01-01 09:41:30,6.738708494200988,26.304328194468066,54.886821712427384,0
2026-01-01 09:41:40,6.652726282843101,26.442667560208914,56.31966233551532,0
2026-01-01 09:41:50,6.999074330854736,26.881108019422655,55.06912870300017,0
2026-01-01 09:42:00,6.998946444669503,26.921699337159968,55.39359823775306,0
2026-01-01 09:42:10,6.694030854458421,27.118940091488653,57.6280331547166,1
2026-01-01 09:42:20,7.34437368409237,27.021227767756084,57.00263718789056,1
2026-01-01 09:42:30,7.094345391884242,27.30003220379128,56.8849151929247,1
2026-01-01 09:42:40,7.526738342253172,27.25029501790487,57.385689232228145,1
2026-01-01 09:42:50,7.632510848381644,27.98984559083273,58.82354360437359,1
2026-01-01 09:43:00,2.8135217864487947,21.466713178419603,44.92617730193183,0
2026-01-01 09:43:10,3.234991271126614,22.308149571629624,39.66216649245859,0
2026-01-01 09:43:20,3.0478179593328667,22.03650875926703,39.829627197653814,0
2026-01-01 09:43:30,2.5657855999610732,22.200855651720442,40.2386297887658,0
2026-01-01 09:43:40,2.591992927106822,21.91485604689745,38.55779227973424,0
2026-01-01 09:43:50,2.9844861628319186,21.598974060000977,42.03999290584367,0
2026-01-01 09:44:00,3.0148775482984758,22.163151620358995,37.36331886408689,0
2026-01-01 09:44:10,3.171175410035958,21.28106600882669,39.177365666307864,0
2026-01-01 09:44:20,2.7690878702286432,21.748011987257723,43.411140353714856,0
2026-01-01 09:44:30,3.2821109065869893,21.475458443232046,37.20768470775753,0
2026-01-01 09:44:40,3.0920090826089512,21.99402236823157,42.9588698566704,0
2026-01-01 09:44:50,2.761112943302373,22.3777908528794,40.618163807705855,0
2026-01-01 09:45:00,2.5700878786146437,22.876655302021994,38.22765013134638,0
2026-01-01 09:45:10,3.066038756246333,21.957237403963703,41.30473852209402,0
2026-01-01 09:45:20,3.1265906464300373,21.670106408199054,40.88020277610348,0
2026-01-01 09:45:30,2.9192876724335752,22.324793541053605,42.98711914092077,0
2026-01-01 09:45:40,3.0550362679416696,22.24773971817388,40.0215729943664,0
2026-01-01 09:45:50,3.0570632878028525,22.063185079101185,39.20178719505727,0
2026-01-01 09:46:00,3.2103766918330106,22.28922812965423,39.76928683317845,0
2026-01-01 09:46:10,3.0956481130738593,22.075965588368046,39.90140658347135,0
2026-01-01 09:46:20,2.165111870297034,21.96514064306583,41.71134396572541,0
2026-01-01 09:46:30,2.5908396199111974,22.14780524652657,40.4688883452303,0
2026-01-01 09:46:40,3.059417077765545,21.186257652846255,38.5353616904026,0
2026-01-01 09:46:50,3.292600720466628,21.61549180033981,40.203039979138325,0
2026-01-01 09:47:00,3.504794278203989,21.863101947941285,43.75485670760423,0
2026-01-01 09:47:10,3.0073439009555734,22.079730478442062,37.89549839945869,0
2026-01-01 09:47:20,3.478428596713159,21.59379702447467,39.65817356742714,0
2026-01-01 09:47:30,3.0286822632337733,21.65756120135152,39.71891602096524,0
2026-01-01 09:47:40,2.8834766277033674,22.089086425040385,42.144279487788985,0
2026-01-01 09:47:50,2.9090721840924822,21.505377759940508,40.588656556114344,0
2026-01-01 09:48:00,3.028913136934211,22.21901592806762,38.30747299373383,0
2026-01-01 09:48:10,3.3790617032389525,22.109760482020942,40.22578480835305,0
2026-01-01 09:48:20,2.836315753101374,22.192645538275237,40.24488343943825,0
2026-01-01 09:48:30,2.55962454670836,21.438220699666694,41.36498552139179,0
2026-01-01 09:48:40,2.9516143699016566,22.54891156537863,40.74457246979327,0
2026-01-01 09:48:50,2.6761578241276363,21.844277751698574,40.15420957668914,0
2026-01-01 09:49:00,2.695525028760275,21.76027888455051,40.591966125035,0
2026-01-01 09:49:10,3.1074899444798305,21.548200014886735,38.88000784536896,0
2026-01-01 09:49:20,3.6471647662343214,22.01464146262523,42.72137924155041,0
2026-01-01 09:49:30,2.648884920568698,22.479836059597364,37.85484761162541,0
2026-01-01 09:49:40,2.76534616381421,21.815773588096178,38.24652863468125,0
2026-01-01 09:49:50,2.456508045864484,21.70922456097119,39.0874025303533,0
2026-01-01 09:50:00,3.4919870045485983,21.79865730478021,40.80043963722471,0
2026-01-01 09:50:10,2.5636315784265826,22.09721865186146,40.24538367154941,0
2026-01-01 09:50:20,3.0981225654159923,22.06185941729465,40.74178373807316,0
2026-01-01 09:50:30,2.6608438631901117,22.082434793802,40.90009798952854,0
2026-01-01 09:50:40,2.6180361678259807,21.47288009915641,36.678597721173176,0
2026-01-01 09:50:50,3.1635069019690594,22.271841675427414,40.834340221157106,0
2026-01-01 09:51:00,3.010529011245175,22.573230754847017,38.44935188200598,0
2026-01-01 09:51:10,3.403923950296084,22.411979913966874,41.0238622586339,0
2026-01-01 09:51:20,3.503873465497463,22.774819167498272,40.1944317460148,0
2026-01-01 09:51:30,3.866859584724463,22.676917946285755,43.68211951484135,0
2026-01-01 09:51:40,3.9620368688633216,22.870678957717303,43.25400713695712,0
2026-01-01 09:51:50,3.995884114581827,23.681878114218,42.85955421322995,0
2026-01-01 09:52:00,4.079052095310406,22.925343584737455,44.79057491230273,0
2026-01-01 09:52:10,4.208631530635266,23.44934854794423,46.818023735932094,0
2026-01-01 09:52:20,4.335326095477292,23.752143385580165,45.541399713810144,0
2026-01-01 09:52:30,4.587500591332681,24.83153688284749,44.93169096972079,0
2026-01-01 09:52:40,4.962147041932324,24.928212015313903,48.412419104680524,0
2026-01-01 09:52:50,5.009388433089952,24.04816950396247,49.30477433404341,0
2026-01-01 09:53:00,5.354135862285807,24.141092268899506,48.34638543670565,0
2026-01-01 09:53:10,5.09211454407771,23.942143988397667,48.10397585271501,0
2026-01-01 09:53:20,5.521087845236274,25.174095753177866,49.67656304685726,0
2026-01-01 09:53:30,5.941491745167098,25.508831973823185,50.54138902955408,0
2026-01-01 09:53:40,5.782812795809101,25.514821885612534,51.31548692353984,0
2026-01-01 09:53:50,5.714863183685501,25.51138540459324,52.665567197875305,0
2026-01-01 09:54:00,6.429614719630928,26.088049169041682,53.000969364291926,0
2026-01-01 09:54:10,6.624807661826246,26.127185500418964,53.24478328179032,0
2026-01-01 09:54:20,6.795742313606695,26.41607759764983,55.30200309375869,0
2026-01-01 09:54:30,6.4291452931615165,26.141919411321204,53.84926159226177,0
2026-01-01 09:54:40,6.869688658292286,27.14730485994869,54.1943864612762,0
2026-01-01 09:54:50,7.181073001160611,26.43922943672555,58.11751940173104,0
2026-01-01 09:55:00,6.8473363346165135,27.22209009862846,57.547042089721245,1
2026-01-01 09:55:10,7.4573343311134845,26.93682512900638,56.27698986123411,1
2026-01-01 09:55:20,7.7544801254898115,27.71452198967049,59.03476080710469,1
2026-01-01 09:55:30,7.897861064689841,27.13917549733023,57.10069561805935,1
2026-01-01 09:55:40,7.699068571801938,27.656107578381913,58.747131114726045,1
2026-01-01 09:55:50,3.0832493917301598,22.105527634271738,40.36161411820494,0
2026-01-01 09:56:00,3.334575147984534,21.88240191655857,38.77702414499821,0
2026-01-01 09:56:10,3.2438769302669836,22.20991703020053,38.68225181354574,0
2026-01-01 09:56:20,2.9901669894126908,21.69427350790887,40.79639947952406,0
2026-01-01 09:56:30,2.77041866127664,22.32581418387813,37.14606064535284,0
2026-01-01 09:56:40,3.349684994733348,21.81976011012639,38.80229123321861,0
2026-01-01 09:56:50,2.456311566225463,22.49474875740729,39.18356756026677,0
2026-01-01 09:57:00,2.4077976593203076,21.542426571760988,40.42514697755801,0
2026-01-01 09:57:10,3.0269121788055013,21.355598892845933,38.62015274433077,0
2026-01-01 09:57:20,2.432897459319884,21.68546555844909,39.441672235529815,0
2026-01-01 09:57:30,2.7933105732439505,22.43137047778918,38.50336332601097,0
2026-01-01 09:57:40,2.547629290991694,21.831701940440773,41.84136925760068,0
2026-01-01 09:57:50,2.476279225627021,21.863478194135975,39.6194353974004,0
2026-01-01 09:58:00,3.6132971407124392,21.610186918362107,41.625730962746886,0
2026-01-01 09:58:10,2.9916309318989973,22.322095943161763,39.94532901961294,0
2026-01-01 09:58:20,3.1603522644620137,22.182782472868848,43.22811003379309,0
2026-01-01 09:58:30,3.5357831544808773,22.745103874552115,39.05593868319032,0
2026-01-01 09:58:40,2.5645445644714884,22.414642565545982,39.53895813797823,0
2026-01-01 09:58:50,2.655153709026455,21.463547986937716,42.29197236045927,0
2026-01-01 09:59:00,3.4720628760149155,21.879793727801147,43.07725520638584,0
2026-01-01 09:59:10,3.187486109419247,21.640823205743906,39.9704788685076,0
2026-01-01 09:59:20,2.6795808457311483,21.85493521145757,41.78633280467315,0
2026-01-01 09:59:30,2.581012510248915,22.185786987889426,41.72520520551942,0
2026-01-01 09:59:40,3.1562949237722515,22.249948148207743,40.928344974558144,0
2026-01-01 09:59:50,3.171146984274609,22.215702937395445,41.56076334262037,0
2026-01-01 10:00:00,3.1250743810471135,22.04166243302744,40.8686464108092,0
2026-01-01 10:00:10,3.557618104397465,23.17626134498194,42.04798272044661,0
2026-01-01 10:00:20,4.0666971691652485,22.95463730937745,42.2132040162973,0
2026-01-01 10:00:30,4.062747063037517,22.927141152628383,43.58454278177523,0
2026-01-01 10:00:40,3.7327257393446263,22.747400869053326,44.55365553080752,0
2026-01-01 10:00:50,4.3874124574569855,23.98370025076598,43.857294225322846,0
2026-01-01 10:01:00,4.626082158331502,23.9943340699931,44.84217047429658,0
2026-01-01 10:01:10,4.777617377891276,24.08326491288556,47.14218307853958,0
2026-01-01 10:01:20,5.100138742415306,24.330198554265,44.52976853730452,0
2026-01-01 10:01:30,4.8978454325328435,23.729959549679155,47.48478340361048,0
2026-01-01 10:01:40,5.0187255722910615,24.224891529171423,46.97239685682661,0
2026-01-01 10:01:50,5.06060028651722,24.498851834571575,48.53496182073206,0
2026-01-01 10:02:00,5.354420114560706,24.975575247662682,49.02078102431138,0
2026-01-01 10:02:10,5.755929686934399,24.988528447696574,50.924490818573375,0
2026-01-01 10:02:20,5.605770503188604,26.023112750801058,51.133930841700526,0
2026-01-01 10:02:30,6.160393053596654,25.19181740335616,50.886183055027196,0
2026-01-01 10:02:40,5.949572469470118,26.341899978030426,51.7872599819344,0
2026-01-01 10:02:50,6.001979847675319,26.190271936064157,52.725471012402934,0
2026-01-01 10:03:00,6.28970944120317,25.81691530655664,53.822161891535345,0
2026-01-01 10:03:10,6.71253112672194,26.43642563223044,53.520666222504616,0
2026-01-01 10:03:20,6.469126129135549,25.194263652970836,53.721197958490436,0
2026-01-01 10:03:30,6.758906425065065,26.582288050522795,55.06252206053057,0
2026-01-01 10:03:40,7.560175389521878,26.94740954116979,54.76235727387197,0
2026-01-01 10:03:50,7.297780146351034,27.117443016231345,55.616756054647865,1
2026-01-01 10:04:00,7.391094443999806,27.35904537895508,58.357837757781056,1
2026-01-01 10:04:10,7.144865549299655,27.59442340336405,59.40990465526892,1
2026-01-01 10:04:20,8.044203982468275,27.23217974206607,58.52071439403314,1
2026-01-01 10:04:30,7.823520227639864,28.002655620974686,59.168704235805144,1
2026-01-01 10:04:40,2.728679849300739,21.67368490993257,40.97440729766933,0
2026-01-01 10:04:50,2.48779711390512,22.728908490689296,39.89211161057721,0
2026-01-01 10:05:00,2.8242147693858564,22.203618057918856,40.98153353589433,0
2026-01-01 10:05:10,3.338687020554884,22.83038164443899,39.65604236870125,0
2026-01-01 10:05:20,3.073583079665282,21.551212752020234,39.57119161753132,0
2026-01-01 10:05:30,3.048454049771522,22.03015538769374,40.50549076014484,0
2026-01-01 10:05:40,2.748412897920141,22.47176978725617,41.28468971972318,0
2026-01-01 10:05:50,2.995841359648719,21.94118077412078,40.39654289193727,0
2026-01-01 10:06:00,2.844609810235047,21.285703487221493,38.49480186130106,0
2026-01-01 10:06:10,2.555257045390907,22.315606900724866,41.31901982054064,0
2026-01-01 10:06:20,3.050090287000249,22.584272132851655,39.08385601640239,0
2026-01-01 10:06:30,3.0320008966101133,22.381831832442472,40.55154587983732,0
2026-01-01 10:06:40,3.9289766688427648,22.011426305111033,40.21298417586339,0
2026-01-01 10:06:50,3.3770634095024765,22.028343561928125,40.14850244138398,0
2026-01-01 10:07:00,3.0390388314294126,21.398340587620808,39.16530133322504,0
2026-01-01 10:07:10,3.155163064847688,21.50954105419206,40.67150798625549,0
2026-01-01 10:07:20,3.3170191292327034,22.574435738472808,41.34736685928434,0
2026-01-01 10:07:30,2.9509098987427524,21.7084136712045,40.014655851029865,0
2026-01-01 10:07:40,3.0345456943321425,21.47530532310195,39.120572425671774,0
2026-01-01 10:07:50,3.1876428000912154,22.31481338877994,38.821176815387545,0
2026-01-01 10:08:00,3.39305845681629,22.34583391670071,36.75598148422821,0
2026-01-01 10:08:10,3.2763159384143776,21.93171519949739,41.25480232087062,0
2026-01-01 10:08:20,2.64995316913978,21.193996624197165,39.99562727287781,0
2026-01-01 10:08:30,2.760653363567166,21.28858589232218,41.720008402192725,0
2026-01-01 10:08:40,2.840973124198539,22.038759150413725,38.63776907708849,0
2026-01-01 10:08:50,2.873339794558577,22.037208515288572,41.37639890538944,0
2026-01-01 10:09:00,3.1438531688823907,22.215861909738027,40.91893956600567,0
2026-01-01 10:09:10,2.9751339048375405,22.082483683323137,39.26946870544824,0
2026-01-01 10:09:20,2.9278804572934765,22.307137477867244,39.7081230054405,0
2026-01-01 10:09:30,3.0101611648305733,22.014488228186107,38.91264561061004,0
2026-01-01 10:09:40,3.0405847525656955,21.42111288829682,39.536134138550906,0
2026-01-01 10:09:50,2.9276055288765814,22.063229158836496,38.857670236860685,0
2026-01-01 10:10:00,3.0364509029456803,21.61769825687094,39.40194732627521,0
2026-01-01 10:10:10,3.02321228482825,22.201620135094103,41.15121387672128,0
2026-01-01 10:10:20,3.5122646667965283,22.36668258903561,40.82128979565343,0
2026-01-01 10:10:30,3.2176770526446963,22.40502548267841,40.88547976856077,0
2026-01-01 10:10:40,2.6755046711207817,21.39909389906389,40.23564797596575,0
2026-01-01 10:10:50,3.0206042128951616,21.82487107022787,37.37794819429599,0
2026-01-01 10:11:00,2.8545133365367157,21.345479285960216,42.242096510903956,0
2026-01-01 10:11:10,2.592239619401003,21.611606053913725,38.96766466325804,0
2026-01-01 10:11:20,3.204746762778191,22.11591379146329,43.4995533431672,0
2026-01-01 10:11:30,3.1211821248204914,21.41025965759012,39.45351975572655,0
2026-01-01 10:11:40,3.4113296441735765,22.007187966006587,40.84787068596209,0
2026-01-01 10:11:50,3.4542742799942663,22.166685739703567,39.90387568514674,0
2026-01-01 10:12:00,2.751479033475525,21.697950240620592,40.73326883471948,0
2026-01-01 10:12:10,3.476919560066294,22.158857633298418,40.85624141229655,0
2026-01-01 10:12:20,3.0593552099044277,22.260408248605344,41.24040214889653,0
2026-01-01 10:12:30,3.296977486777312,22.27356131079134,42.0459127799434,0
2026-01-01 10:12:40,3.464456826745971,22.240874295534912,43.3730423293848,0
2026-01-01 10:12:50,3.449408335267081,22.771648037319277,42.98843022613057,0
2026-01-01 10:13:00,3.9243749829536623,23.05088504201529,40.39120752265272,0
2026-01-01 10:13:10,3.8594972620353323,23.28888710454503,43.890906791723744,0
2026-01-01 10:13:20,4.2689999266998475,23.70644849592223,45.17335404618585,0
2026-01-01 10:13:30,4.187530188837123,23.438449204333203,46.9647737351316,0
2026-01-01 10:13:40,4.464178169829239,23.771377545470006,46.50987598290676,0
2026-01-01 10:13:50,4.914110995243543,23.729620732326037,46.17054988848514,0
2026-01-01 10:14:00,4.512540983048011,24.111088431874023,47.900926697942296,0
2026-01-01 10:14:10,4.927151903589745,24.927943876952103,48.11620171909581,0
2026-01-01 10:14:20,5.146213517669869,24.49435913525369,47.30681064219477,0
2026-01-01 10:14:30,5.315266872231303,24.907515983938453,49.21526357741119,0
2026-01-01 10:14:40,5.5462226542099025,24.79879712907847,48.755277203081235,0
2026-01-01 10:14:50,5.645424928322866,25.266182076887663,50.49797563168454,0
2026-01-01 10:15:00,5.874036454077043,25.632992746801335,52.10616738259973,0
2026-01-01 10:15:10,6.171474273035127,25.901597807699897,52.4970819410032,0
2026-01-01 10:15:20,6.237931832581278,26.382888430453345,53.45028649720749,0
2026-01-01 10:15:30,6.164299933765325,25.441085942953258,53.092180841071674,0
2026-01-01 10:15:40,6.624948405296301,26.48768503223507,52.74952585639652,0
2026-01-01 10:15:50,6.812551054336733,26.740405805978266,55.275403562758534,0
2026-01-01 10:16:00,6.916478435329291,26.560156817359257,54.87333126922153,0
2026-01-01 10:16:10,7.1571092639796055,26.975004084922457,55.67286295336173,0
2026-01-01 10:16:20,7.675087936400643,26.547060327454943,56.43453541386435,1
2026-01-01 10:16:30,7.1790538902446555,27.315252764401297,55.38436969511476,1
2026-01-01 10:16:40,7.753853254584985,27.701635100523422,58.26735443742625,1
2026-01-01 10:16:50,7.6046018835055875,27.814892955169807,58.995373065291766,1
2026-01-01 10:17:00,8.023736642399195,27.76326415593868,59.15185913097726,1
2026-01-01 10:17:10,3.323321225307662,22.065548560694584,40.494450299211685,0
2026-01-01 10:17:20,3.140161107848329,22.507780289369435,39.47519439501559,0
2026-01-01 10:17:30,2.8066341204327028,21.750463900525094,39.58456135865925,0
2026-01-01 10:17:40,2.726724580935889,22.39742041092506,39.5691907303251,0
2026-01-01 10:17:50,2.439581147607714,21.736840604570105,41.560963664199505,0
2026-01-01 10:18:00,3.1733496865919775,22.433376521339152,40.28447109551798,0
2026-01-01 10:18:10,2.3893561714346467,22.373724695068308,39.35139821908306,0
2026-01-01 10:18:20,3.0874000929956398,23.046909335588783,37.76285989351596,0
2026-01-01 10:18:30,3.0363875492700245,22.057435930191797,38.78031385923042,0
2026-01-01 10:18:40,3.0163381107889333,22.344605555267517,40.32332500096794,0
2026-01-01 10:18:50,2.677411829000877,21.6563690734539,40.04123145004122,0
2026-01-01 10:19:00,3.046544105604741,22.122260101190758,41.05637964253138,0
2026-01-01 10:19:10,3.0929579833103045,22.10426246188208,41.9763112285261,0
2026-01-01 10:19:20,2.8786404779245225,22.388027115473008,43.17190026686251,0
2026-01-01 10:19:30,3.2988367980756945,21.397888329535423,40.60230795357881,0
2026-01-01 10:19:40,3.416157213955902,21.70775618344743,39.87193798004096,0
2026-01-01 10:19:50,3.252082636202928,22.57604404802767,40.52863437157647,0
2026-01-01 10:20:00,3.0602355511174975,21.32961761165366,40.209493191529745,0
2026-01-01 10:20:10,3.0165912555915666,21.669685149898196,41.13916326073387,0
2026-01-01 10:20:20,3.1147622461485205,22.403105230260625,39.06263505636538,0
2026-01-01 10:20:30,2.9346697426368116,22.172338402067897,40.35481329042229,0
2026-01-01 10:20:40,3.159614951545751,22.28441359210469,38.39287091243188,0
2026-01-01 10:20:50,3.57516311671239,21.550839537569267,42.501696899506776,0
2026-01-01 10:21:00,3.1130951102779787,21.27823691100117,38.6482899231972,0
2026-01-01 10:21:10,2.7824143563668713,22.18130961685327,39.25271211894784,0
2026-01-01 10:21:20,2.663797329736201,22.093899351363273,38.67986501901828,0
2026-01-01 10:21:30,2.4848579690797377,21.710034338493802,41.060432514880816,0
2026-01-01 10:21:40,3.025076209615343,22.2389441918932,41.42824033528619,0
2026-01-01 10:21:50,3.188488415726282,22.683883211470206,41.81484094002866,0
2026-01-01 10:22:00,3.359699244496648,22.34979853135929,39.051322909073704,0
2026-01-01 10:22:10,2.6082000282794313,20.766975129942704,40.60214448905119,0
2026-01-01 10:22:20,3.3902733712249673,22.20202506651342,41.46690281243065,0
2026-01-01 10:22:30,2.8531215352653683,21.566561382130985,41.55757905573945,0
2026-01-01 10:22:40,3.353621932801575,22.70933402280173,40.016929334740475,0
2026-01-01 10:22:50,3.0095246272871377,21.790132487773853,41.141788559052266,0
2026-01-01 10:23:00,2.831371856955544,22.663767799543283,41.61851704362031,0
2026-01-01 10:23:10,2.768187401960706,22.020365478214188,40.25560149109302,0
2026-01-01 10:23:20,2.693953433241934,21.713829791769303,39.35562753161243,0
2026-01-01 10:23:30,2.5925969822875485,22.2398314511255,38.70923901024204,0
2026-01-01 10:23:40,2.6499512145236674,21.943229630557248,38.684498255902135,0
2026-01-01 10:23:50,2.9370078115879426,22.041816898219686,39.782971358886485,0
2026-01-01 10:24:00,2.823421504631318,22.647130689427193,38.7895326000401,0
2026-01-01 10:24:10,2.9285942758653327,20.81265262790566,42.02431947075061,0
2026-01-01 10:24:20,3.154462570898838,22.273054752485155,40.51813572856071,0
2026-01-01 10:24:30,2.697646035279857,21.63176670966541,42.27443267583402,0
2026-01-01 10:24:40,3.0945994411933273,22.40055325826426,39.61910753498363,0
2026-01-01 10:24:50,2.9764170594740227,22.066801168678296,41.10002201076727,0
2026-01-01 10:25:00,3.0608195064719066,21.56839021629284,40.18349002924728,0
2026-01-01 10:25:10,3.4283587146255887,22.72671729466495,42.02151712826894,0
2026-01-01 10:25:20,3.2302883286802064,22.296208915588974,38.31044440578252,0
2026-01-01 10:25:30,3.1943414915852473,22.027601400294824,38.77362761983346,0
2026-01-01 10:25:40,3.00982429425882,21.38095379465618,40.90806783372028,0
2026-01-01 10:25:50,3.159087707719783,22.144763134544394,38.16645578949362,0
2026-01-01 10:26:00,3.2253363572341445,21.24389592132513,41.22829609837766,0
2026-01-01 10:26:10,3.2369478211253058,21.746876960311127,42.109348538893826,0
2026-01-01 10:26:20,2.833054568958367,21.653997399930642,37.145285191039484,0
2026-01-01 10:26:30,3.162127200759129,22.465312853117684,39.9628968687964,0
2026-01-01 10:26:40,2.6079043622592217,21.714960367235282,40.661382564123834,0
2026-01-01 10:26:50,2.232337130943799,21.882627439074675,39.40086282852097,0
2026-01-01 10:27:00,2.6249733974718232,21.355154587389823,39.05044689915748,0
2026-01-01 10:27:10,3.316998584778308,21.4727631856818,40.91471877981213,0
2026-01-01 10:27:20,2.3725044289906876,22.74064363081578,39.107351888428255,0
2026-01-01 10:27:30,3.2156124877728356,22.821923927455458,41.7235220440786,0
2026-01-01 10:27:40,3.116334362808716,22.48503383278942,39.38546068555998,0
2026-01-01 10:27:50,3.4666844884388177,22.18449130459952,39.22684770297792,0
2026-01-01 10:28:00,3.125835971574911,21.511272013410803,41.381848035793084,0
2026-01-01 10:28:10,3.2618468335716626,23.19029156829046,42.74735917709696,0
2026-01-01 10:28:20,3.3311531071325904,22.93567601074282,42.18066965868758,0
2026-01-01 10:28:30,3.5462214337026916,22.10219126223107,40.57646485902977,0
2026-01-01 10:28:40,3.6675407169832597,22.651390611963016,42.89185589146369,0
2026-01-01 10:28:50,4.107807299520593,23.259487461751302,42.63704725042141,0
2026-01-01 10:29:00,4.184991578901152,22.925785803747843,42.85775974801555,0
2026-01-01 10:29:10,4.242994080207074,23.155649222315272,44.024820883901356,0
2026-01-01 10:29:20,4.532127746148428,23.79729010730231,44.96152765255,0
2026-01-01 10:29:30,4.174980206256428,23.579451306979912,47.942078010165204,0
2026-01-01 10:29:40,4.859974749666549,24.427077285306083,46.922691411568536,0
2026-01-01 10:29:50,4.763123681838889,24.471557770211565,48.61517236192863,0
2026-01-01 10:30:00,4.904051620940887,24.18603855910659,46.47874036032174,0
2026-01-01 10:30:10,5.018981665477894,24.800675662903117,48.07040578212172,0
2026-01-01 10:30:20,5.519679343527503,25.390152488840943,49.35815388795814,0
2026-01-01 10:30:30,5.496746047818067,25.164583458136352,49.425597529395006,0
2026-01-01 10:30:40,5.53720254636636,25.014747692930904,49.52108913123191,0
2026-01-01 10:30:50,6.013290703485937,25.251026013878022,52.44472025876459,0
2026-01-01 10:31:00,6.10585659840623,25.593165810866477,52.809628278062156,0
2026-01-01 10:31:10,5.977974350927797,25.565878716686846,53.380264155223976,0
2026-01-01 10:31:20,5.894198845068184,26.004383354090116,53.92383565212861,0
2026-01-01 10:31:30,6.76217654533774,26.654643899706283,53.86971375071608,0
2026-01-01 10:31:40,6.820719972363287,26.158694952650368,54.223180227648406,0
2026-01-01 10:31:50,7.106865436063567,26.588028706523286,55.49301109516416,0
2026-01-01 10:32:00,6.793372751984286,26.926770149402273,56.754054284845715,0
2026-01-01 10:32:10,7.3112712474127015,26.63659165981514,57.6666110099777,1
2026-01-01 10:32:20,7.133713201286228,27.192075500273887,55.7152141629398,1
2026-01-01 10:32:30,7.464106328464806,27.098924059551567,57.55114284032529,1
2026-01-01 10:32:40,7.6786487546035636,27.848167442062127,59.459570133358966,1
2026-01-01 10:32:50,7.365874075884376,28.00349548194025,59.53960973917823,1
2026-01-01 10:33:00,2.9391228130397318,21.978101441729514,39.368521197980236,0
2026-01-01 10:33:10,3.0270124751600873,20.990311327871552,39.257045136094874,0
2026-01-01 10:33:20,3.215499462958274,21.95952094907299,42.851247722598615,0
2026-01-01 10:33:30,3.102259379774466,21.83351295204027,39.18425641910816,0
2026-01-01 10:33:40,3.0119720083559285,21.542883722001438,38.84969571232313,0
2026-01-01 10:33:50,2.4645168092424425,22.05736874748603,38.190384499068806,0
2026-01-01 10:34:00,3.090052514785356,21.20826812200144,39.7941824454337,0
2026-01-01 10:34:10,3.16902298524664,21.584190129711608,39.50773730973827,0
2026-01-01 10:34:20,2.808980832267583,22.06952941009794,43.461532341603174,0
2026-01-01 10:34:30,2.776890024928445,22.50150960719924,39.102905014526755,0
2026-01-01 10:34:40,2.2887343880080686,21.78757633184853,41.22747060447994,0
2026-01-01 10:34:50,2.91177170748341,22.1112037139546,38.37788822805808,0
2026-01-01 10:35:00,2.759633892056135,22.182481327660696,39.39692604958781,0
2026-01-01 10:35:10,3.2235560645681485,22.47362762337755,40.132471824197864,0
2026-01-01 10:35:20,3.0333202419586898,21.30570642522095,43.662682877994655,0
2026-01-01 10:35:30,2.8595626398611427,22.1509457464541,39.695980487393236,0
2026-01-01 10:35:40,3.4757037519302276,22.382375224071325,42.915376131066346,0
2026-01-01 10:35:50,3.01663600054731,21.712096462109248,39.74787852339278,0
2026-01-01 10:36:00,3.1325726766492608,22.068004087592083,40.43152306551358,0
2026-01-01 10:36:10,3.502538981907068,23.078195483787635,38.575541882363865,0
2026-01-01 10:36:20,3.3459509095364535,21.8773247137918,40.344464583351694,0
2026-01-01 10:36:30,2.6045171123910174,22.89232730872446,40.20429379420825,0
2026-01-01 10:36:40,3.270529406382085,21.97174640813921,39.77690561827391,0
2026-01-01 10:36:50,3.1441833645745785,22.12985589645866,42.18930726231691,0
2026-01-01 10:37:00,3.5346072338104415,21.85244675882519,39.95573860207139,0
2026-01-01 10:37:10,3.4390306962782984,21.09954591039596,41.764026537676095,0
2026-01-01 10:37:20,3.4453302115320685,21.729464113694583,39.77305144034544,0
2026-01-01 10:37:30,3.0770055692674436,22.18736614327551,38.72519249289021,0
2026-01-01 10:37:40,3.3841056062511408,22.616582877932903,38.715872691998634,0
2026-01-01 10:37:50,3.033380555750247,22.663374362803797,41.57213909327226,0
2026-01-01 10:38:00,3.199962759594789,22.269507533734505,38.60842856157345,0
2026-01-01 10:38:10,3.0578396377518806,22.003549383540964,42.63591132560822,0
2026-01-01 10:38:20,3.090537579195862,21.79500264364764,38.26804457667291,0
2026-01-01 10:38:30,2.7358180620655053,21.192615028611193,41.29855176825192,0
2026-01-01 10:38:40,3.2563881931652108,21.734735049676285,39.126599406236835,0
2026-01-01 10:38:50,2.861407320608615,21.648403194721556,40.8636950693364,0
2026-01-01 10:39:00,3.1392791229707377,22.227197815809696,41.764338560137794,0
2026-01-01 10:39:10,2.6146884073472405,21.8439181976159,40.00857116582918,0
2026-01-01 10:39:20,2.985975163829189,21.680102844755787,37.76906531018886,0
2026-01-01 10:39:30,2.371668741985529,22.517276707480864,38.953404226005425,0
2026-01-01 10:39:40,2.742168543961407,22.56673363285552,42.435765616403884,0
2026-01-01 10:39:50,2.4147298599631855,22.219014487712798,40.1974310334834,0
2026-01-01 10:40:00,2.12645881658482,21.422143498772634,41.16240416066271,0
2026-01-01 10:40:10,3.6057597758133793,22.14607916336457,40.83179285503271,0
2026-01-01 10:40:20,3.644471760587292,21.765262928190324,37.000020159534564,0
2026-01-01 10:40:30,2.3705437610186397,21.981582506251318,38.0402010375067,0
2026-01-01 10:40:40,3.0549725731376154,21.283739602817313,38.8702166308173,0
2026-01-01 10:40:50,2.9113557558297654,21.639408084456626,41.94987846709272,0
2026-01-01 10:41:00,2.688802140509597,21.68617320295899,41.81248492892085,0
2026-01-01 10:41:10,3.0734353858810497,21.878418374771783,40.217680499391406,0
2026-01-01 10:41:20,2.1138529543798126,21.7907582772462,38.70014416836175,0
2026-01-01 10:41:30,3.1047036805884236,22.586952804214196,44.443320796630815,0
2026-01-01 10:41:40,2.8110341287281857,22.139166431248352,42.67095789921656,0
2026-01-01 10:41:50,3.548868778896372,22.088219562758088,38.91575855479214,0
2026-01-01 10:42:00,3.466006409716768,22.015919781646407,38.99892391845981,0
2026-01-01 10:42:10,3.108039285383269,22.180759034446588,41.181037070041505,0
2026-01-01 10:42:20,2.705069055856755,21.595763758736563,39.618438374460155,0
2026-01-01 10:42:30,3.221051137231554,21.61173289304689,40.39039409486646,0
2026-01-01 10:42:40,3.2641459380672395,22.13322337402682,39.52708271882178,0
2026-01-01 10:42:50,3.0694556316139385,21.828027211630317,42.14210621785373,0
2026-01-01 10:43:00,3.12809510515863,21.738174023361708,40.16550314973907,0
2026-01-01 10:43:10,3.3323469847250404,21.468126957042948,38.112447108542675,0
2026-01-01 10:43:20,3.178596986367799,21.437656125653813,39.5531569828847,0
2026-01-01 10:43:30,3.1854867909932123,22.199325768181296,41.04671070360048,0
2026-01-01 10:43:40,2.9327277133355443,21.91566611253817,43.35314115213544,0
2026-01-01 10:43:50,3.2427932711793903,21.51565038675293,40.56239930267152,0
2026-01-01 10:44:00,2.7571299593731284,22.760765259465,39.21694856523737,0
2026-01-01 10:44:10,3.5757843900433377,21.696917999450957,37.49473271137566,0
2026-01-01 10:44:20,3.2769261877350386,22.180308166874507,39.375527113983956,0
2026-01-01 10:44:30,2.960005258044568,21.76235192458204,39.43599526440554,0
2026-01-01 10:44:40,2.7336111190195136,22.411153556573364,37.25775260810929,0
2026-01-01 10:44:50,3.4852076092335165,22.48364792398024,38.63118997386914,0
2026-01-01 10:45:00,3.335289732481187,22.200740819743956,41.63029523458275,0
2026-01-01 10:45:10,2.4850507268568403,21.792986604434724,42.1038721255646,0
2026-01-01 10:45:20,3.2536219670346167,22.214342776995455,38.70653959575448,0
2026-01-01 10:45:30,2.8239125370071148,22.3193908041781,40.77923331122202,0
2026-01-01 10:45:40,3.3881453072444176,21.689806940526235,40.18730141529322,0
2026-01-01 10:45:50,2.7652376141020665,21.758430962502512,39.49772390558323,0
2026-01-01 10:46:00,2.756802733290398,21.624378742519212,39.883137930503025,0
2026-01-01 10:46:10,3.2831104903199524,22.184009079517725,40.37713241110697,0
2026-01-01 10:46:20,3.6450932379993635,21.598118055717283,41.6253227849918,0
2026-01-01 10:46:30,2.7834910637953674,21.423951548368237,39.69362603188103,0
2026-01-01 10:46:40,2.7031022137466194,21.633344522654582,39.832968396421734,0
2026-01-01 10:46:50,2.9369533187427375,21.96820082165256,38.41770485526462,0
2026-01-01 10:47:00,2.86994645363894,22.223864628129746,39.16177556239481,0
2026-01-01 10:47:10,3.2006893445154545,21.610589676541018,39.73726531846066,0
2026-01-01 10:47:20,2.823392490159218,21.794480098916786,42.05912449937331,0
2026-01-01 10:47:30,2.619374697719615,20.982369792506375,38.4834417058987,0
2026-01-01 10:47:40,2.9701347950445096,21.748760865968087,41.0301632335715,0
2026-01-01 10:47:50,3.2758225286260942,21.92365027905849,37.51163412567507,0
2026-01-01 10:48:00,3.301446507527374,21.830625366728288,38.89410748541206,0
2026-01-01 10:48:10,3.6833066778092793,22.003245879388885,40.11729269754014,0
2026-01-01 10:48:20,3.3416731834440143,21.109625832816768,38.81867283905694,0
2026-01-01 10:48:30,2.8590126380480547,22.05349277063814,37.15103324373215,0
2026-01-01 10:48:40,3.163096238484182,22.640759516635992,38.81753610283756,0
2026-01-01 10:48:50,2.7389510526660295,21.331136194542204,39.029686146894605,0
2026-01-01 10:49:00,3.6430334455630944,21.89736206568419,40.22048842643283,0
2026-01-01 10:49:10,2.591069075825522,22.60263393845343,40.2125570749809,0
2026-01-01 10:49:20,3.407787427300953,21.592012512492925,40.24084317744613,0
2026-01-01 10:49:30,3.169144967815951,21.726113538260773,40.467163126943504,0
2026-01-01 10:49:40,2.282405433133158,22.138784118753794,39.77125048253512,0
2026-01-01 10:49:50,2.829998822111568,21.991389541724473,39.38990292772723,0
2026-01-01 10:50:00,2.6042414841696604,21.22741908436151,38.30655510230025,0
2026-01-01 10:50:10,3.717903688430036,22.01985750542701,39.6735221638224,0
2026-01-01 10:50:20,2.9455017218442587,21.901042824021026,41.75079397503864,0
2026-01-01 10:50:30,2.8528212774289705,22.037226710512623,41.013342846857356,0
2026-01-01 10:50:40,3.373667044405088,21.766236090124703,41.58720416885113,0
2026-01-01 10:50:50,2.9062267723815927,23.075205716196425,40.95890492121669,0
2026-01-01 10:51:00,3.131401577555618,22.208001752320325,39.3238232603598,0
2026-01-01 10:51:10,3.6258792302424245,22.13029001369745,41.28221055347704,0
2026-01-01 10:51:20,3.364519681677492,22.760355515841475,37.61765935193827,0
2026-01-01 10:51:30,2.739350553633087,21.299214586117767,42.70277203845384,0
2026-01-01 10:51:40,3.0575981365866802,22.63689002945951,39.72210112760446,0
2026-01-01 10:51:50,2.8175282555806382,21.685588690238706,41.702569842804536,0
2026-01-01 10:52:00,2.413474165824555,21.632953604357468,42.130406627901195,0
2026-01-01 10:52:10,3.0561206813929798,21.448433380513066,37.08794030652599,0
2026-01-01 10:52:20,3.041327521552211,21.82344899868215,40.1511442343524,0
2026-01-01 10:52:30,2.9436918205734703,22.073367783608482,37.90176000975765,0
2026-01-01 10:52:40,3.4122407472450327,21.887590721089577,38.24277530504352,0
2026-01-01 10:52:50,2.9619036560385057,22.236936307928556,38.8333267544434,0
2026-01-01 10:53:00,3.3488968787032016,21.93876779820744,41.073413601959636,0
2026-01-01 10:53:10,2.8820290772511465,22.687059074672323,40.51176944350503,0
2026-01-01 10:53:20,3.239594462157343,22.368774640514143,41.384550155853596,0
2026-01-01 10:53:30,3.165376776700413,21.720578780246914,36.3600730596532,0
2026-01-01 10:53:40,2.8887906254351456,22.24496466116615,40.82621925277526,0
2026-01-01 10:53:50,2.9394161793740943,22.207964028934633,38.47053199638244,0
2026-01-01 10:54:00,3.1654309614526634,22.29032845921552,40.52393915853131,0
2026-01-01 10:54:10,2.918665455491427,21.870691224113894,41.10928720120644,0
2026-01-01 10:54:20,2.4762092902575055,21.927103270328583,41.032654779812006,0
2026-01-01 10:54:30,3.101934906641769,22.22904615682273,40.68014273383353,0
2026-01-01 10:54:40,3.7028571024862225,22.057906196447057,38.43371923170397,0
2026-01-01 10:54:50,3.2543786260065843,21.98036831830927,40.95373135472143,0
2026-01-01 10:55:00,3.252324461581925,22.491491222091568,41.52559831595523,0
2026-01-01 10:55:10,3.0376675567420732,22.356576018693666,40.66609896688504,0
2026-01-01 10:55:20,3.1001835143997116,21.848036813383768,40.83306948422465,0
2026-01-01 10:55:30,3.258025520322846,22.299312258859437,40.482904666284455,0
2026-01-01 10:55:40,2.585094657376658,21.162728791043538,42.26212427521603,0
2026-01-01 10:55:50,3.153424576506564,22.476799566212915,42.00050461172193,0
2026-01-01 10:56:00,2.524701726645481,22.569713365709543,40.23802498542809,0
2026-01-01 10:56:10,2.8811748101762196,22.78637834080262,39.477103425197754,0
2026-01-01 10:56:20,2.9417759603000717,22.51139408298067,37.92421147150623,0
2026-01-01 10:56:30,2.8209682570897154,21.587876939770663,40.30692733838569,0
2026-01-01 10:56:40,3.5058020849311333,22.96465607671543,40.214930007823035,0
2026-01-01 10:56:50,2.7729658898937397,21.952868112962697,39.32711406782491,0
2026-01-01 10:57:00,2.8995680025885515,21.72155317946148,38.260696674324265,0
2026-01-01 10:57:10,2.915992730123469,21.341521479848517,40.19428311740483,0
2026-01-01 10:57:20,3.242953818335828,21.940628239574327,41.237052611179145,0
2026-01-01 10:57:30,3.1757438950663968,21.35784678917608,41.93985557852441,0
2026-01-01 10:57:40,3.528989640089871,21.89707339976429,35.777314465141224,0
2026-01-01 10:57:50,2.939109497055634,21.080425664334914,40.11981408140534,0
2026-01-01 10:58:00,3.098568934556255,21.909607381862376,38.067472871193935,0
2026-01-01 10:58:10,2.678847559609374,21.884945015585195,39.81150192209122,0
2026-01-01 10:58:20,2.719617326222931,22.47846008861045,42.19630190878538,0
2026-01-01 10:58:30,3.355423169612004,21.93773698468404,41.37501056777077,0
2026-01-01 10:58:40,2.7948419389960693,21.269795156406115,41.58556512874805,0
2026-01-01 10:58:50,2.7912510160823176,22.32253280762357,40.89890750630912,0
2026-01-01 10:59:00,2.815405835377888,22.743140060516264,40.064688146429575,0
2026-01-01 10:59:10,3.090579505535611,22.41133535078315,38.34891670050476,0
2026-01-01 10:59:20,2.763194290229227,21.424629312489838,38.09511536900868,0
2026-01-01 10:59:30,3.358840115127332,21.730546969427795,38.62298760232795,0
2026-01-01 10:59:40,3.4351020776277186,21.551139775405435,38.909507761424415,0
2026-01-01 10:59:50,2.769369951431792,22.602493294158755,40.50985739449858,0
2026-01-01 11:00:00,2.825893499144181,22.778931394761713,40.401544381537995,0
2026-01-01 11:00:10,3.255933079334922,22.290064053361363,37.28493531620797,0
2026-01-01 11:00:20,3.4354126383211145,22.102131268698017,38.727450195365364,0
2026-01-01 11:00:30,2.8249971201364534,22.709193540838807,41.03381030447361,0
2026-01-01 11:00:40,2.8365389787529462,22.055277099116527,40.444200384828406,0
2026-01-01 11:00:50,2.8235540624038293,22.384140060942787,40.744031595281875,0
2026-01-01 11:01:00,2.9837236191407555,21.481234954691207,41.306226327795194,0
2026-01-01 11:01:10,3.223053201100379,21.73365963092654,39.116973034743644,0
2026-01-01 11:01:20,2.7438213256285926,22.45531257795583,40.464124277713076,0
2026-01-01 11:01:30,2.8307091162568123,21.899293269171853,39.642331499275656,0
2026-01-01 11:01:40,2.477470766285009,22.456005314560315,41.45595050891716,0
2026-01-01 11:01:50,2.618023364457942,21.59596541645618,40.24177738337779,0
2026-01-01 11:02:00,2.871649735284638,22.801178833630516,39.33951147298571,0
2026-01-01 11:02:10,2.7575208524799226,21.686359450599358,37.50541672767922,0
2026-01-01 11:02:20,3.43404685203346,22.09759447519906,40.28788300755417,0
2026-01-01 11:02:30,3.6396439380431103,21.5999329794205,40.62135162895229,0
2026-01-01 11:02:40,3.376781112004709,22.229824687014688,41.68662122495633,0
2026-01-01 11:02:50,3.3638951785648112,21.856026731407656,39.81825116079549,0
2026-01-01 11:03:00,2.984486066607586,21.650895571684586,40.247435313113535,0
2026-01-01 11:03:10,3.3396290642504067,21.15114663493021,38.77465586773279,0
2026-01-01 11:03:20,3.141260657812614,22.3951337685232,40.6695613671378,0
2026-01-01 11:03:30,2.807930851359596,21.819589552553836,39.35797111643695,0
2026-01-01 11:03:40,3.5467390028981374,21.621279962327467,42.6625555316912,0
2026-01-01 11:03:50,3.009535171461192,21.642787799236594,37.91522940091412,0
2026-01-01 11:04:00,2.5575664376284815,21.93419418728153,38.71424143916244,0
2026-01-01 11:04:10,3.147544320326389,22.410005878445983,41.057649605357106,0
2026-01-01 11:04:20,2.7423467165103124,21.5671367456688,38.231963302305616,0
2026-01-01 11:04:30,3.1056115838874363,22.43180940642007,41.0377431869676,0
2026-01-01 11:04:40,2.7077819529245337,21.219302956395822,40.68261336358056,0
2026-01-01 11:04:50,2.9668796508295237,21.79881159563735,38.09831715360752,0
2026-01-01 11:05:00,2.8042206272005537,22.927006492478743,40.87510737369729,0
2026-01-01 11:05:10,3.202831091489145,22.173492957611206,40.91836270217166,0
2026-01-01 11:05:20,3.1617124490258277,21.871195211753037,40.258088383549385,0
2026-01-01 11:05:30,2.8234915307079667,21.511332159102714,40.02074529958554,0
2026-01-01 11:05:40,2.7628128026181145,21.887075183230028,38.58444185285489,0
2026-01-01 11:05:50,2.848494818776447,21.54170468677918,38.13702196007776,0
2026-01-01 11:06:00,3.400531385180587,22.375444431450198,40.756140747915914,0
2026-01-01 11:06:10,3.0460947387889856,22.699272183227706,41.43689029800436,0
2026-01-01 11:06:20,3.012398049563101,22.221986865999444,42.01531975993308,0
2026-01-01 11:06:30,2.8128851895250824,21.702656295349755,40.77327345102264,0
2026-01-01 11:06:40,2.9307407666406196,21.396556218248115,40.369275916443954,0
2026-01-01 11:06:50,2.7245051588014797,22.421059755459105,39.29097341734451,0
2026-01-01 11:07:00,3.065276201569112,22.40831120827984,40.03889451623624,0
2026-01-01 11:07:10,3.2089427975958595,22.554868481663377,39.12221175758311,0
2026-01-01 11:07:20,3.4373686176533877,22.39652306470435,41.899390792165406,0
2026-01-01 11:07:30,3.4033032183192367,22.354618812872058,42.1405089042856,0
2026-01-01 11:07:40,3.996504931333559,23.05827303136244,42.15897389648657,0
2026-01-01 11:07:50,3.565138926137077,22.495379814890665,44.64943278518382,0
2026-01-01 11:08:00,3.8089835423728347,23.102345976101518,45.32121112607758,0
2026-01-01 11:08:10,3.8438863755708685,23.847679352842515,44.41302621277416,0
2026-01-01 11:08:20,4.103616670285585,23.525794721855327,44.61073655193186,0
2026-01-01 11:08:30,4.588163959781143,23.605560269833667,44.08835778908096,0
2026-01-01 11:08:40,4.622554159784868,23.593036484314037,46.87098655065498,0
2026-01-01 11:08:50,4.595907266876668,24.053596159048375,47.51592113754767,0
2026-01-01 11:09:00,4.957508254993146,24.475129084900313,48.68028716571776,0
2026-01-01 11:09:10,4.935079926720405,24.58068073781259,45.33716286915854,0
2026-01-01 11:09:20,5.382799993669838,24.70975576088755,48.349883569855365,0
2026-01-01 11:09:30,5.563143884459305,25.35180927315552,49.523982252401055,0
2026-01-01 11:09:40,5.477703768618322,25.249507578731613,49.3310600000203,0
2026-01-01 11:09:50,5.701257059226225,25.76672064849515,51.395512563145616,0
2026-01-01 11:10:00,5.624106607210766,25.06090250581618,52.16208569264678,0
2026-01-01 11:10:10,6.339144781850203,25.314713562412155,53.11637927416317,0
2026-01-01 11:10:20,6.599402034831277,26.56635769638759,53.664556093193205,0
2026-01-01 11:10:30,6.601360518910495,25.560044671711555,56.09975254799599,0
2026-01-01 11:10:40,6.551568624047442,26.119958652472487,54.41146053222704,0
2026-01-01 11:10:50,7.1356680161704205,27.262413814263066,55.45874201280918,0
2026-01-01 11:11:00,7.199616834520731,26.81296121460565,54.962204526981814,0
2026-01-01 11:11:10,7.462015400824325,26.813361755893084,58.20219744003855,1
2026-01-01 11:11:20,7.593041599287151,27.38421087918716,59.16230808958769,1
2026-01-01 11:11:30,7.946469206637148,27.347426991110705,57.19120588158357,1
2026-01-01 11:11:40,7.293812699215373,28.273404676629077,58.22698465774822,1
2026-01-01 11:11:50,8.060340704753681,27.577623389747156,60.871598974245366,1
2026-01-01 11:12:00,2.8308250591157367,21.917405609413574,39.297130435674525,0
2026-01-01 11:12:10,2.39763042787078,22.25108095782077,39.56346779037206,0
2026-01-01 11:12:20,3.0254844235099885,21.4472025795301,39.54872087655619,0
2026-01-01 11:12:30,3.034169975670955,21.206495116218782,39.219686479818876,0
2026-01-01 11:12:40,2.62734102161343,22.016327426555772,39.52636474417122,0
2026-01-01 11:12:50,3.180432478083182,22.96734230142898,39.95325945279778,0
2026-01-01 11:13:00,2.8785511076765005,22.787975164825966,41.68719996546683,0
2026-01-01 11:13:10,2.9408143250971683,20.699866609521717,43.16813399087936,0
2026-01-01 11:13:20,3.510427122132111,22.337941436010016,38.743429187691916,0
2026-01-01 11:13:30,3.0943423833362242,22.33111008574877,41.203499166826695,0
2026-01-01 11:13:40,2.6418821267172725,22.009608411099936,38.72447935303865,0
2026-01-01 11:13:50,2.880343080866732,22.19820660965796,38.75048761624084,0
2026-01-01 11:14:00,2.6684480756942834,21.9506807814324,38.30064716088725,0
2026-01-01 11:14:10,2.6501315316013927,21.722822707941173,40.86484168076349,0
2026-01-01 11:14:20,3.3548277057658566,22.321312014388695,39.38096476047868,0
2026-01-01 11:14:30,2.8875240983848274,22.481285112916915,39.17566840621062,0
2026-01-01 11:14:40,2.7221842614362206,21.50725651557121,38.59519481946054,0
2026-01-01 11:14:50,3.033073389635754,22.43883012256505,37.831900244828866,0
2026-01-01 11:15:00,3.2429207249384384,22.023502155175635,40.69773099224038,0
2026-01-01 11:15:10,2.609945327007088,22.21005786351531,42.03957731950135,0
2026-01-01 11:15:20,2.9339977652682374,22.29576072600928,40.771798699512715,0
2026-01-01 11:15:30,2.6001544108981856,21.752160007958523,35.77254357069673,0
2026-01-01 11:15:40,2.8393055782416825,22.12803102487083,40.62272159939475,0
2026-01-01 11:15:50,3.0679564620725004,22.350485031728667,41.48544932064929,0
2026-01-01 11:16:00,3.633806216143173,22.337036977075527,41.94663056768086,0
2026-01-01 11:16:10,2.9775478091620227,22.143794375909543,40.623069433758985,0
2026-01-01 11:16:20,3.334754182480994,21.84030631228116,37.53163441160088,0
2026-01-01 11:16:30,2.9809277168384196,22.1720356624687,38.794263027635886,0
2026-01-01 11:16:40,3.205326816013118,22.264052631780334,41.6082787561454,0
2026-01-01 11:16:50,3.11733217327227,22.1892181091352,40.151990765290705,0
2026-01-01 11:17:00,2.9596454616530155,22.242046133815577,38.42029223515063,0
2026-01-01 11:17:10,3.023783074631031,22.465161029017654,39.77926704217471,0
2026-01-01 11:17:20,3.1590929808743877,22.002655204152443,40.21008895917437,0
2026-01-01 11:17:30,3.1022303027182314,22.2227791529362,38.780465721746765,0
2026-01-01 11:17:40,3.095511735017589,21.777745644729595,39.845594112281354,0
2026-01-01 11:17:50,2.6571107838244328,22.718701386170597,40.659228741993644,0
2026-01-01 11:18:00,2.1208124182567527,22.51011239728725,41.54092925460953,0
2026-01-01 11:18:10,2.912984465014735,22.350262545291294,38.700989936526064,0
2026-01-01 11:18:20,2.865287942180256,22.362129238430114,39.813908983095565,0
2026-01-01 11:18:30,3.0165226914944134,22.422412148626286,39.21582817515074,0
2026-01-01 11:18:40,3.3879292563723276,21.937710991413063,40.45098917332895,0
2026-01-01 11:18:50,3.541907147811767,22.099836990429754,39.77924252822734,0
2026-01-01 11:19:00,2.9617121464048544,21.92630160845838,41.809128831099635,0
2026-01-01 11:19:10,3.003704906995715,22.266942113781873,40.27166843333414,0
2026-01-01 11:19:20,2.965246118295524,22.392455661428674,40.631990604273405,0
2026-01-01 11:19:30,2.9323788018783357,21.171890582194642,40.0617692754234,0
2026-01-01 11:19:40,2.6792647017903537,21.824792575282764,37.31057413407371,0
2026-01-01 11:19:50,3.1402848839832735,21.715723203013194,41.0254274679045,0
2026-01-01 11:20:00,3.1844395231080154,21.36250965761796,39.3865012311601,0
2026-01-01 11:20:10,2.541171683990193,22.096985188689086,40.48563260084724,0
2026-01-01 11:20:20,3.379928111288068,21.591159482414344,40.46418999400518,0
2026-01-01 11:20:30,3.336418205991091,22.17943235170074,42.336518907733364,0
2026-01-01 11:20:40,2.7621206110893493,22.26587442010487,40.96421198326446,0
2026-01-01 11:20:50,3.1769751698530992,21.446613075017606,39.81723158303345,0
2026-01-01 11:21:00,3.15309240187903,22.12860637849102,38.59838372344258,0
2026-01-01 11:21:10,3.1188273014579315,21.987762774307697,40.33689921506239,0
2026-01-01 11:21:20,3.21903182939985,22.342495727839577,42.58827910684675,0
2026-01-01 11:21:30,3.217722022581086,22.513495773480564,40.07031781495497,0
2026-01-01 11:21:40,2.5353061014992373,21.80485153007353,40.6692336069434,0
2026-01-01 11:21:50,3.3512792335786243,21.93326413292243,39.85545807161766,0
2026-01-01 11:22:00,2.9367381740431706,21.85321536218873,39.518537245901214,0
2026-01-01 11:22:10,2.8694463681903652,22.368869382602835,39.80531375619296,0
2026-01-01 11:22:20,3.4495184872256552,22.34416038270222,41.21404010801575,0
2026-01-01 11:22:30,3.088803615941443,22.245642322115874,39.460239308829415,0
2026-01-01 11:22:40,3.170243590241183,21.948050942753046,42.93722834036907,0
2026-01-01 11:22:50,3.2545369369410193,22.239857456290014,41.90754518728384,0
2026-01-01 11:23:00,2.3489342999093683,21.633966499755655,39.1886091571077,0
2026-01-01 11:23:10,3.135190301978042,21.72386475066244,37.30570336699817,0
2026-01-01 11:23:20,2.805204598465075,22.046701927135395,40.67968466306573,0
2026-01-01 11:23:30,2.8062562641725997,22.28876850096335,39.02244377767265,0
2026-01-01 11:23:40,2.882961542707965,21.979541747271345,41.97268800283765,0
2026-01-01 11:23:50,2.696251808938916,21.799341328481418,39.633677439736495,0
2026-01-01 11:24:00,3.3501682143300053,21.629854659467792,40.954642122106414,0
2026-01-01 11:24:10,3.0715074777249454,21.926712547367014,41.983546505135145,0
2026-01-01 11:24:20,3.3496838826262314,22.41304607858114,41.05625744527738,0
2026-01-01 11:24:30,3.3837074881479148,22.546946240712497,38.773100375219414,0
2026-01-01 11:24:40,3.2959284203127304,22.91769546570136,43.849444037138746,0
2026-01-01 11:24:50,4.106044642188479,22.71290045439792,43.52615488369527,0
2026-01-01 11:25:00,3.561304978923001,23.09458315962556,44.82369223884277,0
2026-01-01 11:25:10,4.163167197535646,23.300475662370015,44.65337771879402,0
2026-01-01 11:25:20,4.589902843942538,23.52658950298143,45.40597754637664,0
2026-01-01 11:25:30,4.803878919388269,23.731503432593666,44.36347682360024,0
2026-01-01 11:25:40,4.940348270378401,24.304678442925333,44.45000115065316,0
2026-01-01 11:25:50,4.807296295636899,24.19335119461074,48.70198412023325,0
2026-01-01 11:26:00,4.997123663698079,24.44977545132881,48.19698604998941,0
2026-01-01 11:26:10,5.073448585819645,24.989169106053538,47.87439868070296,0
2026-01-01 11:26:20,5.236243706537299,24.79821907205936,47.99528043279842,0
2026-01-01 11:26:30,5.853081842694636,24.99974332012899,50.82460729192203,0
2026-01-01 11:26:40,5.475169295017746,25.413520310399942,51.4632609693896,0
2026-01-01 11:26:50,6.021507180987992,25.97149995212307,50.775096399749174,0
2026-01-01 11:27:00,5.962670412451682,25.346425298902883,51.90377177151681,0
2026-01-01 11:27:10,6.2994900374155565,25.9830708018014,54.30741892493942,0
2026-01-01 11:27:20,6.43137276170259,26.000168556640762,52.24158390410899,0
2026-01-01 11:27:30,6.673264072964753,26.153051082828494,54.88904177173436,0
2026-01-01 11:27:40,6.581712339843301,26.760212325355106,55.05298363462515,0
2026-01-01 11:27:50,7.031783758484394,26.715743810962593,54.40799696189481,0
2026-01-01 11:28:00,6.926924512828669,26.415875258975024,56.18464585699326,0
2026-01-01 11:28:10,6.874139876086862,27.088162863555045,53.04712949669826,1
2026-01-01 11:28:20,7.4953199363566885,26.868899218709842,56.37941719133742,1
2026-01-01 11:28:30,7.77437451729914,27.4959350621679,58.846335217995886,1
2026-01-01 11:28:40,7.465599685494716,27.888568769607073,58.52920289692766,1
2026-01-01 11:28:50,7.856858130148302,28.24708906750079,58.17043801708553,1
2026-01-01 11:29:00,2.734767257691024,21.938485933941525,39.78486517531161,0
2026-01-01 11:29:10,2.990203228877907,22.47474151620195,40.13763749013328,0
2026-01-01 11:29:20,2.775834807453977,21.661461203394936,41.854929613214466,0
2026-01-01 11:29:30,2.8612065774356106,22.044572933089725,39.72971321550415,0
2026-01-01 11:29:40,3.277447863713021,22.459008246652896,41.22996046352018,0
2026-01-01 11:29:50,3.2838731014845943,21.82680563647472,37.82218957469025,0
2026-01-01 11:30:00,3.205231497280422,22.053833313924898,41.967221228440444,0
2026-01-01 11:30:10,2.657575262331834,21.61791381180149,40.457759774693415,0
2026-01-01 11:30:20,3.0188352938347283,22.222100026766945,39.78549743317578,0
2026-01-01 11:30:30,3.2768919874840576,21.91208029955012,39.002976688470284,0
2026-01-01 11:30:40,3.444739257830894,22.92320307022272,40.33728839316344,0
2026-01-01 11:30:50,3.744438836021359,22.613027022644925,40.66430847830692,0
2026-01-01 11:31:00,3.440365606396234,22.804735432008197,42.26220437874256,0
2026-01-01 11:31:10,3.5707507379816854,22.49178821563238,42.48661400540683,0
2026-01-01 11:31:20,4.038761801666223,23.198079774219057,43.49876204249992,0
2026-01-01 11:31:30,4.207044105524964,23.712008015958805,45.06079317710081,0
2026-01-01 11:31:40,4.309071599055417,23.87842160199821,44.37348303111704,0
2026-01-01 11:31:50,4.45501609208893,23.73967361931989,44.763046741557154,0
2026-01-01 11:32:00,4.582691834209794,23.377512095731408,48.57884471432962,0
2026-01-01 11:32:10,4.645850575646071,24.675834239426393,47.371417839052825,0
2026-01-01 11:32:20,5.112972826431192,24.253360060494717,48.207929691961674,0
2026-01-01 11:32:30,5.296764594664354,24.799365724318257,49.44144005674103,0
2026-01-01 11:32:40,5.259666791325499,24.655892098252593,47.73915700806573,0
2026-01-01 11:32:50,5.604643802235388,25.324713613397034,51.61598167991793,0
2026-01-01 11:33:00,5.727701193582767,24.970056068127427,48.96957052337721,0
2026-01-01 11:33:10,6.041666679950003,24.86111702996674,50.99272925558956,0
2026-01-01 11:33:20,5.955138634411271,25.579163458644697,52.035802600035844,0
2026-01-01 11:33:30,6.194296177940181,25.075391021376443,52.68132257653679,0
2026-01-01 11:33:40,5.887418218510957,26.2196654219273,52.77820817752972,0
2026-01-01 11:33:50,6.06859265495533,25.955738596784386,53.429924660815345,0
2026-01-01 11:34:00,6.904806590177667,26.458991322525073,55.01111161101724,0
2026-01-01 11:34:10,7.069577660177454,26.571156713622656,56.087521294365736,0
2026-01-01 11:34:20,7.136772222786399,26.414059151929177,57.47298357762983,0
2026-01-01 11:34:30,6.882606310652528,27.275209994843355,55.149593629761036,1
2026-01-01 11:34:40,7.453580690963668,27.75857446344505,57.12035467678312,1
2026-01-01 11:34:50,7.4487288714293705,27.583131999795054,57.670603544037455,1
2026-01-01 11:35:00,8.03032240741523,27.65765767483761,58.34649715844595,1
2026-01-01 11:35:10,7.725276227754196,27.520115458948094,58.70557834657584,1
2026-01-01 11:35:20,3.200334468178856,21.499390098313864,43.237952373752606,0
2026-01-01 11:35:30,2.4623201382648423,22.237008403904348,40.9451619933756,0
2026-01-01 11:35:40,2.8054976447568016,21.929947297744263,41.00825137337852,0
2026-01-01 11:35:50,3.248254264419363,21.896416466092994,37.657182142413355,0
2026-01-01 11:36:00,3.118312153617734,21.086795851030054,40.12137283829068,0
2026-01-01 11:36:10,2.9495384128103654,21.785037448438473,41.16193845291273,0
2026-01-01 11:36:20,3.189614543136317,22.224915567160163,38.0400879600203,0
2026-01-01 11:36:30,3.093292903504267,21.310781588283508,40.46689254950126,0
2026-01-01 11:36:40,3.1423149116945077,21.211635564536124,41.29353424670502,0
2026-01-01 11:36:50,2.8845731990367867,22.603083079725344,39.38699148144094,0
2026-01-01 11:37:00,2.987685644489438,22.102153346154132,41.131470953179836,0
2026-01-01 11:37:10,3.389850230101976,21.56212318238905,40.032439945890346,0
2026-01-01 11:37:20,3.391693910434858,21.411208289188227,39.3666149174179,0
2026-01-01 11:37:30,2.852893021042595,21.66408103706052,39.23334218150682,0
2026-01-01 11:37:40,2.6063853368778855,21.99139160216694,38.80331416851867,0
2026-01-01 11:37:50,3.403828065732982,22.28675181392778,37.16187261162261,0
2026-01-01 11:38:00,3.8150859103016526,21.231074325010866,40.31164881848785,0
2026-01-01 11:38:10,3.1456837740448558,22.881323926103104,40.94822744453616,0
2026-01-01 11:38:20,3.373685493665464,22.186559099699046,37.46613861552595,0
2026-01-01 11:38:30,2.7391895249306213,21.843478758423817,38.549898205184945,0
2026-01-01 11:38:40,2.924063527114256,21.60839114816968,41.142013535190266,0
2026-01-01 11:38:50,3.3697942513145533,22.10530619503016,39.99558188300111,0
2026-01-01 11:39:00,2.836775606694726,21.441206962262243,41.206552794906905,0
2026-01-01 11:39:10,2.971238608121241,21.956666446702165,39.19771851581995,0
2026-01-01 11:39:20,3.0277690660866834,22.173744995935827,42.09078770945402,0
2026-01-01 11:39:30,3.2659916163341216,21.48393303421942,40.9944905530789,0
2026-01-01 11:39:40,3.2737159720926825,22.350241972328767,39.988276124364134,0
2026-01-01 11:39:50,2.640058147785333,22.374534952331732,39.293515284604,0
2026-01-01 11:40:00,3.2639216022659654,21.640390754510094,37.184957337308596,0
2026-01-01 11:40:10,3.154756598407599,22.084952034409397,41.32121028022633,0
2026-01-01 11:40:20,2.5540940094280282,22.09627592891755,38.31288020370343,0
2026-01-01 11:40:30,2.537275138833399,22.217145488143288,39.95889656370024,0
2026-01-01 11:40:40,2.7628202336606194,22.034272444656242,39.271973033821645,0
2026-01-01 11:40:50,2.924493152769284,22.342666047947763,40.2910315067587,0
2026-01-01 11:41:00,3.003067642275824,22.195046146911164,41.55069578727111,0
2026-01-01 11:41:10,3.563756365521939,22.165450551085733,41.485187180339224,0
2026-01-01 11:41:20,2.817836867101266,22.225124387980035,38.306955499589684,0
2026-01-01 11:41:30,3.169290405342572,21.930254865434986,38.911573815155066,0
2026-01-01 11:41:40,3.144264796180148,22.279265768700355,39.542256550085526,0
2026-01-01 11:41:50,3.205112745120748,22.368158464501793,41.6017850159416,0
2026-01-01 11:42:00,3.1351928810171894,21.95274544402439,39.858981633848614,0
2026-01-01 11:42:10,2.988352113403171,22.485953612073214,38.61293217939824,0
2026-01-01 11:42:20,3.453957505296063,22.075911045570553,37.51639823425307,0
2026-01-01 11:42:30,3.1886613763357508,21.92400743060117,40.052131717437774,0
2026-01-01 11:42:40,3.32462525914591,22.05359368957733,39.78353210137485,0
2026-01-01 11:42:50,3.3010910635107344,21.474863890762908,36.71892862753594,0
2026-01-01 11:43:00,2.885352641384303,22.117937425261072,42.024170023807024,0
2026-01-01 11:43:10,3.135313090123767,21.497940373117938,37.80094269782669,0
2026-01-01 11:43:20,3.8395697736092713,21.999738770433783,41.422638656077254,0
2026-01-01 11:43:30,3.2182386583596276,21.819030294076384,38.848739444989285,0
2026-01-01 11:43:40,3.246293268547475,21.24170154263497,40.0220010590284,0
2026-01-01 11:43:50,2.7984859029367755,21.027551534411348,41.63191037990283,0
2026-01-01 11:44:00,3.1556531768820335,22.088639207254698,41.57542299009665,0
2026-01-01 11:44:10,3.0323699094802308,20.762284300363444,39.32916346048371,0
2026-01-01 11:44:20,2.589049061513423,21.732934197380846,40.463356157018296,0
2026-01-01 11:44:30,3.202565339224916,22.124097795719667,40.05922577138345,0
2026-01-01 11:44:40,2.9847557385699215,21.747385570388246,41.02664569695656,0
2026-01-01 11:44:50,3.797789012023267,22.611071601565907,43.021399768881835,0
2026-01-01 11:45:00,3.4313291823556558,22.884944848655525,41.96297990117467,0
2026-01-01 11:45:10,3.6848773962315855,23.22337688093215,43.21288633797217,0
2026-01-01 11:45:20,3.7228931604421676,23.2294088747331,43.283831483526626,0
2026-01-01 11:45:30,3.8778006199821236,23.10139512469615,46.712559962189694,0
2026-01-01 11:45:40,4.575810223911284,22.995638722554293,45.14496748671368,0
2026-01-01 11:45:50,4.476903420721674,23.720188824656876,45.33611049438684,0
2026-01-01 11:46:00,4.816080130461432,24.28280870024978,47.71566736773207,0
2026-01-01 11:46:10,4.899354935356364,24.38259690159024,46.98884656837926,0
2026-01-01 11:46:20,4.684712161295782,23.91917473375033,47.14830717557875,0
2026-01-01 11:46:30,5.126552100088321,24.215055286374994,47.536795650134,0
2026-01-01 11:46:40,5.257654794794574,25.059234317614994,49.66766158686686,0
2026-01-01 11:46:50,5.327294787391065,25.013915067374963,48.67135642577274,0
2026-01-01 11:47:00,5.493962240063723,24.70284709190953,51.09550496447194,0
2026-01-01 11:47:10,5.776771880310908,25.35268326647903,52.13927045782018,0
2026-01-01 11:47:20,5.800549753108581,25.740024770236086,53.984920994153825,0
2026-01-01 11:47:30,5.9702438914837925,25.331094329611066,51.408826110661344,0
2026-01-01 11:47:40,6.411050391139853,26.523887660198028,55.03866236623094,0
2026-01-01 11:47:50,6.668981184524342,26.46378895770383,54.46455690148715,0
2026-01-01 11:48:00,6.8116866124065485,26.491127384730277,53.86690253887877,0
2026-01-01 11:48:10,7.176020935143448,27.000629518690875,54.55634349908275,0
2026-01-01 11:48:20,7.129695865339449,27.23837266817386,56.4186801288643,0
2026-01-01 11:48:30,7.125595221890904,27.428919217857704,56.922006766757605,1
2026-01-01 11:48:40,7.207757825529229,26.85494934794996,54.4022365696208,1
2026-01-01 11:48:50,7.894624933157308,27.14894453095378,58.96394484907967,1
2026-01-01 11:49:00,7.482588581099541,27.65008788431874,59.116395142172784,1
2026-01-01 11:49:10,7.585507728552879,28.087111049040868,59.135095393680764,1
2026-01-01 11:49:20,2.9708431368529693,22.00770358694045,39.777575293108896,0
2026-01-01 11:49:30,3.3053387907107883,22.777619470275162,39.933023048307064,0
2026-01-01 11:49:40,2.7588238967281735,22.486611293019816,38.74937913892133,0
2026-01-01 11:49:50,2.902506166721602,21.77831901801897,38.47940026965226,0
2026-01-01 11:50:00,3.4181773591623217,21.672609965547935,40.25406620491406,0
2026-01-01 11:50:10,2.7672642032062202,22.60329397263247,39.62858927812323,0
2026-01-01 11:50:20,2.769312026197562,22.04507408006415,38.20663700766483,0
2026-01-01 11:50:30,2.801244856107978,22.663096220010782,39.90185785836672,0
2026-01-01 11:50:40,3.0660969875072754,21.845166302210025,42.30903478390104,0
2026-01-01 11:50:50,3.1311052866220255,21.889731699803313,39.576062080677985,0
2026-01-01 11:51:00,2.9122215750277167,21.20438632153148,41.40395973889843,0
2026-01-01 11:51:10,3.3284802166925784,22.028608817711113,38.97048357002654,0
2026-01-01 11:51:20,2.9253829727752403,22.333995770951436,41.27473054797836,0
2026-01-01 11:51:30,3.4914843549409267,22.54311382082323,38.92974733750421,0
2026-01-01 11:51:40,2.5355214995307493,22.310434949145026,40.881752682798684,0
2026-01-01 11:51:50,3.1755210607375117,21.27362720159207,40.31399027723781,0
2026-01-01 11:52:00,2.823246285090706,21.648130474634144,40.82692499916338,0
2026-01-01 11:52:10,2.699958323628013,21.60235770630767,42.694556162138014,0
2026-01-01 11:52:20,3.0049862944087242,22.353593264187868,42.414015063414816,0
2026-01-01 11:52:30,2.4943522821394266,21.89534257883972,38.47354112224933,0
2026-01-01 11:52:40,3.128330683305183,21.888528438864178,37.68306824708888,0
2026-01-01 11:52:50,3.862224809402974,22.119525689963258,41.77932360160365,0
2026-01-01 11:53:00,2.9507358647875517,21.244590634913838,38.394616839978376,0
2026-01-01 11:53:10,3.2384778053021837,21.79047495819639,42.83070843998841,0
2026-01-01 11:53:20,2.974036151795819,22.436391611047785,42.4941659337692,0
2026-01-01 11:53:30,3.3903290080396866,21.980012483675786,39.91467077568616,0
2026-01-01 11:53:40,3.1163572630246787,22.32823072466758,41.50421462793271,0
2026-01-01 11:53:50,3.505761045666457,22.702316217413195,39.035373801318464,0
2026-01-01 11:54:00,2.8569072420137824,22.274738790825488,41.04361868870897,0
2026-01-01 11:54:10,3.0574326142033827,20.75498902396303,40.323240201979274,0
2026-01-01 11:54:20,2.8829087552664903,22.438969074969084,39.84530790647294,0
2026-01-01 11:54:30,2.8442922843245553,22.228112921768133,38.269643504347286,0
2026-01-01 11:54:40,3.1818449099275408,21.409754901446824,39.472488635734344,0
2026-01-01 11:54:50,3.5841912686669026,22.09556674683985,40.08936116647077,0
2026-01-01 11:55:00,2.771352461092134,21.07631839143646,40.14823606752465,0
2026-01-01 11:55:10,2.7636725227138683,21.96280703706162,38.435194898216366,0
2026-01-01 11:55:20,2.8232020202155996,21.933937141109777,38.242576629597245,0
2026-01-01 11:55:30,3.228874479740282,21.343117375997654,40.37717658623305,0
2026-01-01 11:55:40,3.5171705640687243,22.08219779381755,42.04976353699074,0
2026-01-01 11:55:50,3.7311465424241783,21.607630014250784,41.848637096424255,0
2026-01-01 11:56:00,3.0915119811410117,22.76453746632872,42.65949545568534,0
2026-01-01 11:56:10,3.3368245361511653,23.57745150862396,43.61934914096796,0
2026-01-01 11:56:20,3.830195313583593,23.639613828249555,42.204386779357684,0
2026-01-01 11:56:30,3.9208324599630036,22.71016334289903,46.467711863206,0
2026-01-01 11:56:40,4.399802607627734,23.79782053695455,45.63433456725181,0
2026-01-01 11:56:50,4.614753552228917,23.823423314168796,46.27092134270744,0
2026-01-01 11:57:00,4.688187353911256,23.817422458329215,46.620041901452,0
2026-01-01 11:57:10,4.8880522479856685,24.23316473586564,45.85556122558002,0
2026-01-01 11:57:20,4.731002666278318,24.724852430174916,47.6930059541166,0
2026-01-01 11:57:30,5.283611736073855,24.27236402708328,47.193520790020145,0
2026-01-01 11:57:40,5.164614010826991,24.733230478768576,48.668193034048926,0
2026-01-01 11:57:50,5.7587867046211425,25.053856990461238,51.84893861856186,0
2026-01-01 11:58:00,5.747548297480949,24.476234754624056,51.72270827312522,0
2026-01-01 11:58:10,5.531423008839342,25.4691601001634,50.55864927566948,0
2026-01-01 11:58:20,6.428542206892837,26.031879378229043,51.25817935829824,0
2026-01-01 11:58:30,6.1411951330424435,25.873379420894764,53.53008073822827,0
2026-01-01 11:58:40,6.339163715798335,25.69253153018574,52.61577469413328,0
2026-01-01 11:58:50,6.499103640724642,26.570337093629405,54.427837860536044,0
2026-01-01 11:59:00,6.511983681343663,26.594511833312936,54.27968182778851,0
2026-01-01 11:59:10,7.011414934370702,27.358103125498584,54.97450696238979,0
2026-01-01 11:59:20,7.160321031945275,26.576382000388683,55.887736232808706,0
2026-01-01 11:59:30,7.172579124041087,26.941894901986686,59.12968035544169,1
2026-01-01 11:59:40,7.272014718397657,27.37605546163546,55.403246464009904,1
2026-01-01 11:59:50,7.586399312673922,27.742616377705673,57.47240265742095,1
2026-01-01 12:00:00,7.164622238458584,27.588404469351804,58.6838505170522,1
2026-01-01 12:00:10,7.978148343482194,28.40327091062403,58.95327968273302,1
2026-01-01 12:00:20,3.1470567822419446,21.92048560750859,41.42993688145378,0
2026-01-01 12:00:30,3.1563119272701337,22.18615363072767,40.06484753446733,0
2026-01-01 12:00:40,3.011954471854597,21.50286957666807,38.356093330494396,0
2026-01-01 12:00:50,2.8916572696164513,22.010536515498973,40.28271848663423,0
2026-01-01 12:01:00,3.129380532481517,22.30817070876253,38.687979547991084,0
2026-01-01 12:01:10,2.5270770576570962,22.020188421473385,38.89621963613146,0
2026-01-01 12:01:20,3.29600736599835,22.36509991196554,38.753428227533355,0
2026-01-01 12:01:30,3.406648659862502,22.47765925920525,42.2909623362919,0
2026-01-01 12:01:40,2.9310853219664654,21.734167273627815,37.580382769486285,0
2026-01-01 12:01:50,2.866571225599875,21.858059707459272,38.56162886499102,0
2026-01-01 12:02:00,3.233708861393914,22.358034734425733,40.556546823979026,0
2026-01-01 12:02:10,2.649196360870259,22.450271972849386,40.36465458749262,0
2026-01-01 12:02:20,2.7406915492722748,22.36867052779103,41.05410500741414,0
2026-01-01 12:02:30,3.064968164141488,21.88496634096316,39.68986839485609,0
2026-01-01 12:02:40,2.45062240865648,21.72195893516939,41.06405109187512,0
2026-01-01 12:02:50,3.118728541277421,21.620551239516413,40.109656381571114,0
2026-01-01 12:03:00,2.790019437220052,21.907314013235435,39.3247074950492,0
2026-01-01 12:03:10,3.285894448506837,21.510309996657767,37.96345190969867,0
2026-01-01 12:03:20,2.9486362488653666,22.036596570560402,40.82220757087384,0
2026-01-01 12:03:30,3.0338977302953927,22.363044724418707,38.763666340948824,0
2026-01-01 12:03:40,3.244771796695345,22.260733492867622,41.24468622116038,0
2026-01-01 12:03:50,2.70848173192346,21.58013035369728,39.32990970141576,0
2026-01-01 12:04:00,3.106869936860292,22.022466902586846,39.622160873751355,0
2026-01-01 12:04:10,3.3803696385512656,21.68850419385234,39.235650245695254,0
2026-01-01 12:04:20,3.4849923536966685,20.92375744479281,40.18188212514804,0
2026-01-01 12:04:30,3.158538567547113,22.17321855144158,40.469857373501064,0
2026-01-01 12:04:40,4.054102893919637,22.135437499915685,40.906071489067834,0
2026-01-01 12:04:50,2.707453216139083,21.64301401291374,41.406109423704244,0
2026-01-01 12:05:00,2.677946685931013,22.472007725078388,40.31498229112074,0
2026-01-01 12:05:10,3.3971473838162725,22.2046222114088,40.548147764237065,0
2026-01-01 12:05:20,2.9071489851720616,21.92254905615054,41.44662618718053,0
2026-01-01 12:05:30,2.957029337425932,21.823409677874835,41.34002089391222,0
2026-01-01 12:05:40,2.94847919733148,22.366295927663018,39.00236207787732,0
2026-01-01 12:05:50,3.2195359459176656,22.603818745045054,40.651190472311455,0
2026-01-01 12:06:00,3.2816229525169716,21.993131424564716,39.21271783009851,0
2026-01-01 12:06:10,2.454676383750443,21.678478727961167,40.87898765346817,0
2026-01-01 12:06:20,2.930974571516593,22.839017566018825,40.52805866501143,0
2026-01-01 12:06:30,2.806758552643945,21.82141820869798,39.87739498595276,0
2026-01-01 12:06:40,2.6608164228148263,21.484193312279636,40.405498124742,0
2026-01-01 12:06:50,3.1340135697812745,21.425339283128302,40.8265901863239,0
2026-01-01 12:07:00,2.6536149526936903,21.52042957141452,40.53801205907671,0
2026-01-01 12:07:10,3.604109504860456,21.87845462820755,39.673517318292824,0
2026-01-01 12:07:20,3.0998850601470367,21.76984364826514,38.9794982332314,0
2026-01-01 12:07:30,2.945297891014914,21.409507807876242,40.66731237501568,0
2026-01-01 12:07:40,3.2492381769309926,22.400040358882233,39.54497962177022,0
2026-01-01 12:07:50,2.9562141006512896,21.603655698393315,39.09000408887415,0
2026-01-01 12:08:00,3.1218476490391693,22.595854113355337,42.35290315965688,0
2026-01-01 12:08:10,2.8562678711409264,21.787995696488014,39.39586406514037,0
2026-01-01 12:08:20,2.791017094742327,22.75914723031965,42.350055582166064,0
2026-01-01 12:08:30,3.1401908103884644,21.945134035650355,41.18091054222433,0
2026-01-01 12:08:40,2.6719323943033535,22.724942517003797,37.71163011222418,0
2026-01-01 12:08:50,3.541094578886258,22.769976205274823,39.53761505536992,0
2026-01-01 12:09:00,2.6201332006986124,21.989902776534606,42.063352586796,0
2026-01-01 12:09:10,2.877028943161649,22.028345998822054,42.89598738858439,0
2026-01-01 12:09:20,2.5618071900966544,22.049954915960406,40.0077147122117,0
2026-01-01 12:09:30,2.772322037754229,22.407449804013524,41.29164698351001,0
2026-01-01 12:09:40,3.5283033691002057,21.516232532913964,37.36379106686154,0
2026-01-01 12:09:50,3.5172062146696517,21.55606420429204,38.49431827680455,0
2026-01-01 12:10:00,3.1431994369269574,22.412526424773397,41.11487815843458,0
2026-01-01 12:10:10,2.9785828092854514,22.761871952832657,39.99030760888144,0
2026-01-01 12:10:20,2.4771909894633106,22.362686273540355,38.783096899778506,0
2026-01-01 12:10:30,2.978126709652752,22.082602250058333,40.13384243031212,0
2026-01-01 12:10:40,3.6346839549993764,22.44226429111327,40.86881941365404,0
2026-01-01 12:10:50,2.7203889403237937,22.382963938092875,38.16340034016846,0
2026-01-01 12:11:00,2.8786904022959026,21.9297808325476,39.8124440735194,0
2026-01-01 12:11:10,2.9357471689888293,21.716032346819173,41.6380831171582,0
2026-01-01 12:11:20,2.9914420625670766,21.477362557417475,41.60749596931713,0
2026-01-01 12:11:30,3.3977462150918356,22.410876624016165,39.97479802603339,0
2026-01-01 12:11:40,2.5935775022123173,22.300198413010293,39.72883736089386,0
2026-01-01 12:11:50,2.5922325668215156,21.66900929949527,38.434118529626524,0
2026-01-01 12:12:00,3.0456187977460196,22.155155086831954,39.12450931404187,0
2026-01-01 12:12:10,3.3719199923935865,22.546131499310327,39.69505263313479,0
2026-01-01 12:12:20,2.896363575714621,21.5812485988894,40.94231201769451,0
2026-01-01 12:12:30,3.07752051466039,21.363923470698282,39.973947988736356,0
2026-01-01 12:12:40,3.2182560581576913,21.61344469626749,42.42235888895773,0
2026-01-01 12:12:50,3.3688107550746516,22.472731317576816,39.25763470676455,0
2026-01-01 12:13:00,3.0400280743960364,21.929126049828646,39.57780523742598,0
2026-01-01 12:13:10,2.2651223886325704,21.83837221989901,41.03252055555703,0
2026-01-01 12:13:20,3.287947185822711,22.669583243866423,39.13366446321548,0
2026-01-01 12:13:30,2.8090147137167665,21.70901371750653,38.16937868378337,0
2026-01-01 12:13:40,3.395173782044306,21.72352134930122,42.15731616442208,0
2026-01-01 12:13:50,2.908278920510771,22.219551406208133,39.408864281529134,0
2026-01-01 12:14:00,3.153450899739688,22.428264011315076,37.816021682344505,0
2026-01-01 12:14:10,2.877839411476591,22.10379152923459,40.02819428797824,0
2026-01-01 12:14:20,3.291235366283143,21.795100461127113,38.85479031566456,0
2026-01-01 12:14:30,3.282136973512259,21.796987462589694,41.2511508578651,0
2026-01-01 12:14:40,3.152482929357029,22.53752857181925,40.242518366504484,0
2026-01-01 12:14:50,2.515246761027349,21.821101958085077,41.827997816183384,0
2026-01-01 12:15:00,3.3431836711167406,21.832876311366295,38.966901523619875,0
2026-01-01 12:15:10,2.4247306142935465,22.116814288692364,44.1231736238651,0
2026-01-01 12:15:20,3.020319118084838,22.445153701204838,40.34652312186436,0
2026-01-01 12:15:30,2.7230526771576944,21.198820634453924,39.37481252329249,0
2026-01-01 12:15:40,3.105300346267455,22.48461208492128,38.58872669169092,0
2026-01-01 12:15:50,2.7289096909222943,22.10980559499731,39.725615052381116,0
2026-01-01 12:16:00,2.7875768781162438,21.72453645161047,39.240421578255244,0
2026-01-01 12:16:10,2.5339328331156477,22.26187539720326,40.8478003256269,0
2026-01-01 12:16:20,2.921644404360602,22.247035961880542,40.72875163661829,0
2026-01-01 12:16:30,2.7602664226318088,21.80639215072149,41.2071811652911,0
2026-01-01 12:16:40,3.032926020382671,21.81576261186931,38.72282263022469,0
2026-01-01 12:16:50,3.4228494293955287,22.502488537776543,40.212817063942744,0
2026-01-01 12:17:00,2.744136537037743,21.618005858614573,39.779433159340165,0
2026-01-01 12:17:10,3.093861558483979,22.21104805681335,40.99441028121763,0
2026-01-01 12:17:20,3.1702377269631015,22.94259414028083,41.4908190301223,0
2026-01-01 12:17:30,3.2846371194067534,22.155288185570196,40.358449028694295,0
2026-01-01 12:17:40,3.567084264096074,22.45336688652598,43.67374375398342,0
2026-01-01 12:17:50,3.9599290272502383,22.989919964249168,41.48767049370977,0
2026-01-01 12:18:00,3.698889558822852,23.37670325772233,42.77026713353823,0
2026-01-01 12:18:10,4.224428346783905,23.34238117691043,44.051717884813186,0
2026-01-01 12:18:20,4.026100104079578,23.371726846942572,44.856314621541564,0
2026-01-01 12:18:30,4.539841112993558,23.334279319809873,45.07051649080722,0
2026-01-01 12:18:40,4.508964626386457,23.99880350730585,45.09153566247722,0
2026-01-01 12:18:50,4.403352708089223,24.202189545513015,45.14871755171996,0
2026-01-01 12:19:00,5.090329276285766,24.15322217075513,45.78580225105889,0
2026-01-01 12:19:10,4.9039159561193015,24.51373708992077,47.467298912445024,0
2026-01-01 12:19:20,5.170672616431537,24.822023509711588,48.46447633127905,0
2026-01-01 12:19:30,5.145921798040107,24.71030480078845,50.7481734697926,0
2026-01-01 12:19:40,5.837012869066637,24.394022147817317,51.091027909191475,0
2026-01-01 12:19:50,5.716696209873738,25.477194803736044,50.11617840639904,0
2026-01-01 12:20:00,5.479680631433036,25.575346636594237,50.39235607205061,0
2026-01-01 12:20:10,5.72234151370303,25.20447958525796,52.60091378241533,0
2026-01-01 12:20:20,6.194557159872505,26.034739806562403,53.33574192116303,0
2026-01-01 12:20:30,6.24914662041658,25.978857927836764,52.82189580455079,0
2026-01-01 12:20:40,6.457934445426901,25.90982357860568,54.39048429387434,0
2026-01-01 12:20:50,6.881690816463017,26.155016091053703,55.94793631206801,0
2026-01-01 12:21:00,6.856037632628922,26.672323692921747,53.633903813725816,0
2026-01-01 12:21:10,6.638547538086853,26.843234908833907,56.78973212463201,0
2026-01-01 12:21:20,7.032390577937677,27.501028170174926,57.401602640920984,1
2026-01-01 12:21:30,7.1516650829917365,27.20925460011605,59.810262467056745,1
2026-01-01 12:21:40,7.251487199440059,27.55848098167453,57.67725544727666,1
2026-01-01 12:21:50,7.8080459248503695,27.980182093895515,58.2804295779553,1
2026-01-01 12:22:00,8.057115787674768,28.46636101828159,59.399608070677566,1
2026-01-01 12:22:10,3.2354666062482558,21.667323084272013,36.36462578075316,0
2026-01-01 12:22:20,3.460086853719877,22.61201897662465,41.27028061476985,0
2026-01-01 12:22:30,2.8451920404834814,21.632392083572423,38.52918050932555,0
2026-01-01 12:22:40,3.203051296233302,21.567556260870354,41.23531917976296,0
2026-01-01 12:22:50,3.005165874819168,22.030433300325946,40.355507448817995,0
2026-01-01 12:23:00,3.4305196236006337,22.584327487315644,40.215446250982296,0
2026-01-01 12:23:10,2.6523620800726184,22.438920515581035,35.99242863492455,0
2026-01-01 12:23:20,2.8321037457524514,21.92794575823606,40.7390731291921,0
2026-01-01 12:23:30,2.9087804225802727,21.874503266040705,38.51883409889525,0
2026-01-01 12:23:40,3.402833089326901,21.89179787836153,42.65643633002162,0
2026-01-01 12:23:50,3.429490796081391,22.383891864110907,39.34906675439128,0
2026-01-01 12:24:00,2.984233751423942,22.461331105358756,39.264713640656964,0
2026-01-01 12:24:10,3.272427089478642,22.313923723782956,41.03928681189546,0
2026-01-01 12:24:20,3.045554264892471,21.725575389382527,39.47172932782062,0
2026-01-01 12:24:30,2.978844134181774,21.78025485195517,37.41547567130123,0
2026-01-01 12:24:40,2.992838709507164,21.703371496442596,42.533233288454014,0
2026-01-01 12:24:50,2.8243664937240096,21.789022217748826,39.152501465135245,0
2026-01-01 12:25:00,3.1528504148473218,21.583813076844173,37.81408951270082,0
2026-01-01 12:25:10,3.5177994006283013,21.25461087363668,39.95704821250625,0
2026-01-01 12:25:20,3.1098439577897046,21.797318329515903,39.716528133231066,0
2026-01-01 12:25:30,3.0482078602394713,21.341624440892577,39.96144665123622,0
2026-01-01 12:25:40,2.5926530378803676,21.852113326096283,42.742937893662734,0
2026-01-01 12:25:50,2.7445224502495194,22.2932993890252,41.950464318683046,0
2026-01-01 12:26:00,3.4202331828586954,22.182387359952237,38.794703557859364,0
2026-01-01 12:26:10,3.825968853240962,21.18681058070512,42.08480230701699,0
2026-01-01 12:26:20,3.498874096496233,21.651742883613334,42.14504558338206,0
2026-01-01 12:26:30,3.0603142992845083,22.71591627993495,41.11408459213739,0
2026-01-01 12:26:40,2.5773288286723783,21.58112625790071,38.79488581031134,0
2026-01-01 12:26:50,3.1510909908533584,22.24638203561762,40.20091044389587,0
2026-01-01 12:27:00,3.2004744371824057,22.43766673424605,42.73005221915116,0
2026-01-01 12:27:10,2.993591288267557,21.726957571112777,38.280035374499086,0
2026-01-01 12:27:20,3.299814283917837,21.950348650072918,38.187711312462945,0
2026-01-01 12:27:30,2.553059080390448,23.174389949855243,41.91001082807746,0
2026-01-01 12:27:40,3.6026728257288383,21.958071853623814,39.79214856490388,0
2026-01-01 12:27:50,2.2297692270783003,22.027313310375455,39.95929715107128,0
2026-01-01 12:28:00,3.4691884010579113,21.667906146533085,40.69337849393957,0
2026-01-01 12:28:10,3.3140637096969865,22.366927291150677,40.00226409876732,0
2026-01-01 12:28:20,2.7157731314944624,21.898338187650246,38.26675593680685,0
2026-01-01 12:28:30,2.2289557354258944,22.099850410241892,41.38387294519175,0
2026-01-01 12:28:40,2.8937370715003654,21.966727735958237,40.84926608615526,0
2026-01-01 12:28:50,3.290065025026723,21.594364666726957,40.41830262933712,0
2026-01-01 12:29:00,2.980557223931661,22.082073956294472,38.19769690789107,0
2026-01-01 12:29:10,2.5989833747560134,21.925556194097613,39.6534445965079,0
2026-01-01 12:29:20,2.9502477283013993,21.85612293371967,42.28090135264482,0
2026-01-01 12:29:30,3.3785283481185,22.26978616979644,38.66038209909253,0
2026-01-01 12:29:40,2.9875626113010645,21.544959918014307,38.97618993076968,0
2026-01-01 12:29:50,2.844969729736113,21.40805786279231,40.2979653270811,0
2026-01-01 12:30:00,2.967424056951617,22.412695592205623,37.82967554985895,0
2026-01-01 12:30:10,3.436090245262484,22.62789101569643,37.52139312191085,0
2026-01-01 12:30:20,2.9486486414275395,22.0682821931018,38.64878238848296,0
2026-01-01 12:30:30,2.904271189724693,21.783072365726053,36.30175901003048,0
2026-01-01 12:30:40,3.0544377020827618,21.291188868630382,37.004428845073036,0
2026-01-01 12:30:50,3.02934794755568,21.20654741084145,40.80964964548623,0
2026-01-01 12:31:00,2.7151199267804986,22.59960482729342,41.393276869075336,0
2026-01-01 12:31:10,2.626101156675473,22.354410954804553,40.44130752989441,0
2026-01-01 12:31:20,3.2495199415044533,21.923805720877958,39.57869613130351,0
2026-01-01 12:31:30,3.4496875388002595,22.0472871485195,41.375152406086556,0
2026-01-01 12:31:40,3.2094250394753003,20.89819134864065,40.37780417247704,0
2026-01-01 12:31:50,2.8749924039612793,22.511741070546435,39.40101042493044,0
2026-01-01 12:32:00,2.866080450355345,22.386229423517275,38.790503171680584,0
2026-01-01 12:32:10,3.2276268577968117,22.25672430240009,40.004866516117296,0
2026-01-01 12:32:20,2.2297244646198724,21.43206987461697,40.62562074701297,0
2026-01-01 12:32:30,2.3869384938311295,22.166921384601448,39.5112823262654,0
2026-01-01 12:32:40,2.7124651856235578,21.76997672152505,38.903108540009434,0
2026-01-01 12:32:50,2.2735860744368166,21.29635112195439,40.76106532414513,0
2026-01-01 12:33:00,2.624490585443957,22.008642219036673,41.2439105298497,0
2026-01-01 12:33:10,3.0464551344931152,21.283939053521326,41.89644188067302,0
2026-01-01 12:33:20,3.4903816535283605,21.92127555076095,38.09899455105014,0
2026-01-01 12:33:30,2.7991931711249114,22.188723639701493,41.64576632557344,0
2026-01-01 12:33:40,2.7312158989233666,22.1084137011445,38.895902172189025,0
2026-01-01 12:33:50,2.3629864384805317,22.32176438836943,41.626322806212045,0
2026-01-01 12:34:00,3.455705871759294,22.00446720380253,40.636877644070715,0
2026-01-01 12:34:10,2.903523694672288,22.21352802810076,41.95099505014841,0
2026-01-01 12:34:20,3.2725242717258487,22.28430961007008,39.72708184248637,0
2026-01-01 12:34:30,3.179116829921562,22.237917882630644,43.63219769944271,0
2026-01-01 12:34:40,2.6075240233726884,22.062263319068695,40.38486609377396,0
2026-01-01 12:34:50,3.212708932595491,21.917161275385347,41.99049105023187,0
2026-01-01 12:35:00,3.1258025617384875,21.68059184312639,37.1391670004668,0
2026-01-01 12:35:10,2.9394676871102523,22.952792947763434,40.34120090182105,0
2026-01-01 12:35:20,3.0294241350839384,22.41153966144384,39.35237323745331,0
2026-01-01 12:35:30,2.6003266239709664,22.484781621065927,38.91124854379381,0
2026-01-01 12:35:40,2.830514542003434,22.25165411930311,37.71483691279657,0
2026-01-01 12:35:50,3.0540963747531897,21.8146366662006,40.16796514912112,0
2026-01-01 12:36:00,2.9388349593060434,22.286366856194228,35.59934402915579,0
2026-01-01 12:36:10,3.4006359185105226,21.551840755239677,41.428480603496226,0
2026-01-01 12:36:20,3.1602188868950853,21.966963869833396,40.04817318314848,0
2026-01-01 12:36:30,3.326282095559686,21.70510133184959,40.16274750889465,0
2026-01-01 12:36:40,2.943474945927382,22.166265349015443,41.523784778489464,0
2026-01-01 12:36:50,2.5598898145683844,22.414824915905772,40.00564960526238,0
2026-01-01 12:37:00,2.9279373386992438,22.37240474194764,40.73967629082401,0
2026-01-01 12:37:10,3.286758181957494,21.93914564528257,40.37487849103651,0
2026-01-01 12:37:20,3.0060815676366865,21.387111285103874,39.59538909008251,0
2026-01-01 12:37:30,3.0758629972547,22.29231783612548,40.64216109017745,0
2026-01-01 12:37:40,3.1875685412619306,22.465790338820003,38.55301361665742,0
2026-01-01 12:37:50,2.9504752012887043,21.99885909173074,39.44714063604004,0
2026-01-01 12:38:00,3.3349292246346622,22.385495150869243,37.78282942841847,0
2026-01-01 12:38:10,3.09314378310178,21.584707707803233,41.1638463234872,0
2026-01-01 12:38:20,2.8571969999937448,21.96088200116632,41.77747667140047,0
2026-01-01 12:38:30,3.545193245917682,21.887384555937047,38.81312570534865,0
2026-01-01 12:38:40,3.062977815723899,21.74702438476953,40.86580847879193,0
2026-01-01 12:38:50,3.216145832476286,22.485818976801983,41.283904688050114,0
2026-01-01 12:39:00,2.791306364963941,21.623625618942846,40.79817420127957,0
2026-01-01 12:39:10,3.364762068659694,21.94008551315196,40.54468302427817,0
2026-01-01 12:39:20,2.9763522361579637,22.031942734307723,40.0169985675516,0
2026-01-01 12:39:30,3.202830484094974,22.499958601018395,38.58311846384752,0
2026-01-01 12:39:40,3.024214118017934,22.93628904461027,40.52801738663629,0
2026-01-01 12:39:50,2.9358968488235355,21.677947204645633,39.61027519916065,0
2026-01-01 12:40:00,2.702567314681153,21.648157476334404,40.59223003061827,0
2026-01-01 12:40:10,2.8421503886819437,22.787736134727837,40.827904509824606,0
2026-01-01 12:40:20,2.647256705898241,21.93976658065003,39.19103061458353,0
2026-01-01 12:40:30,3.2809519818171022,22.586338063593434,39.425102967496315,0
2026-01-01 12:40:40,3.067752550211192,21.459381018294305,38.20425011096466,0
2026-01-01 12:40:50,3.501896910853486,22.370270654244305,37.808994426223016,0
2026-01-01 12:41:00,3.3822178929800386,21.619983247893675,37.71234153847846,0
2026-01-01 12:41:10,3.039949946808812,21.84270545613313,41.80619161069518,0
2026-01-01 12:41:20,3.25790851538933,21.561349982341074,41.28360298129126,0
2026-01-01 12:41:30,2.857512988643587,22.014877311448267,37.91995633859866,0
2026-01-01 12:41:40,2.768197982801863,22.31451929236011,40.96008412154938,0
2026-01-01 12:41:50,3.506447115870837,21.758966474727718,42.06962509581653,0
2026-01-01 12:42:00,2.55352253615309,22.080037623651357,37.866049796178395,0
2026-01-01 12:42:10,3.736181601877617,22.22071644762202,40.09167595404642,0
2026-01-01 12:42:20,2.8621573704142067,22.353169922234702,38.17668518192342,0
2026-01-01 12:42:30,2.2370720431575664,22.548137123804302,37.491776446714226,0
2026-01-01 12:42:40,2.579121278276067,22.516686243008497,41.42707747525115,0
2026-01-01 12:42:50,2.529066994584337,21.97751327514861,39.85955832104709,0
2026-01-01 12:43:00,3.22439861958816,21.508488259637993,39.85169106151078,0
2026-01-01 12:43:10,2.7942196488151145,21.734930379226196,41.48816113172727,0
2026-01-01 12:43:20,2.8394262888178816,21.914681369747168,43.054064249260165,0
2026-01-01 12:43:30,2.8749301091641835,21.779249579525683,39.15682361188609,0
2026-01-01 12:43:40,3.66944890056074,21.859008421765342,39.43319581905797,0
2026-01-01 12:43:50,3.0479506055724293,21.724135313012592,40.199857429879664,0
2026-01-01 12:44:00,3.082795754826162,22.834908864717452,40.19309302110947,0
2026-01-01 12:44:10,2.6293998062089563,21.900252864660764,38.30499943586132,0
2026-01-01 12:44:20,3.2479955392297297,21.425852469181244,37.834422445607416,0
2026-01-01 12:44:30,2.855159793394515,22.20129496155089,40.67533244983412,0
2026-01-01 12:44:40,3.332762394776019,21.75591172298486,41.032427662732346,0
2026-01-01 12:44:50,2.750735200843461,21.986087972052424,39.574619259670925,0
2026-01-01 12:45:00,2.735283209076414,22.21986792539522,40.11968264714849,0
2026-01-01 12:45:10,3.0980557218782803,22.75738092912981,42.0533268779649,0
2026-01-01 12:45:20,3.4076849853801345,21.78866764435583,40.62478531707276,0
2026-01-01 12:45:30,3.059210538670407,21.569227301497225,41.05914120110782,0
2026-01-01 12:45:40,3.5338985661263065,22.222394973476057,39.08734443791329,0
2026-01-01 12:45:50,3.1219626414800086,21.808982083065988,37.05734377723687,0
2026-01-01 12:46:00,3.073336334881665,22.41553588479284,40.15981701465156,0
2026-01-01 12:46:10,3.190488862083765,21.714611980284293,42.48314962135468,0
2026-01-01 12:46:20,3.0734324523335097,21.900351598604512,39.76628637672714,0
2026-01-01 12:46:30,2.9029938991683855,22.0120251852733,38.131764692321575,0
2026-01-01 12:46:40,3.1180135033409138,21.927779883645705,38.45551711646137,0
2026-01-01 12:46:50,2.580575388024365,22.533584556915734,40.399875003142625,0
2026-01-01 12:47:00,3.1082581828697045,22.208346277024628,39.33592439570174,0
2026-01-01 12:47:10,3.071567421191864,22.415188358281746,40.403084498174394,0
2026-01-01 12:47:20,2.9933399329694024,21.99378113854257,41.60224155231398,0
2026-01-01 12:47:30,3.288408107945644,21.969665311901913,39.41481896586791,0
2026-01-01 12:47:40,3.2715357549508166,22.240632018160873,38.6715214033701,0
2026-01-01 12:47:50,3.0754763753996532,21.844162251786543,41.0979140701863,0
2026-01-01 12:48:00,3.132768728706842,22.348541470292407,38.393470656202766,0
2026-01-01 12:48:10,2.9573142922664557,21.66793435108587,42.94905142369691,0
2026-01-01 12:48:20,3.2404919150711073,22.257493600476845,38.70788090622049,0
2026-01-01 12:48:30,3.1956503655347057,22.457066999529015,39.48270962036083,0
2026-01-01 12:48:40,3.196788165642412,21.999371277050724,39.37494177461341,0
2026-01-01 12:48:50,2.8830713591650707,21.351359430838205,40.36576550874026,0
2026-01-01 12:49:00,2.5946776624645507,21.66462069964097,40.61576018722957,0
2026-01-01 12:49:10,3.002853551982298,22.248183920984935,39.725796172401004,0
2026-01-01 12:49:20,3.473054947676765,21.664808314128273,40.37738921089261,0
2026-01-01 12:49:30,2.8536392735778615,21.948193230774798,44.8239208646675,0
2026-01-01 12:49:40,3.3572185946939537,22.7046007573968,39.8049790401173,0
2026-01-01 12:49:50,3.0125043621650724,21.469449341529494,40.645806839797196,0
2026-01-01 12:50:00,3.2869648385361807,21.59558514798171,41.63159012700828,0
2026-01-01 12:50:10,3.1002899891253026,22.08488765135041,40.53824279896791,0
2026-01-01 12:50:20,2.9259788158339575,21.835625969370454,39.87979439818029,0
2026-01-01 12:50:30,3.057906639815383,22.20731009121454,39.21356663345307,0
2026-01-01 12:50:40,2.7342112296000334,21.297692856896777,37.04935815564077,0
2026-01-01 12:50:50,2.558885959597285,22.188527668193167,40.69641197023745,0
2026-01-01 12:51:00,3.016855175517696,21.970087481339476,41.56678964472721,0
2026-01-01 12:51:10,3.043798774293792,22.613131639065017,42.25329132572229,0
2026-01-01 12:51:20,2.8146611179556915,21.801146390452026,38.90880279031858,0
2026-01-01 12:51:30,3.3652644065852146,21.575646631375086,37.916078097065096,0
2026-01-01 12:51:40,3.088370553772549,22.755925561557536,41.36960620889329,0
2026-01-01 12:51:50,3.0081031662905717,21.70440932616249,38.882174074408596,0
2026-01-01 12:52:00,3.642291088899106,22.00576662505422,40.07327258981423,0
2026-01-01 12:52:10,2.8000064421126067,22.328442701585356,43.12799170107635,0
2026-01-01 12:52:20,3.295288933559114,21.443828397684076,40.308119905686624,0
2026-01-01 12:52:30,3.3627259194042014,22.171529021850667,40.26667683460675,0
2026-01-01 12:52:40,2.8049718734074034,21.819225544797604,39.09484324826709,0
2026-01-01 12:52:50,3.458633650713092,22.063908054444752,41.55810211621686,0
2026-01-01 12:53:00,2.6123089875214647,21.615499405019573,36.98539994969693,0
2026-01-01 12:53:10,2.8352836706523403,22.282949406845898,41.66351115483221,0
2026-01-01 12:53:20,3.3693912790706055,22.041618592415634,43.05212373722888,0
2026-01-01 12:53:30,3.2464692373873842,22.306744346958688,41.928538669718684,0
2026-01-01 12:53:40,3.155948700801308,21.72616575234347,40.19214832653848,0
2026-01-01 12:53:50,2.7549415499355128,22.432148273271267,39.47506258264597,0
2026-01-01 12:54:00,2.6995222036620965,22.032155939434723,40.33300212944904,0
2026-01-01 12:54:10,3.2319792698392775,22.115076277920526,40.93787814194664,0
2026-01-01 12:54:20,3.427526747290366,22.620489444725592,43.0667746727176,0
2026-01-01 12:54:30,3.546838830299641,22.619214653505313,41.09327103464991,0
2026-01-01 12:54:40,3.753855931446534,23.00021493094217,42.47436348238504,0
2026-01-01 12:54:50,3.9422558341701404,22.9122451419352,44.00432598542226,0
2026-01-01 12:55:00,4.1825204628059485,23.469588360019145,44.1178443261413,0
2026-01-01 12:55:10,3.9586730363432565,23.216426084207452,45.26182399055139,0
2026-01-01 12:55:20,4.823095794481379,23.497783768540376,45.78917101172148,0
2026-01-01 12:55:30,4.388789488504119,23.50780988672527,45.323684136422635,0
2026-01-01 12:55:40,4.250172271326131,24.406030518872324,44.43653641375205,0
2026-01-01 12:55:50,4.780567687253207,23.846561631394984,46.44895311797113,0
2026-01-01 12:56:00,5.275304531947733,24.460320097009415,47.0346038408183,0
2026-01-01 12:56:10,5.048763240167365,24.370355633867376,48.623120994587794,0
2026-01-01 12:56:20,5.367911670290872,25.36867243196857,47.41703256733563,0
2026-01-01 12:56:30,5.4930375370484095,24.905329692239643,50.946548527716786,0
2026-01-01 12:56:40,5.737630290302345,25.377108662434484,51.011752852681745,0
2026-01-01 12:56:50,5.646935108276625,25.763379648947904,52.131838237949,0
2026-01-01 12:57:00,6.183105958344949,25.97921505115215,52.41767510065196,0
2026-01-01 12:57:10,6.462865147490165,25.913291871535993,52.447608078642055,0
2026-01-01 12:57:20,6.3320125512366605,25.992846869559166,52.81394201124279,0
2026-01-01 12:57:30,6.826377769674044,26.2888886096511,54.094738475832905,0
2026-01-01 12:57:40,6.744321517651953,27.29395635502114,53.534942478067,0
2026-01-01 12:57:50,6.664325630990079,26.185828694765902,55.10073409489785,0
2026-01-01 12:58:00,7.049103688665472,26.660403244497676,55.46027320184823,0
2026-01-01 12:58:10,7.195147639992293,26.84936765255109,56.97684249384951,1
2026-01-01 12:58:20,7.556180202681855,27.40310914094024,58.21434668049854,1
2026-01-01 12:58:30,7.717183682301344,27.48484844803561,57.8413589739569,1
2026-01-01 12:58:40,7.512216052490028,27.482646550909283,58.14298113398978,1
2026-01-01 12:58:50,7.979667798657515,27.90403476637826,60.03009119604763,1
2026-01-01 12:59:00,2.8358778430435208,21.93310881226043,39.43878303848814,0
2026-01-01 12:59:10,3.1125765770231872,21.824312894071277,43.72564898888126,0
2026-01-01 12:59:20,3.05577908851715,21.623482745545367,40.27111032299251,0
2026-01-01 12:59:30,2.777712999883151,21.555533880440006,39.48348114259944,0
2026-01-01 12:59:40,3.039528562800117,22.436916280809893,39.935466515553614,0
2026-01-01 12:59:50,2.832527683069983,21.964738052451843,42.666467228229145,0
2026-01-01 13:00:00,3.142552547068226,22.3161566440744,40.27279436988253,0
2026-01-01 13:00:10,3.3958324007013467,21.20538914320899,41.24899863682054,0
2026-01-01 13:00:20,2.8804883588766788,21.352861940097245,39.04176904776653,0
2026-01-01 13:00:30,2.888591361200433,21.86045920112352,41.54884258054083,0
2026-01-01 13:00:40,2.9134565391348297,21.50411592001186,42.16682211321913,0
2026-01-01 13:00:50,3.4735010086016103,22.449232159736255,39.88140247076894,0
2026-01-01 13:01:00,2.8095412870075247,22.94034081049385,42.738012198445915,0
2026-01-01 13:01:10,2.475353628156376,22.074351153448905,40.95427073302606,0
2026-01-01 13:01:20,2.678436491978181,22.0731620637833,40.01605649007437,0
2026-01-01 13:01:30,2.9881296522606147,21.49672108398923,40.499057941561276,0
2026-01-01 13:01:40,3.0431656879955225,21.766339576079563,42.98841020761241,0
2026-01-01 13:01:50,3.207948455340881,21.864071532676682,40.273202306516765,0
2026-01-01 13:02:00,2.9884910079282143,22.50082203662323,39.14366649967112,0
2026-01-01 13:02:10,3.2880112817015235,22.2052191469641,40.37093218844161,0
2026-01-01 13:02:20,3.1012970393081893,22.16662150465162,38.38822787259497,0
2026-01-01 13:02:30,2.5893055542870367,21.99333434668082,39.47357088679287,0
2026-01-01 13:02:40,3.1256600780750463,21.85215150704798,42.895963003693716,0
2026-01-01 13:02:50,3.3078527900581114,22.068863467842576,40.23064574431706,0
2026-01-01 13:03:00,3.2760041416626753,22.363679339611735,39.544501331630194,0
2026-01-01 13:03:10,2.8431317513120025,21.871175441408667,40.70662060614533,0
2026-01-01 13:03:20,2.5717875098774807,22.211418037515585,37.7222143071559,0
2026-01-01 13:03:30,2.9953468890559884,22.012547366439883,40.09530693273523,0
2026-01-01 13:03:40,3.3496660351478997,22.541460243152237,41.05357858653191,0
2026-01-01 13:03:50,2.770723978522281,21.88741596804468,39.99090726133961,0
2026-01-01 13:04:00,2.803736365278496,22.1929672898899,38.538685639166324,0
2026-01-01 13:04:10,2.8636780462825535,22.065580592357925,40.61569033285312,0
2026-01-01 13:04:20,2.891835292148394,21.113460417589625,42.45046148560537,0
2026-01-01 13:04:30,3.3040131364937113,22.31596309874156,39.549335786758675,0
2026-01-01 13:04:40,3.456809092054751,21.925416022793524,40.22354668951603,0
2026-01-01 13:04:50,2.9043851673623866,21.7942296726953,38.436737789352335,0
2026-01-01 13:05:00,3.030494124884542,22.124087410101925,40.61118444426375,0
2026-01-01 13:05:10,2.942243930678733,21.67082054965506,37.80474534504339,0
2026-01-01 13:05:20,3.0053438768042495,22.19405559973279,39.56219421823005,0
2026-01-01 13:05:30,3.225922669749638,21.905272862785257,41.069947264930946,0
2026-01-01 13:05:40,3.117471511165526,22.09846817214503,39.48849667278318,0
2026-01-01 13:05:50,2.4281337955220694,21.794604654490378,42.01412140497515,0
2026-01-01 13:06:00,2.79988041524107,21.634174032002953,35.50268926226438,0
2026-01-01 13:06:10,2.878584884645304,21.206348773296956,40.79099511922101,0
2026-01-01 13:06:20,2.843691216950431,22.559412897871226,43.33680150815682,0
2026-01-01 13:06:30,3.026938826096983,21.981742858666482,40.03126222320666,0
2026-01-01 13:06:40,2.995243459833725,22.11279369707777,40.072259955629676,0
2026-01-01 13:06:50,3.1433909932797706,22.48032032777138,38.072583007067756,0
2026-01-01 13:07:00,2.764317815662661,21.374042032385688,37.31741660919348,0
2026-01-01 13:07:10,3.134812991707443,21.800396694228084,37.359045334993745,0
2026-01-01 13:07:20,3.4748640135970867,22.150072924980435,39.23481242595433,0
2026-01-01 13:07:30,2.647451401161635,22.18186909637703,40.82709751416736,0
2026-01-01 13:07:40,3.1304914418020693,21.94835891661051,40.86787796231883,0
2026-01-01 13:07:50,2.284913621984777,22.12365527493392,40.09322635912859,0
2026-01-01 13:08:00,2.854751848419422,22.55599401730896,36.64959213100665,0
2026-01-01 13:08:10,2.9739588593797324,21.824058694759838,42.68415806661606,0
2026-01-01 13:08:20,3.106860176619638,22.006030815513128,37.98999400746313,0
2026-01-01 13:08:30,3.0291917255708793,22.263528097875785,39.656679755263085,0
2026-01-01 13:08:40,3.6258015556566416,22.53497050152017,42.74073513636896,0
2026-01-01 13:08:50,3.1032283294992986,21.68373054403096,40.53034922011069,0
2026-01-01 13:09:00,2.8512305531112077,22.016520567145946,40.30594840136687,0
2026-01-01 13:09:10,3.1292973657835166,21.44616135010906,42.909537164092576,0
2026-01-01 13:09:20,2.7474070412813694,21.822333031454516,38.95236634196407,0
2026-01-01 13:09:30,2.65831553799001,22.502090498653832,42.952981150576875,0
2026-01-01 13:09:40,2.828041257759334,22.46261123439204,39.754558818873974,0
2026-01-01 13:09:50,2.8950106753482356,22.83885088494921,40.453920288919385,0
2026-01-01 13:10:00,2.762079482786132,21.547737395781702,38.48500639683135,0
2026-01-01 13:10:10,2.577016079433128,21.678783039574302,42.48176992129755,0
2026-01-01 13:10:20,2.2058663675834453,21.854555945503197,39.795165195826804,0
2026-01-01 13:10:30,3.384322917627354,22.20840155864196,40.60607374979946,0
2026-01-01 13:10:40,2.865449239781084,22.06823512526131,39.091083755729365,0
2026-01-01 13:10:50,3.011771416445992,21.38312284232511,41.32829105845893,0
2026-01-01 13:11:00,3.034601937118151,22.713400005318515,40.466947926145586,0
2026-01-01 13:11:10,2.7610436076889373,22.31817308272297,40.04376164015214,0
2026-01-01 13:11:20,3.001554745306097,22.110180439345324,39.88261717669979,0
2026-01-01 13:11:30,2.694586638778481,22.65444204423853,41.234288834175025,0
2026-01-01 13:11:40,2.9784103041091243,21.630703318251634,40.36132840029325,0
2026-01-01 13:11:50,2.8339253967191107,22.993657632298135,41.78871610376136,0
2026-01-01 13:12:00,2.6994303747977595,22.14388917005743,42.90276625294571,0
2026-01-01 13:12:10,2.7612377742498997,21.903578314162413,40.41090360539701,0
2026-01-01 13:12:20,3.120989622915536,22.360103609288227,39.58449822549421,0
2026-01-01 13:12:30,3.0457005479481802,21.41475949950012,40.365430032234734,0
2026-01-01 13:12:40,3.549065522982162,21.796856167251725,38.01953788580766,0
2026-01-01 13:12:50,3.336124869504376,22.445632974454174,39.11253127698633,0
2026-01-01 13:13:00,3.2212043280174214,21.771301244232767,40.19283838205408,0
2026-01-01 13:13:10,2.913788508090661,22.118473821595387,40.2403889299625,0
2026-01-01 13:13:20,2.651934882890163,21.92283313098798,39.735097421701084,0
2026-01-01 13:13:30,3.4130512868456586,21.60894126513808,41.543316162518416,0
2026-01-01 13:13:40,2.988325876527007,22.37097190767664,41.468059194482194,0
2026-01-01 13:13:50,2.7027891723199655,21.713086810793733,40.99038806005982,0
2026-01-01 13:14:00,3.0637927446980475,21.858423006989213,40.832323457643525,0
2026-01-01 13:14:10,3.1939810192511295,22.034677828594212,41.114493116408724,0
2026-01-01 13:14:20,3.2142752537696704,22.76656352495943,40.476756447962046,0
2026-01-01 13:14:30,3.310094153303621,21.516270212888635,40.45411568875756,0
2026-01-01 13:14:40,3.348482082140044,22.42357122564696,37.73202206414764,0
2026-01-01 13:14:50,2.8758547091837414,22.58352765434259,39.65287290819251,0
2026-01-01 13:15:00,2.668891568953714,22.31459140758432,40.55718858092652,0
2026-01-01 13:15:10,3.025574992887854,22.329634632217704,40.45473074256441,0
2026-01-01 13:15:20,2.917718057917709,21.870447103647578,42.683299741426104,0
2026-01-01 13:15:30,2.524041706902707,22.180680080390374,39.66490237548686,0
2026-01-01 13:15:40,2.6340793181020956,21.198587832235138,41.52140048195486,0
2026-01-01 13:15:50,3.378020818851053,21.28514456496622,38.48720378762103,0
2026-01-01 13:16:00,3.5741738539120966,21.82810116548486,41.24778655542039,0
2026-01-01 13:16:10,3.2165301767583467,22.57971697136153,39.8302440275649,0
2026-01-01 13:16:20,3.653524862411362,21.84374854289333,40.212071014451986,0
2026-01-01 13:16:30,3.2600153985628655,21.797751765632324,40.12023964073133,0
2026-01-01 13:16:40,3.4128888233438395,22.12122016944806,40.81036081612631,0
2026-01-01 13:16:50,2.9781951740387145,21.795252639562595,42.31916284064712,0
2026-01-01 13:17:00,2.811728495873082,22.372631849201316,40.069624504352184,0
2026-01-01 13:17:10,2.7228244826690196,22.050156388722694,39.08776967256939,0
2026-01-01 13:17:20,3.056460626526845,22.734001982104477,39.43800765623912,0
2026-01-01 13:17:30,2.671532884296872,22.330633586054898,42.06219695508217,0
2026-01-01 13:17:40,3.4930428812930767,21.795391532649678,39.71704800422174,0
2026-01-01 13:17:50,2.9402489429818823,21.753080372096782,41.04786322129303,0
2026-01-01 13:18:00,3.049031196664243,22.31643017754902,38.97922289157488,0
2026-01-01 13:18:10,2.7258993907661284,22.746892514872325,37.65410610264902,0
2026-01-01 13:18:20,2.610256217473292,21.771717018910472,41.70112044410348,0
2026-01-01 13:18:30,3.2902595557811876,22.1850191691191,40.5655913644426,0
2026-01-01 13:18:40,2.8513018758243662,21.65743217081545,39.51971047054803,0
2026-01-01 13:18:50,3.0765492629896443,21.88630477778254,40.80977927256143,0
2026-01-01 13:19:00,2.8976893105104264,21.557184046080437,40.23338249303881,0
2026-01-01 13:19:10,3.519507991146472,22.47666790969604,42.190624837456355,0
2026-01-01 13:19:20,3.096741137915367,22.694649042497048,42.65386450464238,0
2026-01-01 13:19:30,3.3965071821445294,23.058617277163965,42.55514777016087,0
2026-01-01 13:19:40,4.4476006736545335,22.346829179330978,44.70244770100808,0
2026-01-01 13:19:50,3.9211683806947852,22.714854485667985,43.47304485643501,0
2026-01-01 13:20:00,4.22216251493416,23.711240000869513,46.38863095479884,0
2026-01-01 13:20:10,4.6177119510742015,23.310385393788653,46.46349802559945,0
2026-01-01 13:20:20,4.578256991424174,23.603619093721303,45.788089406522516,0
2026-01-01 13:20:30,4.524698134777721,24.011127702580936,45.937008784372544,0
2026-01-01 13:20:40,4.627734518689845,24.343735738334832,47.962063881592975,0
2026-01-01 13:20:50,4.962480599981678,24.81029539118079,47.73956941350489,0
2026-01-01 13:21:00,5.10611175764156,24.79814669470371,48.53424108172334,0
2026-01-01 13:21:10,5.350292879138562,24.04386845881428,49.35004071807131,0
2026-01-01 13:21:20,5.134560812505748,24.633714828700338,48.664677461244494,0
2026-01-01 13:21:30,5.458150035959901,25.035343842110322,50.18017405112118,0
2026-01-01 13:21:40,5.966188374184759,25.466716344240407,49.43225890451534,0
2026-01-01 13:21:50,6.016658927509361,25.69547657397503,51.671433483747045,0
2026-01-01 13:22:00,6.154489471285325,25.85709303761912,53.431266264302245,0
2026-01-01 13:22:10,6.018357335840786,25.926704888408107,54.841669431391054,0
2026-01-01 13:22:20,6.7833322616595915,26.45528107833273,54.53682468395568,0
2026-01-01 13:22:30,6.997593616347084,26.975354400481997,54.53758667861981,0
2026-01-01 13:22:40,6.63944684467567,26.518912304712654,58.43002884710539,0
2026-01-01 13:22:50,6.686128731454961,26.658838258141177,54.587308847507366,0
2026-01-01 13:23:00,7.191619439242144,26.63919269133154,56.557915643833056,1
2026-01-01 13:23:10,6.943314301329582,27.385286199525396,58.55567858980131,1
2026-01-01 13:23:20,7.423211275587308,27.35946099787729,57.83659276926869,1
2026-01-01 13:23:30,7.702848801711672,27.588549123910074,59.43478361909737,1
2026-01-01 13:23:40,8.079941160023521,27.555778633252345,59.02400484055903,1
2026-01-01 13:23:50,3.2704858346774235,22.312556600472938,39.81449178097287,0
2026-01-01 13:24:00,2.783309943613922,21.768539578351817,38.859711517388654,0
2026-01-01 13:24:10,2.7399224281966696,21.681800238159944,40.492460763432,0
2026-01-01 13:24:20,2.5634133072296352,22.348071269898707,39.220262166739694,0
2026-01-01 13:24:30,3.056532024126227,22.231228239123205,37.53985356713755,0
2026-01-01 13:24:40,2.4071351806829067,21.91955688188423,40.61842089721525,0
2026-01-01 13:24:50,2.8151699540282147,22.354095322296075,41.40644462077072,0
2026-01-01 13:25:00,3.254856596098237,21.653306931735873,40.23077149032496,0
2026-01-01 13:25:10,2.843378428650492,22.204283948383587,40.56702347164033,0
2026-01-01 13:25:20,2.691588402272141,22.02750002270543,37.266198484470095,0
2026-01-01 13:25:30,2.6736199624112778,22.330180860312463,40.43078991680919,0
2026-01-01 13:25:40,2.8366281204528625,22.197234560819176,39.131220788279606,0
2026-01-01 13:25:50,3.246852621964907,22.379649435618475,41.043489316448664,0
2026-01-01 13:26:00,3.37228967962156,22.127929225045627,42.308270935704016,0
2026-01-01 13:26:10,3.273378684911347,21.656922132826967,39.62234458710268,0
2026-01-01 13:26:20,3.083515708596265,22.444930729756106,40.682567641363335,0
2026-01-01 13:26:30,3.546717849765419,21.890164701779582,41.96124196184761,0
2026-01-01 13:26:40,3.0214992419252553,22.2786526004871,40.955999561908286,0
2026-01-01 13:26:50,3.0508621230654858,21.307377204013175,40.925219618107896,0
2026-01-01 13:27:00,2.742424132311004,22.678206327699943,36.92924967225479,0
2026-01-01 13:27:10,3.436622844651609,22.52617538474287,39.89326595230641,0
2026-01-01 13:27:20,3.166276342807956,22.323621715635113,39.50675376011914,0
2026-01-01 13:27:30,3.310439739157871,21.997367818674793,41.84553658394275,0
2026-01-01 13:27:40,3.250790977281683,22.398007031846355,40.6911832723921,0
2026-01-01 13:27:50,2.8819822686132794,21.97768550923719,42.19015885937171,0
2026-01-01 13:28:00,2.5381122917382117,21.52212661279338,40.065465455319384,0
2026-01-01 13:28:10,3.041947581397816,21.63894854983751,40.45957420111369,0
2026-01-01 13:28:20,2.852203544035979,22.673588812027734,38.29549566526602,0
2026-01-01 13:28:30,3.17611272722035,22.41844524233903,42.83216631821878,0
2026-01-01 13:28:40,3.014131409327794,22.96924245224542,39.40145810267512,0
2026-01-01 13:28:50,3.120129598156884,21.881807706189356,41.363142220171646,0
2026-01-01 13:29:00,3.6182479691707976,21.78839013974449,39.72139485487225,0
2026-01-01 13:29:10,2.6661707765036837,21.846551227198592,40.38700149650424,0
2026-01-01 13:29:20,2.8526210917016033,22.119808167766465,38.40393110913164,0
2026-01-01 13:29:30,2.9464253191457326,22.360560836064554,37.35441418526951,0
2026-01-01 13:29:40,3.0391626877285076,22.085945883785545,39.41629735603515,0
2026-01-01 13:29:50,3.5988456959264776,21.775923527730278,40.07999194877416,0
2026-01-01 13:30:00,3.330952181638092,21.98719247820517,40.435999739669576,0
2026-01-01 13:30:10,3.0985604261741844,22.208985646956037,39.47217673878932,0
2026-01-01 13:30:20,2.318357503328818,21.36440415900889,39.09240446391704,0
2026-01-01 13:30:30,2.831520397086939,20.583615541461374,42.16986468025268,0
2026-01-01 13:30:40,2.2119945732004167,21.934817475677665,40.094775503211636,0
2026-01-01 13:30:50,3.0725744952964495,22.020621272884473,39.0802167784189,0
2026-01-01 13:31:00,2.6875706190406374,21.675012067083067,41.076897078734,0
2026-01-01 13:31:10,3.6042341170079233,22.5835533149265,40.19934997978813,0
2026-01-01 13:31:20,3.0566011342529995,22.37561166299966,40.931496348809105,0
2026-01-01 13:31:30,3.8229338617391235,22.069411210453797,40.79471509852546,0
2026-01-01 13:31:40,3.464675386025461,22.594463694807413,37.07488311021343,0
2026-01-01 13:31:50,2.9989927139880055,21.842042408242495,40.02009269458101,0
2026-01-01 13:32:00,3.2111387651252454,21.852854682521407,38.48619527134392,0
2026-01-01 13:32:10,3.6656230072592546,22.1737069076575,40.38424452947924,0
2026-01-01 13:32:20,3.163141996166435,21.640152536981685,39.07871437281176,0
2026-01-01 13:32:30,2.504119631288112,22.167456926972122,40.81476278464907,0
2026-01-01 13:32:40,3.0659610427121837,21.954811809620374,40.2908822153259,0
2026-01-01 13:32:50,3.018958081155068,22.184011234046636,40.70786562276121,0
2026-01-01 13:33:00,3.3691453069075057,21.464667749271815,42.299175827152155,0
2026-01-01 13:33:10,3.1094135319625456,22.486171925474423,40.59468956956141,0
2026-01-01 13:33:20,2.8869673590786435,21.410019728115866,38.5033655813396,0
2026-01-01 13:33:30,3.170106549870968,22.513717497224118,39.309745047185615,0
2026-01-01 13:33:40,3.356785036031893,22.533375666413185,40.18716786951612,0
2026-01-01 13:33:50,3.077358485188488,22.112732600626604,40.97708006828026,0
2026-01-01 13:34:00,3.1139500365111257,22.226922250116903,42.53246771717932,0
2026-01-01 13:34:10,2.818211104815747,21.679328385332887,37.31762877117367,0
2026-01-01 13:34:20,3.147884943140091,21.869831491450867,41.96348411459367,0
2026-01-01 13:34:30,2.5467226314549016,21.757713233340564,40.80726091979126,0
2026-01-01 13:34:40,2.3759152148272644,21.681929995034466,41.57076498250449,0
2026-01-01 13:34:50,2.983174282116398,21.73375776883635,41.03274769836868,0
2026-01-01 13:35:00,2.7103274981370484,21.95714911313173,39.00255023302,0
2026-01-01 13:35:10,2.537153355288836,22.08513304285014,39.14555079468627,0
2026-01-01 13:35:20,3.365982959769849,22.288142999357405,40.49891913842496,0
2026-01-01 13:35:30,2.631316528058432,22.61023646111561,42.2770394373557,0
2026-01-01 13:35:40,3.3721150303816265,21.587200843453903,39.51037356077786,0
2026-01-01 13:35:50,3.128805214098381,22.113208647779356,40.461801381215864,0
2026-01-01 13:36:00,2.975266212255254,22.274856122401193,38.31119375928231,0
2026-01-01 13:36:10,3.4822213649470286,22.636489279907295,39.32831557245475,0
2026-01-01 13:36:20,3.175935939100083,22.300436217201455,40.06207864346067,0
2026-01-01 13:36:30,2.954286750818647,22.52711067909037,39.73072482065269,0
2026-01-01 13:36:40,3.10324011144842,22.249439810820807,42.37557631845931,0
2026-01-01 13:36:50,3.0986300554323174,21.39214632539295,39.46204166381781,0
2026-01-01 13:37:00,3.6066637688916257,22.210619111661472,38.58459742612101,0
2026-01-01 13:37:10,2.648649699659629,21.899685973585417,42.84325362908875,0
2026-01-01 13:37:20,3.426778559336993,22.194757924464785,40.17789163458531,0
2026-01-01 13:37:30,2.947362469487471,21.512740635172293,41.7916972079915,0
2026-01-01 13:37:40,3.0531891639441926,21.999571546585035,37.72019794393674,0
2026-01-01 13:37:50,2.983381942355299,22.230054041460452,41.21695825854664,0
2026-01-01 13:38:00,3.2726667109107863,21.711423700067918,40.553372693243794,0
2026-01-01 13:38:10,3.0189321364476074,22.00723998572956,37.82437263815184,0
2026-01-01 13:38:20,2.52174519608238,22.012107468443446,38.179431701540125,0
2026-01-01 13:38:30,3.2590816520658863,22.8976234047747,40.109623196391176,0
2026-01-01 13:38:40,2.8843797070509125,22.066817241667657,40.42792292675124,0
2026-01-01 13:38:50,3.096606143896564,21.927325408709812,40.82724779499364,0
2026-01-01 13:39:00,2.8233922425924023,22.15828461296678,38.90807519878853,0
2026-01-01 13:39:10,2.89352359389023,21.425303104696674,40.388018628224856,0
2026-01-01 13:39:20,2.7734898012268503,22.758641627429572,39.93310199200717,0
2026-01-01 13:39:30,2.7882044503503267,22.17798851724775,41.018879778550314,0
2026-01-01 13:39:40,2.80256735718517,21.59300357484477,39.829604608547875,0
2026-01-01 13:39:50,2.6967009119771976,22.679624300958785,40.15396765446066,0
2026-01-01 13:40:00,2.8782790495103243,22.199765843175626,40.73878516930954,0
2026-01-01 13:40:10,3.098345614744795,22.080475623760176,39.901654110955384,0
2026-01-01 13:40:20,3.1506005667199677,21.31725497512278,39.59824085114753,0
2026-01-01 13:40:30,2.2339106953054206,22.3764647462987,38.21742719176592,0
2026-01-01 13:40:40,2.8338195948473275,22.2917479180519,41.33143444507059,0
2026-01-01 13:40:50,2.9518005454875835,21.817559596875448,39.39066350593976,0
2026-01-01 13:41:00,3.1101140378789904,22.11192474172094,40.66756404984128,0
2026-01-01 13:41:10,3.083676929150233,21.934339366076713,41.02188434743127,0
2026-01-01 13:41:20,3.060535532211286,21.84090388630179,39.123251176567074,0
2026-01-01 13:41:30,3.4014748892286226,21.531231626913254,39.22828285387351,0
2026-01-01 13:41:40,3.078473245219622,21.4041561550596,38.77596539208069,0
2026-01-01 13:41:50,2.7452581060461023,22.555035872077614,37.35366616204794,0
2026-01-01 13:42:00,2.393401943175581,22.217729081906295,41.28799515861636,0
2026-01-01 13:42:10,3.1628955607173315,21.90053772657389,39.24098456619465,0
2026-01-01 13:42:20,2.637010491399847,21.95408447134618,37.7457974330424,0
2026-01-01 13:42:30,2.9399596337315588,22.020601087989327,39.333337990996604,0
2026-01-01 13:42:40,2.796174131717133,22.116232139149815,41.622371092547176,0
2026-01-01 13:42:50,3.4768340808314124,22.37940563214138,39.70321307220855,0
2026-01-01 13:43:00,2.504893648753641,21.607163037279914,40.19553580398566,0
2026-01-01 13:43:10,3.025466472458,22.421494127059574,41.24119720187427,0
2026-01-01 13:43:20,3.1015783299347586,22.0774621266526,40.08360965998955,0
2026-01-01 13:43:30,3.1329526179448726,22.00736067602523,39.73125400949626,0
2026-01-01 13:43:40,2.8420231276767067,21.553497924930088,41.42549593494249,0
2026-01-01 13:43:50,3.2971489278013593,22.688011754268626,40.95379443591141,0
2026-01-01 13:44:00,3.499770087039067,22.87885867190484,43.55533823947508,0
2026-01-01 13:44:10,3.603430816151543,22.499975777223902,43.87967480960883,0
2026-01-01 13:44:20,3.7759161600689093,22.854428262488558,42.933539978845765,0
2026-01-01 13:44:30,3.856273213989438,23.432123625144616,42.66177062952223,0
2026-01-01 13:44:40,4.187076898129237,23.474912641922224,44.068121349830626,0
2026-01-01 13:44:50,4.65075982362421,23.8695002739832,44.878804360942596,0
2026-01-01 13:45:00,4.4787707210353345,24.068287158413945,46.08002708834755,0
2026-01-01 13:45:10,4.946982294466555,24.16986290974476,46.919549943796746,0
2026-01-01 13:45:20,4.882188659127438,25.14466899351406,46.31487030340841,0
2026-01-01 13:45:30,4.781112790186319,24.327567081875095,49.4046883313273,0
2026-01-01 13:45:40,4.673889327729805,24.02883313976244,48.26693868425175,0
2026-01-01 13:45:50,5.757365274908069,24.80763220462251,48.17091436940428,0
2026-01-01 13:46:00,5.664409688074415,25.498578931104184,49.361310159356194,0
2026-01-01 13:46:10,5.75754777853095,25.24702721555389,51.23893203956832,0
2026-01-01 13:46:20,5.741541866574477,25.588589300533645,52.1718013854249,0
2026-01-01 13:46:30,6.142859876820154,25.113297807751454,50.56613634738486,0
2026-01-01 13:46:40,6.028820152239599,25.880246222620155,53.22586627010754,0
2026-01-01 13:46:50,6.122515957367493,26.097271190379903,54.27906244598356,0
2026-01-01 13:47:00,6.633600174788285,26.06205053138061,53.631579207138024,0
2026-01-01 13:47:10,6.407153040758561,26.922097188725136,55.14069619482597,0
2026-01-01 13:47:20,6.510886573511347,26.967993839515735,55.99188188706378,0
2026-01-01 13:47:30,7.2388589140440125,26.632418341348526,55.5809744151597,0
2026-01-01 13:47:40,7.004137255488857,27.635154461996933,56.16567606985673,1
2026-01-01 13:47:50,7.142290971393395,27.005914083764594,57.00817409935746,1
2026-01-01 13:48:00,7.811190744813362,27.48305174443907,59.23355069736907,1
2026-01-01 13:48:10,7.72372746776433,27.545929288495053,57.624154129535086,1
2026-01-01 13:48:20,8.152139027946786,28.097288483717797,60.41528151104658,1
2026-01-01 13:48:30,3.2775492878653836,22.112229986383447,39.1256057566011,0
2026-01-01 13:48:40,3.046977451615937,22.789994729416367,40.79946604884771,0
2026-01-01 13:48:50,3.396597600960821,22.376892007027134,41.536527684789945,0
2026-01-01 13:49:00,3.1039392683643046,21.66154683658036,41.51644177879174,0
2026-01-01 13:49:10,2.7619615591106528,21.540278169043937,41.54712385965101,0
2026-01-01 13:49:20,2.7458859542494163,22.116836167193945,40.868448389626394,0
2026-01-01 13:49:30,3.065006274441598,22.27654255243221,39.114457462292,0
2026-01-01 13:49:40,3.0416474271424017,22.077350084227145,39.76372901831487,0
2026-01-01 13:49:50,2.7831861394842647,21.827834116525086,42.05228353562287,0
2026-01-01 13:50:00,3.096879664451503,22.02781913468114,39.831069923906306,0
2026-01-01 13:50:10,3.204576900965218,21.92460525609647,39.38308011350419,0
2026-01-01 13:50:20,2.6305595488713944,21.902365744576578,43.17301482874328,0
2026-01-01 13:50:30,2.985247864718834,21.796261961467717,40.2921610084421,0
2026-01-01 13:50:40,3.047996495367561,22.23830879864428,39.563471024135424,0
2026-01-01 13:50:50,3.068186664853639,22.338418003555763,37.387762515078855,0
2026-01-01 13:51:00,2.5909969177784027,22.564668825542135,40.53403375537942,0
2026-01-01 13:51:10,3.287822999057128,22.37150701403031,39.342882027844695,0
2026-01-01 13:51:20,3.6345155046426605,22.203346017653402,38.026499510618656,0
2026-01-01 13:51:30,2.7084305068678463,21.720453527823203,38.61489929121238,0
2026-01-01 13:51:40,2.6779737173163247,21.53055836013353,40.141173120248844,0
2026-01-01 13:51:50,3.145323264360664,22.183068644477434,41.74773568584178,0
2026-01-01 13:52:00,3.28403086380208,21.067690887189713,42.36352284583794,0
2026-01-01 13:52:10,3.210661294176784,21.75325786675857,41.27008350815627,0
2026-01-01 13:52:20,3.236144714968961,22.360830497772707,39.022680134535676,0
2026-01-01 13:52:30,3.233962358529238,22.48412953997662,39.43941869426435,0
2026-01-01 13:52:40,2.9092190929713233,21.68328554561369,40.589431094760165,0
2026-01-01 13:52:50,3.1679335484359874,21.460786299381986,40.14884443507161,0
2026-01-01 13:53:00,3.5193295080318063,22.047157629105335,39.57965772685186,0
2026-01-01 13:53:10,2.832384523843804,22.270755281792287,39.83602561414594,0
